# Blender 4.1.1
# www.blender.org
mtllib Quake.mtl
o Cube
v 1.000000 1.000000 -1.000000
v 1.000000 -1.000000 -1.000000
v 1.000000 1.000000 1.000000
v 1.000000 -1.000000 1.000000
v -1.000000 1.000000 -1.000000
v -1.000000 -1.000000 -1.000000
v -1.000000 1.000000 1.000000
v -1.000000 -1.000000 1.000000
s 0
usemtl Material
f 5 3 1
f 3 8 4
f 7 6 8
f 2 8 6
f 1 4 2
f 5 2 6
f 5 7 3
f 3 7 8
f 7 5 6
f 2 4 8
f 1 3 4
f 5 1 2
o bsp_model_1
v 6.500000 -0.000001 -17.000000
v 6.500000 -0.000001 -16.000000
v 8.000000 -0.000001 -16.000000
v 8.000000 -0.000001 -17.000000
v 6.500000 3.999999 -19.250000
v 8.000000 3.999999 -19.250000
v 8.000000 3.999999 -16.000000
v 6.500000 3.999999 -16.000000
v 6.500000 2.499999 -18.375000
v 6.500000 2.499999 -17.455357
v 8.000000 2.499999 -17.455357
v 8.000000 2.499999 -18.375000
v 8.000000 2.499999 -16.000000
v 6.500000 2.499999 -16.000000
v 6.500000 1.499999 -16.812500
v 6.500000 1.499999 -17.875000
v 8.000000 1.499999 -17.875000
v 8.000000 1.499999 -16.812500
v 6.500000 1.499999 -16.000000
v 8.000000 1.499999 -16.000000
v 12.750000 4.000000 2.000000
v 12.750000 6.000000 2.000000
v 12.000000 6.000000 2.000000
v 12.000000 0.375000 2.000000
v 12.296875 0.375000 2.000000
v 12.750000 0.375000 2.000000
v 13.000000 5.000000 2.000000
v 13.000000 6.000000 2.000000
v 13.000000 4.250000 2.000000
v 13.750000 5.000000 2.000000
v 16.250000 5.000000 2.000000
v 17.250000 5.000000 2.000000
v 17.250000 6.000000 2.000000
v 18.000000 6.000000 2.000000
v 17.250000 4.000000 2.000000
v 17.250000 0.375000 2.000000
v 18.000000 0.375000 2.000000
v 5.250000 -0.500007 -95.750000
v 4.750000 -0.500007 -95.750000
v 4.500000 -0.500007 -95.750000
v 4.500000 -0.250007 -95.750000
v 4.500000 0.249993 -95.750000
v 4.500000 0.499993 -95.750000
v 5.500000 0.499993 -95.750000
v 5.500000 0.249993 -95.750000
v 5.500000 -0.250007 -95.750000
v 5.500000 -0.500007 -95.750000
v 41.000000 4.499995 -62.500000
v 42.000000 3.999995 -61.500000
v 44.000000 2.999995 -59.500000
v 44.000000 2.999995 -63.000000
v 42.000000 3.999995 -63.000000
v 40.500000 4.749995 -63.000000
v 44.000000 2.999995 -64.000000
v 43.500000 3.249995 -64.000000
v 43.000000 3.499995 -64.000000
v 42.000000 3.999995 -64.000000
v 43.000000 3.499995 -66.000000
v 42.000000 3.999995 -66.000000
v 44.000000 2.999995 -70.000000
v 43.500000 3.249995 -70.000000
v 43.000000 3.499995 -70.000000
v 42.000000 3.999995 -70.000000
v 43.500000 3.249995 -66.000000
v 44.000000 2.999995 -66.000000
v 43.000000 3.499995 -72.000000
v 42.000000 3.999995 -72.000000
v 42.000000 3.999995 -73.000000
v 43.500000 3.249995 -72.000000
v 44.000000 2.999995 -72.000000
v 44.000000 2.999994 -76.000000
v 43.500000 3.249994 -76.000000
v 43.000000 3.499994 -76.000000
v 42.000000 3.999994 -76.000000
v 43.000000 3.499994 -78.000000
v 42.000000 3.999994 -78.000000
v 42.000000 3.999994 -80.000000
v 41.500000 4.249994 -79.500000
v 41.000000 4.499994 -79.000000
v 40.500000 4.749994 -78.500000
v 40.500000 4.749994 -77.000000
v 40.500000 4.749994 -73.000000
v 40.500000 4.749995 -70.000000
v 40.500000 4.749995 -66.000000
v 44.000000 2.999994 -82.000000
v 43.500000 3.249994 -78.000000
v 44.000000 2.999994 -78.000000
v 47.000000 -5.000002 -29.500000
v 47.000000 -5.000002 -31.000000
v 47.000000 -5.000002 -33.500000
v 47.000000 -4.000002 -33.500000
v 47.000000 -4.000002 -29.500000
v 47.000000 -4.000002 -26.500000
v 47.000000 -4.500002 -26.500000
v 47.000000 -5.000002 -26.500000
v 47.000000 -5.500002 -31.000000
v 47.000000 -6.750002 -31.000000
v 47.000000 -6.750002 -31.500000
v 47.000000 -6.750002 -33.500000
v 47.000000 -7.500002 -31.000000
v 47.000000 -8.750002 -31.000000
v 47.000000 -8.750002 -31.500000
v 47.000000 -11.000003 -33.500000
v 47.000000 -8.750003 -33.500000
v 47.000000 -8.750003 -32.000000
v 47.000000 -9.000002 -31.000000
v 47.000000 -14.250002 -30.999998
v 47.000000 -14.250003 -33.500000
v 47.000000 -18.500002 -28.749998
v 47.000000 -18.500002 -33.500000
v 47.000000 -14.250002 -28.749998
v 47.000000 -14.250002 -26.499998
v 47.000000 -18.500002 -26.499998
v 47.000000 -9.000002 -29.500000
v 47.000000 -7.500002 -30.500000
v 47.000000 -7.500002 -29.500000
v 47.000000 -5.500002 -30.500000
v 47.000000 -6.500002 -30.500000
v 47.000000 -5.500002 -29.500000
v 47.000000 -9.000002 -26.500000
v 47.000000 -6.500002 -29.500000
v 47.000000 -12.000002 -26.500000
v -18.500000 -0.000006 -82.000000
v -18.500000 0.999994 -82.000000
v -18.500000 4.999994 -82.000000
v -18.500000 4.999994 -82.500000
v -18.500000 -2.000006 -82.500000
v -18.500000 -2.000006 -82.000000
v -18.500000 -3.000006 -82.500000
v -18.500000 -4.000006 -82.500000
v -18.500000 -4.000006 -82.000000
v -18.500000 4.999993 -88.000000
v -18.500000 4.499993 -88.000000
v -18.500000 1.999993 -88.000000
v -18.500000 -2.000007 -88.000000
v -18.500000 -2.000006 -83.500000
v -18.500000 0.999994 -79.000000
v -18.500000 0.999994 -75.000000
v -18.500000 0.999994 -73.500000
v -18.500000 0.999995 -72.000000
v -18.500000 4.999995 -72.000000
v -18.500000 4.999994 -73.500000
v -18.500000 4.999994 -74.000000
v -18.500000 4.999994 -79.000000
v -18.500000 4.999994 -81.000000
v -18.500000 -3.000006 -83.500000
v -18.500000 -4.000007 -87.250000
v -18.500000 -4.000006 -84.000000
v -18.500000 -4.000006 -83.500000
v -18.500000 -4.000007 -88.000000
v 46.000000 -2.750001 -14.000000
v 46.000000 -0.000001 -14.000000
v 44.000000 -0.000001 -12.000000
v 44.000000 -2.750001 -12.000000
v 44.000000 -7.000001 -11.999999
v 46.000000 -7.000001 -13.999999
v 44.000000 -8.750001 -11.999999
v 46.000000 -8.750001 -13.999999
v 25.500000 8.499999 -17.000000
v 23.500000 8.499999 -17.000000
v 23.500000 8.499999 -15.000001
v 25.500000 8.499999 -15.000001
v 26.000000 8.499999 -15.500001
v 26.000000 8.499999 -16.500000
v 39.750000 -18.500002 -23.999998
v 37.500000 -18.500002 -23.999998
v 35.000000 -18.500002 -26.499998
v 36.750000 -18.500002 -26.499998
v 37.250000 -18.500002 -26.499998
v 37.750000 -18.500002 -26.499998
v 39.750000 -18.500002 -26.499998
v 36.750000 -18.500002 -26.999998
v 38.250000 -18.500002 -27.499998
v 38.500000 -18.500002 -27.249998
v 38.250000 -18.500002 -26.999998
v 36.750000 -18.500002 -28.249998
v 36.750000 -18.500002 -28.999998
v 37.500000 -18.500002 -28.249998
v 37.250000 -18.500002 -27.999998
v 36.750000 -18.500002 -27.499998
v 37.750000 -18.500002 -27.999998
v 36.750000 -18.500002 -30.999998
v 38.250000 -18.500002 -30.999998
v 39.750000 -18.500002 -30.999998
v 39.750000 -18.500002 -28.999998
v 39.750000 -18.500002 -28.499998
v 44.500000 -18.500002 -23.999998
v 43.750000 -18.500002 -23.999998
v 43.750000 -18.500002 -25.999998
v 44.500000 -18.500002 -25.999998
v 46.500000 -18.500002 -25.999998
v 43.750000 -18.500002 -26.999998
v 44.250000 -18.500002 -26.499998
v 44.500000 -18.500002 -26.249998
v 44.750000 -18.500002 -26.499998
v 45.500000 -18.500002 -27.249998
v 45.250000 -18.500002 -26.999998
v 45.250000 -18.500002 -27.499998
v 44.500000 -18.500002 -28.249998
v 44.750000 -18.500002 -27.999998
v 44.250000 -18.500002 -27.999998
v 36.750000 -18.500002 -35.250000
v 36.750000 -18.500002 -34.000000
v 36.750000 -18.500002 -33.000000
v 36.750000 -18.500002 -32.500000
v 35.000000 -18.500002 -28.249998
v 35.000000 -18.500002 -33.500000
v 37.500000 -18.500002 -31.749998
v 37.750000 -18.500002 -31.999998
v 38.250000 -18.500002 -32.500000
v 38.250000 -18.500002 -33.000000
v 39.750000 -18.500002 -33.000000
v 37.250000 -18.500002 -31.999998
v 37.750000 -18.500002 -33.500000
v 39.750000 -18.500002 -33.500000
v 37.250000 -18.500002 -33.500000
v 37.500000 -18.500002 -36.000000
v 38.000000 -18.500002 -36.000000
v 39.750000 -18.500002 -36.000000
v 43.750000 -18.500002 -36.000000
v 43.750000 -18.500002 -34.000000
v 43.750000 -18.500002 -33.000000
v 43.750000 -18.500002 -32.500000
v 43.750000 -18.500002 -28.999998
v 43.750000 -18.500002 -27.499998
v 44.750000 -18.500002 -31.999998
v 44.500000 -18.500002 -31.749998
v 44.250000 -18.500002 -31.999998
v 45.250000 -18.500002 -33.000000
v 45.500000 -18.500002 -32.750000
v 45.250000 -18.500002 -32.500000
v 44.750000 -18.500002 -33.500000
v 44.500000 -18.500002 -33.750000
v 44.500000 -18.500002 -34.000000
v 46.500000 -18.500002 -34.000000
v 46.625000 -18.500002 -33.875000
v 44.250000 -18.500002 -33.500000
v 44.000000 -18.500002 -36.000000
v 44.500000 -18.500002 -36.000000
v 38.000000 -18.500004 -46.000000
v 38.000000 -18.500004 -52.000000
v 41.000000 -18.500004 -52.000000
v 44.000000 -18.500004 -52.000000
v 44.000000 -18.500004 -50.000000
v 44.000000 -18.500004 -45.000000
v 38.000000 -18.500004 -45.000000
v 44.000000 -18.500004 -43.000000
v 44.000000 -18.500004 -38.000000
v 38.000000 -18.500004 -38.000000
v 38.000000 -18.500004 -43.000000
v 34.000000 -18.500004 -58.000000
v 38.000000 -18.500004 -58.000000
v 41.000000 -18.500004 -58.000000
v 36.000000 -18.500004 -52.000000
v 34.000000 -18.500004 -52.000000
v 42.000000 -18.500004 -58.000000
v 43.000000 -18.500004 -58.000000
v 44.000000 -18.500004 -57.000000
v 44.000000 -18.500004 -56.000000
v 44.000000 -18.500004 -52.250000
v 12.000000 0.999999 -12.000000
v 12.000000 0.499999 -12.000000
v 10.000000 0.499999 -12.000000
v 10.000000 0.999999 -12.000000
v 10.000000 4.999999 -12.000000
v 10.000000 3.999999 -12.000000
v 11.000000 4.999999 -12.000000
v 19.000000 3.999999 -12.000000
v 19.000000 4.999999 -12.000000
v 18.000000 4.999999 -12.000000
v 17.000000 6.499999 -12.000001
v 10.000000 6.499999 -12.000001
v 17.000000 4.999999 -12.000000
v 19.000000 5.999999 -12.000000
v 19.000000 6.499999 -12.000001
v 19.500000 5.999999 -12.000000
v 38.000000 -2.750001 -12.000000
v 38.000000 -7.000001 -11.999999
v 38.000000 -8.750001 -11.999999
v 39.000000 -8.750001 -11.999999
v 39.000000 -2.750001 -12.000000
v 43.000000 -8.750001 -11.999999
v 43.000000 -2.750001 -12.000000
v 40.500000 -2.750001 -12.000000
v 40.500000 -0.500001 -12.000000
v 40.500000 -0.000001 -12.000000
v 38.000000 -0.000001 -12.000000
v 41.500000 -2.750001 -12.000000
v 41.500000 -0.500001 -12.000000
v 41.500000 -0.000001 -12.000000
v -6.000000 4.499999 -16.250000
v -6.000000 -2.500001 -16.250000
v -5.000000 -2.500001 -15.500000
v -5.000000 4.499999 -15.500000
v -6.000000 -7.750001 -16.250000
v -5.000000 -7.750001 -15.499999
v -5.000000 -7.500001 -15.499999
v -14.000000 4.499996 -51.000000
v -14.516949 4.499996 -53.584747
v -14.516949 -2.500004 -53.584747
v -14.000000 -2.500004 -51.000000
v -14.516949 -7.000004 -53.584747
v -14.326087 -7.000004 -52.630436
v -14.000000 -7.000004 -51.000000
v 5.500000 0.249993 -94.500000
v 5.500000 0.499993 -94.500000
v 5.250000 0.499993 -94.500000
v 4.500000 -0.250007 -94.500000
v 4.500000 -0.500007 -94.500000
v 4.750000 -0.500007 -94.500000
v 5.250000 -0.500007 -94.500000
v 5.500000 -0.500007 -94.500000
v 5.500000 -0.250007 -94.500000
v 4.500000 0.499993 -94.500000
v 4.500000 0.249993 -94.500000
v 4.750000 0.499993 -94.500000
v 36.750000 -14.250002 -30.999998
v 36.750000 -14.250002 -28.999998
v 36.750000 -14.250002 -27.499998
v 36.750000 -14.250002 -26.999998
v 36.750000 -14.250002 -26.499998
v 35.000000 -14.250002 -26.499998
v 35.000000 -14.250002 -30.999998
v 37.250000 -14.250002 -26.499998
v 39.250000 -14.250002 -26.499998
v 39.250000 -14.250002 -26.999998
v 39.250000 -14.250002 -27.999998
v 38.500000 -14.250002 -27.249998
v 38.250000 -14.250002 -26.999998
v 37.750000 -14.250002 -26.499998
v 38.250000 -14.250002 -27.499998
v 39.750000 -14.250002 -26.499998
v 37.250000 -14.250002 -27.999998
v 37.500000 -14.250002 -28.249998
v 37.750000 -14.250002 -27.999998
v 38.250000 -14.250002 -30.999998
v 39.250000 -14.250002 -30.999998
v 39.250000 -14.250002 -29.499998
v 39.750000 -14.250002 -29.999998
v 39.750000 -14.250002 -30.999998
v 43.750000 -14.250002 -23.999998
v 43.750000 -14.250002 -26.499998
v 42.250000 -14.250002 -26.499998
v 37.500000 -14.250002 -23.999998
v 43.750000 -14.250002 -26.999998
v 42.750000 -14.250002 -26.999998
v 42.750000 -14.250002 -29.499998
v 43.750000 -14.250002 -29.499998
v 43.750000 -14.250002 -27.999998
v 43.750000 -14.250002 -27.499998
v 43.750000 -14.250002 -29.999998
v 42.250000 -14.250002 -29.999998
v 44.500000 -14.250002 -23.999998
v 44.500000 -14.250002 -26.249998
v 44.250000 -14.250002 -26.499998
v 45.500000 -14.250002 -27.249998
v 45.250000 -14.250002 -26.999998
v 45.250000 -14.250002 -27.499998
v 44.750000 -14.250002 -26.499998
v 44.250000 -14.250002 -27.999998
v 46.250000 -14.250002 -27.999998
v 44.750000 -14.250002 -27.999998
v 46.000000 -14.250002 -25.499998
v 43.750000 -14.250002 -30.999998
v 45.250000 -14.250002 -30.999998
v 37.250000 -14.250003 -34.000000
v 36.750000 -14.250003 -34.000000
v 37.250000 -14.250003 -33.500000
v 37.750000 -14.250003 -33.500000
v 37.250000 -14.250003 -31.999998
v 37.500000 -14.250003 -31.749998
v 37.750000 -14.250003 -31.999998
v 36.750000 -14.250003 -32.500000
v 36.500000 -14.250003 -32.750000
v 35.375000 -14.250003 -33.875000
v 35.000000 -14.250003 -33.500000
v 35.500000 -14.250003 -34.000000
v 36.750000 -14.250003 -33.000000
v 38.250000 -14.250003 -33.000000
v 38.750000 -14.250003 -33.000000
v 38.250000 -14.250003 -32.500000
v 39.750000 -14.250003 -33.000000
v 39.750000 -14.250003 -34.000000
v 43.750000 -14.250003 -34.000000
v 43.750000 -14.250003 -33.000000
v 43.750000 -14.250003 -32.500000
v 44.500000 -14.250003 -34.000000
v 46.500000 -14.250003 -34.000000
v 46.000000 -14.250003 -34.500000
v 44.500000 -14.250003 -36.000000
v 44.000000 -14.250003 -36.000000
v 38.000000 -14.250003 -36.000000
v 37.500000 -14.250003 -36.000000
v 44.500000 -14.250003 -31.749998
v 44.750000 -14.250003 -31.999998
v 44.250000 -14.250003 -31.999998
v 46.625000 -14.250003 -33.875000
v 44.500000 -14.250003 -33.750000
v 44.750000 -14.250003 -33.500000
v 45.250000 -14.250003 -33.000000
v 45.500000 -14.250003 -32.750000
v 45.250000 -14.250003 -32.500000
v 44.250000 -14.250003 -33.500000
v 27.750000 -14.250004 -54.750000
v 29.000000 -14.250004 -54.750000
v 29.000000 -14.250004 -54.500000
v 29.000000 -14.250004 -52.000000
v 28.000000 -14.250004 -52.000000
v 24.000000 -14.250004 -52.000000
v 23.000000 -14.250004 -52.000000
v 23.000000 -14.250004 -54.500000
v 23.000000 -14.250004 -54.750000
v 20.500000 -14.250005 -64.000000
v 20.500000 -14.250005 -59.500000
v 21.000000 -14.250005 -59.500000
v 21.000000 -14.250005 -64.000000
v 21.000000 -14.250005 -66.000000
v 20.500000 -14.250005 -66.000000
v 20.500000 -14.250005 -68.000000
v 21.000000 -14.250005 -68.000000
v 23.000000 -14.250005 -68.000000
v 23.000000 -14.250005 -66.000000
v 23.000000 -14.250005 -61.500000
v 23.000000 -14.250005 -59.500000
v 24.000000 -14.250005 -58.250000
v 27.750000 -14.250005 -58.250000
v 27.750000 -14.250005 -57.000000
v 23.000000 -14.250005 -58.250000
v 28.000000 -14.250005 -57.000000
v 29.000000 -14.250005 -57.000000
v 28.500000 -14.250005 -58.000000
v 28.000000 -14.250005 -58.000000
v 29.000000 -14.250005 -58.000000
v 28.000000 -14.250005 -58.250000
v 23.000000 -14.250005 -59.000000
v 24.000000 -14.250005 -59.000000
v 28.000000 -14.250005 -59.500000
v 28.000000 -14.250005 -59.000000
v 24.000000 -14.250005 -59.500000
v 24.000000 -14.250005 -61.500000
v 28.000000 -14.250005 -61.500000
v 28.000000 -14.250005 -60.000000
v 28.500000 -14.250005 -58.500000
v 24.000000 -14.250005 -65.000000
v 24.000000 -14.250005 -63.000000
v 24.000000 -14.250005 -62.000000
v 24.000000 -14.250005 -66.000000
v 25.000000 -14.250005 -62.000000
v 27.000000 -14.250005 -62.000000
v 28.000000 -14.250005 -62.000000
v 28.000000 -14.250005 -63.000000
v 25.000000 -14.250005 -66.000000
v 38.000000 -14.250003 -39.000000
v 38.000000 -14.250003 -41.500000
v 38.000000 -14.250003 -43.000000
v 38.000000 -14.250004 -46.000000
v 38.000000 -14.250004 -51.500000
v 38.000000 -14.250004 -52.000000
v 38.000000 -14.250004 -54.500000
v 44.000000 -14.250004 -54.500000
v 44.000000 -14.250004 -52.250000
v 44.000000 -14.250004 -51.000000
v 44.000000 -14.250004 -50.000000
v 44.000000 -14.250004 -48.000000
v 44.000000 -14.250003 -43.000000
v 44.000000 -14.250003 -41.500000
v 44.000000 -14.250003 -39.000000
v 36.000000 -14.250004 -52.000000
v 34.000000 -14.250004 -52.000000
v 30.000000 -14.250005 -60.000000
v 30.000000 -14.250005 -65.000000
v 29.500000 -14.250005 -65.000000
v 28.000000 -14.250005 -65.000000
v 34.000000 -14.250005 -60.000000
v 34.000000 -14.250005 -65.000000
v 33.000000 -14.250005 -65.000000
v 32.000000 -14.250005 -65.000000
v 31.000000 -14.250005 -65.000000
v 30.000000 -14.250005 -59.500000
v 34.000000 -14.250005 -59.500000
v 27.000000 -14.250005 -66.000000
v 29.500000 -14.250005 -66.000000
v 29.500000 -14.250005 -68.000000
v 36.500000 -14.250005 -65.000000
v 36.000000 -14.250005 -65.000000
v 36.000000 -14.250005 -63.500000
v 36.500000 -14.250005 -63.000000
v 36.000000 -14.250005 -60.000000
v 37.000000 -14.250005 -62.500000
v 37.000000 -14.250005 -61.500000
v 37.000000 -14.250005 -59.500000
v 36.000000 -14.250005 -59.500000
v 34.000000 -14.250005 -66.000000
v 34.000000 -14.250005 -67.000000
v 34.000000 -14.250005 -68.000000
v 36.500000 -14.250005 -68.000000
v 37.000000 -14.250005 -68.000000
v 37.000000 -14.250005 -66.000000
v 37.000000 -14.250005 -65.500000
v 38.000000 -14.250005 -61.500000
v 40.000000 -14.250005 -61.500000
v 40.000000 -14.250005 -60.000000
v 40.000000 -14.250005 -59.500000
v 34.000000 -14.250005 -58.000000
v 36.000000 -14.250005 -58.000000
v 38.000000 -14.250005 -58.000000
v 42.000000 -14.250005 -58.000000
v 43.000000 -14.250005 -58.000000
v 44.000000 -14.250005 -57.000000
v 44.000000 -14.250004 -56.000000
v 41.000000 -14.250005 -60.000000
v 42.000000 -14.250005 -61.500000
v 42.000000 -14.250005 -60.000000
v 43.500000 -14.250005 -66.000000
v 39.500000 -14.250005 -66.000000
v 40.500000 -14.250005 -65.000000
v 42.000000 -14.250005 -65.000000
v 43.500000 -14.250005 -65.000000
v 42.000000 -14.250005 -64.500000
v 42.000000 -14.250005 -64.000000
v 43.500000 -14.250005 -64.000000
v 37.500000 -14.250005 -62.000000
v 39.500000 -14.250005 -62.000000
v 44.000000 -14.250005 -64.000000
v 44.000000 -14.250005 -59.500000
v 42.000000 -14.250005 -59.500000
v 40.500000 -14.250005 -63.000000
v 37.500000 -14.250005 -66.000000
v 40.000000 -14.250005 -68.000000
v 44.000000 -14.250005 -68.000000
v 44.000000 -14.250005 -66.000000
v 20.500000 -14.250006 -74.500000
v 25.000000 -14.250006 -74.500000
v 27.000000 -14.250006 -74.500000
v 28.500000 -14.250006 -74.500000
v 28.500000 -14.250006 -74.000000
v 28.500000 -14.250006 -73.000000
v 28.500000 -14.250006 -72.500000
v 28.500000 -14.250006 -72.000000
v 21.000000 -14.250006 -72.000000
v 20.500000 -14.250006 -72.000000
v 24.000000 -14.250006 -75.500000
v 20.500000 -14.250006 -75.500000
v 28.000000 -14.250006 -75.500000
v 28.500000 -14.250006 -75.500000
v 21.000000 -14.250006 -76.000000
v 20.500000 -14.250006 -76.000000
v 24.000000 -14.250006 -76.000000
v 28.000000 -14.250006 -77.500000
v 28.500000 -14.250006 -77.000000
v 24.000000 -14.250006 -77.500000
v 24.000000 -14.250006 -78.000000
v 21.000000 -14.250006 -78.000000
v 24.500000 -14.250006 -78.000000
v 26.000000 -14.250006 -79.500000
v 27.000000 -14.250006 -78.500000
v 25.000000 -14.250006 -78.500000
v 20.500000 -14.250006 -81.500000
v 22.250000 -14.250006 -81.500000
v 24.000000 -14.250006 -81.500000
v 20.500000 -14.250006 -78.000000
v 24.250000 -14.250006 -81.500000
v 28.000000 -14.250006 -81.500000
v 28.500000 -14.250006 -81.500000
v 20.500000 -14.250006 -82.000000
v 22.250000 -14.250006 -82.000000
v 24.250000 -14.250006 -82.000000
v 28.000000 -14.250006 -82.000000
v 30.000000 -14.250006 -72.500000
v 29.000000 -14.250006 -72.500000
v 30.000000 -14.250006 -72.000000
v 30.500000 -14.250006 -72.000000
v 31.000000 -14.250006 -72.500000
v 30.500000 -14.250005 -68.000000
v 30.000000 -14.250005 -68.000000
v 30.000000 -14.250006 -70.000000
v 21.000000 -14.250006 -70.000000
v 20.500000 -14.250006 -70.000000
v 31.500000 -14.250006 -73.000000
v 31.000000 -14.250005 -68.000000
v 31.500000 -14.250005 -68.000000
v 36.500000 -14.250006 -74.000000
v 33.000000 -14.250005 -68.000000
v 32.000000 -14.250005 -68.000000
v 31.500000 -14.250006 -74.000000
v 29.000000 -14.250006 -74.500000
v 30.000000 -14.250006 -75.500000
v 31.000000 -14.250006 -74.500000
v 30.000000 -14.250006 -79.500000
v 34.000000 -14.250006 -79.500000
v 36.500000 -14.250006 -79.500000
v 36.500000 -14.250006 -77.500000
v 36.500000 -14.250006 -75.500000
v 36.500000 -14.250006 -74.500000
v 39.500000 -14.250006 -74.500000
v 37.500000 -14.250006 -74.500000
v 40.000000 -14.250006 -70.000000
v 40.000000 -14.250006 -72.000000
v 40.000000 -14.250006 -74.500000
v 43.500000 -14.250006 -72.000000
v 44.000000 -14.250006 -74.500000
v 44.000000 -14.250006 -72.000000
v 43.500000 -14.250006 -70.000000
v 44.000000 -14.250006 -70.000000
v 37.500000 -14.250006 -78.500000
v 39.500000 -14.250006 -78.500000
v 38.500000 -14.250006 -79.500000
v 40.500000 -14.250006 -78.000000
v 40.500000 -14.250006 -77.500000
v 40.500000 -14.250006 -79.500000
v 42.000000 -14.250006 -77.000000
v 41.000000 -14.250006 -76.000000
v 42.000000 -14.250006 -76.000000
v 44.000000 -14.250006 -76.000000
v 43.500000 -14.250006 -76.000000
v 40.500000 -14.250006 -75.500000
v 43.500000 -14.250006 -78.000000
v 42.000000 -14.250006 -78.000000
v 44.000000 -14.250006 -79.500000
v 44.000000 -14.250006 -78.000000
v 30.000000 -14.250006 -81.500000
v 30.000000 -14.250006 -82.000000
v 34.000000 -14.250006 -82.000000
v 34.000000 -14.250006 -81.500000
v 36.000000 -14.250006 -81.500000
v 40.000000 -14.250006 -81.500000
v 40.500000 -14.250006 -81.500000
v 41.000000 -14.250006 -81.500000
v 42.000000 -14.250006 -81.500000
v 44.000000 -14.250006 -81.500000
v 42.000000 -14.250006 -82.000000
v 44.000000 -14.250006 -82.000000
v 36.000000 -14.250006 -82.000000
v 40.000000 -14.250006 -82.000000
v 10.000000 7.499994 -83.500000
v 10.000000 7.499993 -93.000000
v 0.000000 7.499993 -93.000000
v 0.000000 7.499994 -83.500000
v 23.500000 7.499999 -17.000000
v 23.500000 7.499999 -15.000001
v 26.000000 7.499999 -15.500001
v 26.000000 7.499999 -16.500000
v 25.500000 7.499999 -17.000000
v 25.500000 7.499999 -15.000001
v -17.750000 -4.000007 -88.000000
v -17.750000 -4.000007 -87.250000
v -18.000000 -2.000007 -87.500000
v -18.000000 -2.000007 -87.750000
v 13.000000 3.999993 -94.000000
v 13.000000 4.499993 -94.000000
v 14.500000 4.499993 -94.000000
v 14.500000 -2.500007 -94.000000
v 13.000000 -2.500007 -94.000000
v 11.000000 3.999993 -94.000000
v 11.000000 4.499993 -94.000000
v 10.000000 3.999993 -94.000000
v 10.500000 3.999993 -94.000000
v 10.500000 -2.500007 -94.000000
v 10.000000 -2.500007 -94.000000
v 6.000000 3.999993 -94.000000
v 6.500000 3.999993 -94.000000
v 6.500000 -3.000007 -94.000000
v 6.000000 -3.000007 -94.000000
v 6.500000 -4.250007 -94.000000
v 6.000000 -4.250007 -94.000000
v 8.250000 3.999993 -94.000000
v 9.250000 3.999993 -94.000000
v 10.000000 -3.000007 -94.000000
v 10.000000 -4.250007 -94.000000
v 10.000000 -5.500007 -94.000000
v 6.500000 -5.500007 -94.000000
v 6.000000 -5.500007 -94.000000
v 0.000000 3.999993 -94.000000
v 0.750000 3.999993 -94.000000
v 1.750000 3.999993 -94.000000
v 3.500000 3.999993 -94.000000
v 3.500000 0.999993 -94.000000
v 0.500000 0.999993 -94.000000
v -0.500000 0.999993 -94.000000
v -0.500000 3.999993 -94.000000
v 4.000000 3.999993 -94.000000
v 4.000000 -3.000007 -94.000000
v 3.500000 -3.000007 -94.000000
v 4.000000 -4.250007 -94.000000
v 3.500000 -4.250007 -94.000000
v 3.500000 -3.500007 -94.000000
v -1.000000 3.999993 -94.000000
v -3.000000 3.999993 -94.000000
v -3.000000 4.999993 -94.000000
v -1.000000 4.999993 -94.000000
v -0.500000 -2.500007 -94.000000
v -2.500000 -2.500007 -94.000000
v -3.000000 -2.500007 -94.000000
v 0.500000 -3.000007 -94.000000
v 0.500000 -2.500007 -94.000000
v 2.500000 -3.500007 -94.000000
v 1.500000 -3.500007 -94.000000
v 0.500000 -3.500007 -94.000000
v 2.500000 -4.000007 -94.000000
v 2.500000 -4.250007 -94.000000
v 3.500000 -4.500007 -94.000000
v 2.500000 -4.500007 -94.000000
v 4.000000 -5.000007 -94.000000
v 3.500000 -5.000007 -94.000000
v 1.500000 -4.000007 -94.000000
v 0.000000 -2.500007 -94.000000
v 0.000000 -3.000007 -94.000000
v -9.500000 4.999993 -94.000000
v -8.000000 4.999993 -94.000000
v -8.000000 -2.500007 -94.000000
v -8.750000 -2.500007 -94.000000
v -9.500000 -2.500007 -94.000000
v -4.000000 4.999993 -94.000000
v -4.000000 -2.500007 -94.000000
v -10.500000 -0.000007 -94.000000
v -10.000000 -0.000007 -94.000000
v -10.000000 -2.500007 -94.000000
v -10.500000 -2.500007 -94.000000
v 5.250000 -0.500007 -94.000000
v 4.750000 -0.500007 -94.000000
v 4.500000 -0.250007 -94.000000
v 4.500000 0.249993 -94.000000
v 4.750000 0.499993 -94.000000
v 5.250000 0.499993 -94.000000
v 5.500000 0.249993 -94.000000
v 5.500000 -0.250007 -94.000000
v -16.500000 6.499994 -81.000000
v -16.500000 6.499994 -82.500000
v -16.500000 6.499994 -83.500000
v -16.500000 6.499993 -86.000000
v -18.000000 4.999993 -87.500000
v -18.000000 4.999994 -81.000000
v -18.000000 4.999994 -80.500000
v -16.500000 6.499994 -80.500000
v -18.000000 4.999994 -74.000000
v -18.000000 4.999994 -73.500000
v -17.000000 5.999994 -73.500000
v -16.500000 6.499994 -74.000000
v -18.000000 4.999995 -72.500000
v 5.000000 6.499994 -77.000000
v 3.500000 6.499994 -77.000000
v 2.500000 6.499994 -77.000000
v 2.500000 6.499994 -75.500000
v 2.500000 6.499994 -75.000000
v 2.500000 6.499995 -72.000000
v 2.500000 6.499995 -71.500000
v 5.000000 6.499995 -71.500000
v 3.500000 6.499995 -70.000000
v 5.000000 6.499995 -70.000000
v 5.000000 6.499995 -71.000000
v 2.000000 6.499995 -71.500000
v 2.000000 6.499995 -70.000000
v 2.000000 6.499994 -77.000000
v 2.000000 6.499994 -75.500000
v 2.000000 6.499994 -75.000000
v 2.000000 6.499995 -72.000000
v 0.000000 6.499994 -77.000000
v 0.000000 6.499994 -75.500000
v 0.000000 6.499994 -75.000000
v -0.500000 6.499994 -77.000000
v -0.500000 6.499994 -75.500000
v -2.500000 6.499994 -77.000000
v -2.500000 6.499994 -75.000000
v -0.500000 6.499994 -75.000000
v -2.500000 6.499995 -72.000000
v -0.500000 6.499995 -72.000000
v 0.000000 6.499995 -72.000000
v 0.000000 6.499995 -71.500000
v 0.000000 6.499995 -70.000000
v -0.500000 6.499995 -71.500000
v -0.500000 6.499995 -70.000000
v -2.500000 6.499995 -71.000000
v -2.500000 6.499995 -70.000000
v -11.500000 6.499994 -82.000000
v -10.500000 6.499994 -82.000000
v -8.000000 6.499994 -82.000000
v -8.000000 6.499994 -84.000000
v -14.000000 6.499994 -84.000000
v -14.000000 6.499994 -83.500000
v -14.000000 6.499994 -82.500000
v -14.000000 6.499994 -82.000000
v -11.500000 6.499994 -78.000000
v -10.500000 6.499994 -78.000000
v -6.000000 6.499994 -77.500000
v -8.000000 6.499994 -77.500000
v -8.000000 6.499994 -76.500000
v -6.000000 6.499994 -76.500000
v -8.000000 6.499994 -76.000000
v -8.000000 6.499994 -78.000000
v -14.000000 6.499994 -78.000000
v -14.000000 6.499994 -76.000000
v 19.000000 6.499999 -21.000000
v 19.000000 6.499999 -22.000000
v 19.000000 6.499998 -24.000000
v 15.500000 6.499998 -24.000000
v 15.500000 6.499999 -20.250000
v 16.250000 6.499999 -19.500000
v 18.000000 6.499999 -19.500000
v 19.000000 6.499999 -19.500000
v 14.500000 6.499998 -24.000000
v 13.750000 6.499998 -24.000000
v 12.000000 6.499998 -24.000000
v 10.000000 6.499998 -24.000000
v 10.000000 6.499999 -21.500000
v 10.000000 6.499999 -20.500000
v 10.000000 6.499999 -20.000000
v 10.000000 6.499999 -19.500000
v 12.000000 6.499999 -19.500000
v 13.750000 6.499999 -19.500000
v 14.500000 6.499999 -20.250000
v 13.250000 6.499998 -24.750000
v 12.500000 6.499998 -24.750000
v 17.000000 6.499999 -15.500001
v 19.000000 6.499999 -15.500001
v 19.000000 6.499999 -16.500000
v 19.000000 6.499999 -18.500000
v 15.500000 6.499999 -18.500000
v 12.000000 6.499999 -18.500000
v 12.000000 6.499999 -16.000000
v 12.000000 6.499999 -15.500001
v 17.000000 6.499999 -14.500001
v 10.000000 6.499999 -14.500001
v 10.000000 6.499999 -14.000001
v 10.000000 6.499999 -13.000001
v 19.000000 6.499999 -13.000001
v 19.000000 6.499999 -14.000001
v 19.000000 6.499999 -14.500001
v 9.500000 6.499999 -20.000000
v 8.500000 6.499999 -20.000000
v 8.500000 6.499999 -19.500000
v 9.500000 6.499999 -16.000000
v 10.000000 6.499999 -16.000000
v 8.500000 6.499999 -18.500000
v 8.500000 6.499999 -16.000000
v 10.000000 6.499999 -15.500001
v -9.500000 6.999994 -74.000000
v -16.000000 6.999994 -74.000000
v -15.500000 6.499994 -74.000000
v -9.500000 6.499994 -74.000000
v -8.500000 6.499994 -74.000000
v -6.000000 6.499994 -74.000000
v -6.000000 6.999994 -74.000000
v -9.000000 6.999994 -74.000000
v -6.000000 6.999994 -84.500000
v -6.000000 6.999994 -79.000000
v -6.000000 6.999994 -77.500000
v -6.000000 6.499994 -81.000000
v -6.000000 6.499994 -82.000000
v -6.000000 6.499994 -84.500000
v -6.000000 6.499993 -86.000000
v -6.000000 6.999993 -86.000000
v -6.000000 6.499994 -74.750000
v -6.000000 6.999994 -76.500000
v -6.000000 6.999994 -75.000000
v 10.000000 6.499993 -93.000000
v 10.000000 6.499994 -83.500000
v 0.000000 6.499993 -93.000000
v 0.000000 6.499994 -83.500000
v -9.500000 6.499993 -86.000000
v -15.500000 6.499993 -86.000000
v -16.000000 6.999993 -86.000000
v -15.500000 6.999993 -86.000000
v -9.500000 6.999993 -86.000000
v -8.000000 6.999993 -86.000000
v -8.500000 6.499993 -86.000000
v -14.000000 6.999994 -76.000000
v -14.000000 6.999994 -78.000000
v -15.500000 6.999994 -78.000000
v -15.500000 6.999994 -75.000000
v -14.000000 6.999994 -75.000000
v -11.500000 6.999994 -78.000000
v -11.500000 6.999994 -81.500000
v -14.000000 6.999994 -81.500000
v -15.500000 6.999994 -81.500000
v -9.000000 6.999994 -75.000000
v -16.000000 6.999994 -75.000000
v -8.000000 6.999994 -75.000000
v -8.000000 6.999994 -76.000000
v -8.000000 6.999994 -76.500000
v -15.500000 6.999994 -82.500000
v -16.000000 6.999994 -82.500000
v -15.500000 6.999994 -84.000000
v -16.000000 6.999994 -83.500000
v -15.500000 6.999994 -83.500000
v -14.000000 6.999994 -82.000000
v -14.000000 6.999994 -82.500000
v -14.000000 6.999994 -83.500000
v -14.000000 6.999994 -84.000000
v -11.500000 6.999994 -82.000000
v -8.000000 6.999994 -79.000000
v -8.000000 6.999994 -82.000000
v -10.500000 6.999994 -82.000000
v -10.500000 6.999994 -78.000000
v -8.000000 6.999994 -78.000000
v -8.000000 6.999994 -84.000000
v -8.000000 6.999994 -77.500000
v 26.000000 6.499999 -15.500001
v 26.000000 6.499999 -16.500000
v 23.500000 6.499999 -17.000000
v 23.500000 6.499999 -15.000001
v 25.500000 6.499999 -15.000001
v 25.500000 6.499999 -17.000000
v -15.500000 -4.500005 -64.000000
v -15.500000 -4.500005 -65.000000
v -15.500000 -5.000005 -65.000000
v -15.500000 -5.000005 -63.187500
v -15.500000 -4.500005 -63.187500
v -15.500000 3.499995 -63.187500
v -15.500000 3.999995 -63.187500
v -15.500000 3.999995 -64.000000
v -15.500000 -0.500005 -64.000000
v -15.500000 -3.000005 -64.000000
v -15.500000 -3.000005 -63.187500
v -15.500000 -3.500005 -63.187500
v -15.500000 3.999995 -65.000000
v -15.500000 3.499995 -65.000000
v -15.500000 -0.500005 -65.000000
v -15.500000 3.499995 -65.500000
v -15.500000 3.499995 -66.500000
v -15.500000 3.499995 -67.000000
v -15.500000 1.499995 -67.000000
v -15.500000 -2.500005 -67.000000
v -15.500000 -2.500005 -65.000000
v -15.500000 3.999995 -65.500000
v -15.500000 3.999995 -66.500000
v -15.500000 3.999995 -67.000000
v -15.500000 -3.000005 -73.000000
v -15.500000 -3.000005 -72.000000
v -15.500000 -2.000005 -72.000000
v -15.500000 -2.000005 -73.000000
v -15.500000 -2.500005 -70.000000
v -15.500000 -3.500005 -70.000000
v -15.500000 -5.000005 -70.000000
v -15.500000 -5.000005 -66.500000
v -15.500000 -5.000006 -78.000000
v -15.500000 -5.000006 -76.250000
v -15.500000 -5.000006 -76.000000
v -15.500000 -4.500006 -76.000000
v -15.500000 -4.500006 -78.000000
v -15.500000 -3.000005 -74.000000
v -15.500000 -3.000006 -76.000000
v -15.500000 -4.000006 -76.000000
v -15.500000 -5.000006 -75.000000
v -15.500000 -5.000006 -74.000000
v -15.500000 -5.000006 -73.000000
v -15.500000 -5.000005 -72.000000
v -15.500000 -3.500005 -72.000000
v -15.500000 -2.000005 -74.000000
v -15.500000 -2.000006 -76.000000
v -15.500000 -4.500006 -80.000000
v -15.500000 -4.000006 -80.000000
v -15.500000 3.499995 -71.500000
v -15.500000 3.499995 -71.000000
v -15.500000 3.999995 -71.500000
v -15.500000 2.499995 -70.000000
v -15.500000 3.999995 -70.000000
v -15.500000 1.499995 -70.000000
v -15.500000 3.499995 -72.000000
v -15.500000 0.999995 -72.000000
v -15.500000 -0.000005 -72.000000
v -15.500000 -2.000006 -79.000000
v -15.500000 -2.000006 -82.000000
v -15.500000 -4.000006 -82.000000
v -15.500000 -0.000006 -73.000000
v -15.500000 -0.000006 -75.000000
v -15.500000 -0.000006 -76.000000
v -15.500000 -0.000006 -79.000000
v -15.500000 -0.000006 -82.000000
v -15.500000 0.999994 -82.000000
v -15.500000 0.999994 -76.000000
v -4.000000 -3.500006 -82.000000
v -5.500000 -3.500006 -82.000000
v -5.500000 -3.000006 -82.000000
v -4.000000 -3.000006 -82.000000
v 20.500000 -8.000006 -82.000000
v 22.250000 -8.000006 -82.000000
v 24.250000 -8.000006 -82.000000
v 28.000000 -8.000006 -82.000000
v 31.500000 -8.000006 -82.000000
v 32.000000 -8.000006 -82.000000
v 32.500000 -8.000006 -82.000000
v 34.000000 -8.000006 -82.000000
v 34.000000 -10.750006 -82.000000
v 30.000000 -8.000006 -82.000000
v 32.500000 -7.500006 -82.000000
v 34.000000 -7.500006 -82.000000
v 32.000000 -3.750006 -82.000000
v 32.000000 2.999994 -82.000000
v 34.000000 2.999994 -82.000000
v 34.000000 -3.750006 -82.000000
v 34.000000 -4.000006 -82.000000
v 32.000000 -4.000006 -82.000000
v 32.000000 -7.500006 -82.000000
v 32.000000 -7.000006 -82.000000
v 32.000000 -6.500006 -82.000000
v 36.000000 -3.750006 -82.000000
v 36.000000 2.999994 -82.000000
v 40.000000 2.999994 -82.000000
v 40.000000 -3.750006 -82.000000
v 40.000000 -4.000006 -82.000000
v 36.000000 -4.000006 -82.000000
v 40.000000 -10.750006 -82.000000
v 40.000000 -11.000006 -82.000000
v 36.000000 -11.000006 -82.000000
v 36.000000 -10.750006 -82.000000
v 42.000000 -3.750006 -82.000000
v 42.000000 2.999994 -82.000000
v 44.000000 -4.000006 -82.000000
v 42.000000 -4.000006 -82.000000
v 44.000000 -11.000006 -82.000000
v 42.000000 -11.000006 -82.000000
v 42.000000 -10.750006 -82.000000
v 28.000000 2.999994 -83.000000
v 27.500000 3.499994 -83.000000
v 27.250000 3.749994 -83.000000
v 27.250000 3.749994 -82.000000
v 28.000000 2.999994 -82.000000
v 28.000000 2.999994 -85.500000
v 28.000000 2.999993 -90.500000
v 27.250000 3.749993 -89.750000
v 27.250000 3.749993 -88.750000
v 27.250000 3.749994 -84.000000
v 27.500000 3.499994 -84.000000
v 28.000000 2.999994 -84.000000
v 19.000000 2.249994 -86.000000
v 19.000000 2.999994 -86.000000
v 19.000000 2.999994 -86.750000
v 19.000000 3.749993 -89.750000
v 19.000000 3.499993 -90.000000
v 19.000000 2.999993 -90.000000
v 19.000000 2.999993 -89.250000
v 19.000000 3.499994 -86.000000
v 19.000000 3.749994 -86.250000
v 19.000000 -2.500006 -86.000000
v 19.000000 -2.500006 -85.500000
v 19.000000 2.999994 -85.500000
v 19.000000 2.999993 -90.500000
v 19.000000 -2.500007 -90.500000
v 19.000000 -2.500007 -90.000000
v 19.000000 2.249993 -90.000000
v 24.500000 3.249994 -84.000000
v 24.500000 2.749994 -84.000000
v 25.000000 3.249994 -84.000000
v 27.500000 2.749994 -84.000000
v 27.500000 3.249994 -84.000000
v 27.000000 3.249994 -84.000000
v 27.500000 -3.000006 -84.000000
v 28.000000 -3.000006 -84.000000
v 24.500000 3.499994 -84.000000
v 24.000000 2.999994 -84.000000
v 24.000000 -3.000006 -84.000000
v 24.500000 -3.000006 -84.000000
v 24.750000 3.749994 -84.000000
v 28.000000 -2.500006 -85.500000
v 28.000000 -2.500007 -90.500000
v 28.000000 -3.000006 -85.500000
v 24.000000 -3.000006 -85.500000
v 26.000000 3.749993 -87.500000
v 24.750000 3.749994 -86.250000
v 24.750000 3.749994 -85.500000
v 26.000000 3.749993 -89.750000
v 26.000000 -2.500007 -90.500000
v 26.000000 2.999993 -90.500000
v 24.000000 -2.500006 -85.500000
v 24.000000 2.999994 -85.500000
v 26.000000 -2.500006 -85.500000
v 24.750000 3.749994 -83.000000
v 24.750000 3.749994 -82.000000
v 27.500000 -3.000006 -83.000000
v 24.500000 -3.000006 -83.000000
v 24.000000 -3.000006 -83.000000
v 28.000000 -3.000006 -83.000000
v 28.000000 -3.000006 -82.000000
v 24.000000 -3.000006 -82.000000
v 27.500000 2.749994 -83.000000
v 27.500000 3.249994 -83.000000
v 24.000000 2.999994 -83.000000
v 24.000000 2.999994 -82.000000
v 27.000000 3.249994 -83.000000
v 24.500000 2.749994 -83.000000
v 24.500000 3.249994 -83.000000
v 25.000000 3.249994 -83.000000
v 24.500000 3.499994 -83.000000
v 5.641304 4.999993 -90.000000
v 6.000000 4.999993 -90.550003
v 6.000000 4.999993 -90.000000
v 7.597826 4.999993 -93.000000
v 8.597826 4.999993 -93.000000
v 6.000000 4.999993 -89.016670
v 6.000000 4.999993 -87.483330
v 6.641304 4.999993 -86.500000
v 6.000000 4.999993 -86.500000
v 4.358696 4.999993 -90.000000
v 5.641304 4.999993 -86.500000
v 4.358696 4.999993 -86.500000
v 3.750000 4.999993 -86.500000
v 3.750000 4.999993 -87.099998
v 3.750000 4.999993 -89.400002
v 3.750000 4.999993 -90.000000
v 8.597826 4.999994 -83.500000
v 7.597826 4.999994 -83.500000
v 2.402174 4.999993 -93.000000
v 3.358696 4.999993 -90.000000
v 1.402174 4.999993 -93.000000
v -1.000000 4.999993 -89.500000
v -3.000000 4.999993 -89.000000
v -3.000000 4.999993 -87.000000
v -1.000000 4.999993 -87.000000
v -3.000000 4.999994 -82.500000
v -1.000000 4.999994 -82.500000
v 3.358696 4.999993 -86.500000
v 1.402174 4.999994 -83.500000
v 2.402174 4.999994 -83.500000
v -9.500000 4.999993 -92.000000
v -9.500000 4.999993 -90.000000
v -9.500000 4.999993 -89.000000
v -8.500000 4.999993 -88.000000
v -10.000000 4.999993 -88.000000
v -10.500000 4.999993 -88.000000
v -14.500000 4.999993 -88.000000
v -15.500000 4.999993 -88.000000
v -15.500000 4.999993 -87.500000
v -8.500000 4.999993 -87.500000
v -4.500000 4.999993 -87.500000
v -5.000000 4.999993 -88.000000
v -4.000000 4.999994 -82.500000
v -4.000000 4.999993 -87.000000
v -4.500000 4.999994 -82.000000
v -4.000000 4.999994 -82.000000
v 0.000000 4.999993 -93.000000
v 0.000000 4.999993 -90.500000
v 0.000000 4.999994 -83.500000
v 10.000000 4.999993 -90.500000
v 10.000000 4.999993 -93.000000
v 10.000000 4.999994 -83.500000
v 5.500000 -4.250007 -93.500000
v 10.000000 -4.250007 -93.500000
v 5.500000 -4.250006 -83.000000
v 10.000000 -4.250006 -83.000000
v 10.000000 -4.250007 -89.500000
v 4.500000 -4.250007 -93.500000
v 4.500000 -4.250007 -92.000000
v 4.500000 -4.250006 -83.000000
v 6.000000 -4.250006 -82.500000
v 6.500000 -4.250006 -82.500000
v 10.000000 -4.250006 -82.500000
v 2.500000 -4.250007 -92.000000
v -0.500000 -4.250007 -89.500000
v -0.500000 -4.250007 -92.000000
v 0.500000 -4.250007 -92.000000
v 1.500000 -4.250007 -92.000000
v 4.000000 -4.250006 -82.500000
v 3.500000 -4.250006 -82.500000
v -0.500000 -4.250006 -82.500000
v -0.500000 -0.000006 -83.000000
v -0.500000 -2.500006 -83.000000
v -0.500000 -2.500006 -82.500000
v -0.500000 -0.000006 -82.500000
v -0.500000 -3.000006 -82.500000
v -0.500000 -3.000006 -85.000000
v -0.500000 -3.000007 -89.500000
v -0.500000 -3.000007 -92.000000
v 10.000000 -3.000007 -89.500000
v 10.000000 -3.000007 -89.000000
v 10.000000 -3.000006 -82.500000
v 10.000000 -2.500007 -89.000000
v 10.000000 -2.500007 -87.000000
v 10.000000 -2.500006 -82.500000
v 10.000000 -2.500006 -82.000000
v 10.000000 -3.000006 -82.000000
v 10.000000 3.999994 -83.500000
v 10.000000 3.999993 -87.000000
v 10.000000 3.999993 -90.500000
v 10.000000 3.999993 -93.000000
v 13.000000 3.999994 -82.500000
v 11.000000 3.999994 -82.500000
v 10.500000 3.999994 -82.500000
v 10.500000 -2.500006 -82.500000
v 13.000000 -2.500006 -82.500000
v 10.000000 3.999994 -82.500000
v 13.000000 4.499994 -82.500000
v 11.000000 4.499994 -82.500000
v 14.500000 4.499994 -82.500000
v 14.500000 -2.500006 -82.500000
v 17.000000 -2.500006 -86.000000
v 17.000000 -2.500007 -87.000000
v 17.000000 -2.500007 -90.000000
v 17.000000 -2.500007 -91.500000
v 17.000000 -2.500006 -85.000000
v 13.000000 4.499993 -88.000000
v 13.000000 4.499993 -91.666664
v 11.000000 4.499993 -93.000000
v 11.000000 4.499993 -90.500000
v 11.000000 4.499993 -86.000000
v 13.000000 4.499993 -86.000000
v 11.000000 4.499994 -83.500000
v 13.000000 4.499994 -84.833336
v 16.437500 4.499993 -87.125000
v 16.000000 4.499993 -88.000000
v 17.000000 4.499993 -86.000000
v 16.812500 4.499993 -86.375000
v 17.000000 4.499994 -85.000000
v 17.000000 4.499993 -90.000000
v 17.000000 4.499993 -91.500000
v 16.625000 4.499993 -89.250000
v 17.000000 3.999993 -90.000000
v 17.000000 2.999993 -90.000000
v 17.000000 2.249993 -90.000000
v 17.000000 2.999993 -89.250000
v 17.000000 2.999994 -86.000000
v 17.000000 2.249994 -86.000000
v 17.000000 2.999994 -86.750000
v 17.000000 3.999994 -86.000000
v 17.500000 2.999993 -89.250000
v 17.500000 2.999994 -86.750000
v 16.625000 2.999994 -86.750000
v 16.625000 2.999993 -89.250000
v 16.000000 2.999993 -88.000000
v 11.000000 3.999994 -83.000000
v 10.000000 3.999994 -83.000000
v 11.750000 3.999994 -83.000000
v 11.000000 3.999993 -90.500000
v 11.000000 3.999993 -93.000000
v 11.000000 3.999993 -87.000000
v 11.000000 3.999994 -83.500000
v 16.812500 3.999994 -86.375000
v 16.437500 3.999993 -87.125000
v 16.625000 3.999993 -89.250000
v 16.000000 3.999993 -88.000000
v 6.000000 3.999993 -90.550003
v 5.641304 3.999993 -90.000000
v 6.000000 3.999993 -90.000000
v 8.597826 3.999993 -93.000000
v 5.500000 3.999993 -93.500000
v 5.500000 3.999993 -93.000000
v 7.597826 3.999993 -93.000000
v 4.500000 3.999993 -93.500000
v 4.500000 3.999993 -93.000000
v 6.000000 3.999993 -89.016670
v 6.000000 3.999994 -86.500000
v 6.641304 3.999994 -86.500000
v 6.000000 3.999993 -87.483330
v 4.358696 3.999994 -86.500000
v 5.641304 3.999994 -86.500000
v 4.358696 3.999993 -90.000000
v 3.750000 3.999993 -90.000000
v 3.750000 3.999993 -89.400002
v 3.750000 3.999993 -87.099998
v 3.750000 3.999994 -86.500000
v 5.000000 3.999994 -83.500000
v 4.500000 3.999994 -83.000000
v 5.500000 3.999994 -83.000000
v 2.402174 3.999994 -83.500000
v 1.750000 3.999994 -82.500000
v 3.500000 3.999994 -82.500000
v 4.000000 3.999994 -82.500000
v 8.597826 3.999994 -83.500000
v 9.250000 3.999994 -82.500000
v 7.597826 3.999994 -83.500000
v 6.000000 3.999994 -82.500000
v 6.500000 3.999994 -82.500000
v 8.250000 3.999994 -82.500000
v 2.402174 3.999993 -93.000000
v 0.000000 3.999993 -93.000000
v 1.402174 3.999993 -93.000000
v 3.358696 3.999993 -90.000000
v 0.000000 3.999993 -90.500000
v -0.500000 3.999993 -87.000000
v 0.000000 3.999993 -87.000000
v -0.500000 3.999994 -82.500000
v 0.000000 3.999994 -82.500000
v 0.000000 3.999994 -83.500000
v 3.358696 3.999994 -86.500000
v 1.402174 3.999994 -83.500000
v 0.750000 3.999994 -82.500000
v 4.500000 0.499993 -93.500000
v 4.500000 0.249993 -93.500000
v 4.500000 -0.250007 -93.500000
v 4.500000 -0.500007 -93.500000
v 4.500000 -3.000007 -93.500000
v 5.500000 0.499993 -93.500000
v 5.500000 0.249993 -93.500000
v 5.250000 0.499993 -93.500000
v 4.750000 -0.500007 -93.500000
v 5.250000 -0.500007 -93.500000
v 5.500000 -0.500007 -93.500000
v 5.500000 -3.000007 -93.500000
v 5.500000 -0.250007 -93.500000
v 4.750000 0.499993 -93.500000
v 0.000000 -2.500006 -82.000000
v 3.500000 -2.500006 -82.000000
v 3.500000 -2.500006 -82.500000
v 0.000000 -2.500006 -82.500000
v 0.000000 -2.500007 -89.000000
v 0.000000 -2.500007 -87.000000
v -0.500000 -2.500007 -87.000000
v 6.000000 -2.500006 -82.500000
v 5.500000 -2.500006 -83.000000
v 4.500000 -2.500006 -83.000000
v 4.000000 -2.500006 -82.500000
v 6.500000 -2.500006 -82.000000
v 6.500000 -2.500006 -82.500000
v 7.000000 -2.500006 -82.000000
v 9.000000 -2.500006 -82.000000
v 3.500000 -3.000006 -82.000000
v 0.000000 -3.000006 -82.000000
v 0.000000 -3.000006 -82.500000
v 3.500000 -3.000006 -82.500000
v 0.000000 -3.000007 -89.000000
v 0.000000 -3.000007 -92.000000
v 0.000000 -3.000006 -85.000000
v 0.500000 -3.000007 -92.000000
v 4.000000 -3.000006 -82.500000
v 6.000000 -3.000006 -82.500000
v 6.500000 -3.000006 -82.500000
v 9.000000 -3.000006 -82.000000
v 7.000000 -3.000006 -82.000000
v 4.500000 -3.000006 -83.000000
v 5.500000 -3.000006 -83.000000
v 0.500000 -3.500007 -92.000000
v 1.500000 -3.500007 -92.000000
v 1.500000 -4.000007 -92.000000
v 2.500000 -4.000007 -92.000000
v -14.500000 -4.000007 -88.000000
v -11.500000 -4.000007 -88.000000
v -11.500000 -4.000006 -84.000000
v -15.500000 -4.000006 -84.000000
v -15.500000 -4.000007 -88.000000
v -8.500000 -4.000006 -84.000000
v -8.500000 -4.000006 -82.000000
v -7.000000 -4.000006 -84.000000
v -7.000000 -4.000006 -82.000000
v -5.500000 -3.000006 -83.000000
v -4.000000 -3.000006 -83.000000
v -4.000000 -3.000006 -82.500000
v -10.000000 -3.000006 -85.500000
v -10.000000 -3.000007 -88.000000
v -9.000000 -3.000007 -88.000000
v -5.500000 -3.000007 -88.000000
v -5.500000 -3.000006 -85.500000
v -5.500000 -3.000007 -88.750000
v -3.000000 -3.000007 -88.750000
v -3.000000 -3.000006 -83.000000
v -9.000000 -3.000007 -88.750000
v -3.000000 -3.000006 -82.500000
v -2.500000 -3.000007 -88.750000
v -2.500000 -3.000006 -82.500000
v -10.000000 -0.000007 -92.000000
v -10.000000 0.249993 -92.000000
v -10.000000 0.249993 -90.000000
v -10.000000 -0.000007 -90.000000
v -10.000000 -2.500007 -92.000000
v -2.500000 -2.500006 -82.500000
v -2.500000 -0.000006 -82.500000
v -3.000000 -0.000006 -82.500000
v -1.000000 3.999994 -82.500000
v -3.000000 3.999994 -82.500000
v -3.000000 2.999994 -82.500000
v -2.500000 -2.500006 -83.000000
v -2.500000 -0.000006 -83.000000
v -2.500000 -2.500007 -88.750000
v -2.500000 -2.500007 -87.000000
v -1.000000 3.999993 -89.500000
v -1.000000 3.999993 -87.000000
v -2.500000 -2.500007 -89.000000
v -9.000000 2.999993 -89.000000
v -8.250000 2.999993 -89.000000
v -4.000000 2.999993 -89.000000
v -3.000000 2.999993 -89.000000
v -3.000000 3.999993 -89.000000
v -9.000000 3.999993 -89.000000
v -9.500000 3.999993 -89.000000
v -9.000000 2.249993 -89.000000
v -9.500000 -2.500007 -89.000000
v -9.000000 -2.500007 -89.000000
v -9.500000 -0.000007 -92.000000
v -9.500000 -0.000007 -90.000000
v -9.500000 -2.500007 -90.000000
v -9.500000 -2.500007 -93.250000
v -9.500000 -2.500007 -92.000000
v -9.000000 -0.500007 -93.500000
v -9.250000 -0.500007 -93.500000
v -9.250000 -0.500007 -93.750000
v -9.000000 -0.500007 -93.750000
v -8.750000 -2.500007 -89.000000
v -8.750000 -2.500007 -93.250000
v -10.000000 -2.500007 -90.000000
v -4.000000 2.999993 -88.000000
v -5.000000 2.999993 -88.000000
v -4.000000 2.999993 -87.000000
v -4.000000 2.999994 -83.750000
v -3.000000 2.999994 -83.750000
v -8.250000 2.999993 -88.000000
v -4.000000 3.999994 -82.500000
v -4.000000 3.999993 -87.000000
v -4.000000 2.999994 -82.500000
v -4.000000 2.999994 -83.000000
v -3.000000 2.999994 -83.000000
v -9.000000 2.999993 -88.000000
v -10.000000 2.999993 -88.000000
v -10.000000 3.999993 -88.000000
v -5.000000 3.999993 -88.000000
v -9.000000 2.249993 -88.000000
v -9.000000 -2.500007 -88.750000
v -9.000000 -2.500007 -88.000000
v -4.000000 2.249994 -83.000000
v -3.000000 2.249994 -83.000000
v -10.000000 -2.000007 -88.000000
v -4.000000 3.999994 -82.000000
v -4.000000 2.999994 -82.000000
v -4.000000 -2.000006 -82.000000
v -12.000000 0.249993 -90.000000
v -12.000000 -2.500007 -90.000000
v -10.500000 -0.000007 -92.000000
v -10.500000 0.249993 -92.000000
v -10.500000 -2.500007 -92.000000
v -12.000000 -2.500007 -92.000000
v -12.000000 0.249993 -92.000000
v -14.500000 1.499993 -88.000000
v -14.500000 -2.000007 -88.000000
v -15.500000 -2.000007 -88.000000
v -14.500000 -2.500007 -88.000000
v -14.500000 -3.000007 -88.000000
v -15.500000 -3.000007 -88.000000
v -10.500000 1.499993 -88.000000
v -10.500000 -2.000007 -88.000000
v -10.500000 -2.500007 -88.000000
v -10.500000 -3.000007 -88.000000
v -5.500000 -3.500006 -85.500000
v -14.500000 -3.500007 -88.000000
v -11.500000 -3.500007 -88.000000
v -10.000000 -3.500007 -88.000000
v -10.500000 -3.500007 -88.000000
v -11.000000 -3.500007 -88.000000
v -11.500000 -3.500006 -84.000000
v -7.000000 -3.500006 -82.000000
v -7.000000 -3.500006 -84.000000
v -7.000000 -3.500006 -85.500000
v -10.000000 -3.500006 -85.500000
v -11.000000 -3.500006 -85.500000
v -11.000000 -3.500006 -84.000000
v 4.500000 -5.500007 -91.000000
v 4.500000 -5.000007 -91.000000
v 4.500000 -5.000007 -92.000000
v 4.500000 -5.000007 -93.500000
v 4.500000 -5.500007 -93.500000
v 6.000000 -5.500006 -82.500000
v 6.500000 -5.500006 -82.500000
v 10.000000 -5.500006 -82.500000
v 10.000000 -5.500007 -87.000000
v 10.000000 -5.500007 -89.500000
v 4.500000 -5.500007 -86.500000
v 4.500000 -5.500007 -88.750000
v 5.500000 -5.500007 -93.500000
v 5.500000 -5.500007 -87.000000
v 5.500000 -5.500007 -86.500000
v 5.500000 -5.500006 -83.000000
v 4.500000 -5.500006 -83.000000
v 1.500000 -5.000007 -92.000000
v 1.500000 -5.500007 -92.000000
v -0.500000 -5.500007 -92.000000
v 2.500000 -4.500007 -92.000000
v 2.500000 -5.000007 -92.000000
v 3.500000 -4.500007 -92.000000
v 3.500000 -5.000007 -92.000000
v 3.500000 -5.500006 -82.500000
v -0.500000 -5.500006 -82.500000
v 4.000000 -5.500006 -82.500000
v -0.500000 -5.500007 -89.500000
v -0.500000 -5.500007 -88.750000
v 1.500000 -5.500007 -91.000000
v 1.500000 -5.500007 -88.750000
v 1.500000 -5.000007 -91.000000
v -11.500000 -4.500006 -78.250000
v -11.000000 -4.500006 -78.500000
v -11.000000 -5.000006 -78.500000
v -11.500000 -5.000006 -78.250000
v -12.000000 -5.000006 -78.000000
v -12.000000 -4.500006 -78.000000
v -7.000000 -3.500006 -81.500000
v -7.000000 -3.500006 -81.000000
v -7.000000 -4.000006 -81.000000
v -4.500000 4.999994 -81.750000
v -5.000000 -3.500006 -81.500000
v -5.500000 -3.500006 -81.500000
v -6.000000 -3.500006 -81.000000
v -6.000000 -4.000006 -81.000000
v -7.000000 -4.000006 -80.500000
v -8.500000 -4.000006 -80.000000
v -8.000000 -4.000006 -80.000000
v -8.000000 -4.500006 -80.000000
v -11.500000 -4.500006 -80.000000
v -11.500000 -4.500006 -78.500000
v -13.000000 -5.000006 -77.500000
v 46.000000 -6.750001 -15.999999
v 46.000000 -2.750001 -16.000000
v 46.000000 -8.750001 -15.999999
v 46.000000 -8.750001 -18.000000
v 46.000000 -6.750001 -18.000000
v 46.000000 -6.750001 -20.000000
v 46.000000 -2.750001 -20.000000
v 46.000000 -2.750001 -16.500000
v 46.000000 -0.500001 -16.500000
v 46.000000 -0.000001 -16.500000
v 46.000000 -0.500001 -17.500000
v 46.000000 -0.500001 -20.000000
v 46.000000 -0.000002 -20.000000
v 46.000000 -0.000001 -17.500000
v 46.000000 -9.000002 -27.000000
v 46.000000 -8.750002 -27.000000
v 46.000000 -8.750002 -29.500000
v 46.000000 -9.000002 -29.500000
v 46.000000 -8.500002 -29.500000
v 46.000000 -8.750002 -30.500000
v 46.000000 -8.500002 -30.500000
v 46.000000 -13.500002 -27.999998
v 46.000000 -13.500002 -29.999998
v 46.000000 -13.500002 -30.999998
v 46.000000 -13.500003 -33.000000
v 46.000000 -14.000003 -33.000000
v 46.000000 -14.000002 -30.999998
v 46.000000 -14.000002 -29.999998
v 46.000000 -14.000002 -29.499998
v 46.000000 -14.000002 -27.749998
v 46.000000 -14.000002 -26.999998
v 46.000000 -13.500002 -26.999998
v 46.000000 -8.750002 -31.000000
v 46.000000 -8.750002 -31.500000
v 46.000000 -8.750003 -33.000000
v 46.000000 -9.000003 -33.000000
v 46.000000 -9.000002 -30.500000
v 46.000000 -9.250003 -33.000000
v 46.000000 -9.250002 -31.000000
v 46.000000 -9.250002 -27.000000
v 46.500000 -9.000002 -29.500000
v 46.250000 -9.000002 -29.500000
v 46.500000 -8.500002 -29.500000
v 46.500000 -7.500002 -29.500000
v 46.500000 -5.500002 -29.500000
v 46.000000 -4.000002 -29.500000
v 46.250000 -4.000002 -29.500000
v 46.000000 -4.500002 -29.500000
v 46.500000 -4.000002 -34.000000
v 46.250000 -4.000002 -34.000000
v 46.250000 -4.000002 -30.500000
v 46.000000 -4.000002 -34.000000
v 46.000000 -4.000002 -30.500000
v 46.000000 -4.000002 -34.500000
v 46.000000 -6.750002 -31.500000
v 46.000000 -8.750003 -33.500000
v 46.000000 -6.750002 -33.500000
v 46.000000 -11.000003 -34.500000
v 46.500000 -9.000002 -30.500000
v 46.250000 -9.000002 -30.500000
v 46.500000 -5.500002 -30.500000
v 46.500000 -7.500002 -30.500000
v 46.500000 -8.500002 -30.500000
v 46.000000 -4.500002 -30.500000
v 46.000000 -4.000002 -25.500000
v 46.000000 -4.500002 -25.500000
v 46.000000 -5.000002 -25.500000
v 46.000000 -12.000002 -25.500000
v -12.000000 4.499996 -54.500000
v -10.500000 4.499996 -54.500000
v -10.500000 -2.500004 -54.500000
v -12.000000 -2.500004 -54.500000
v -10.500000 -7.000004 -54.500000
v -12.000000 -7.000004 -54.500000
v 23.500000 -13.500004 -54.500000
v 24.000000 -13.500004 -54.500000
v 24.000000 -14.000004 -54.500000
v 23.500000 -14.000004 -54.500000
v 23.500000 -12.500004 -54.500000
v 23.000000 -12.500004 -54.500000
v 23.000000 -11.500004 -54.500000
v 23.750000 -9.000004 -54.500000
v 24.000000 -9.000004 -54.500000
v 24.000000 -9.500004 -54.500000
v 23.500000 -10.500004 -54.500000
v 23.000000 -10.500004 -54.500000
v 29.000000 -9.000004 -54.500000
v 29.000000 -9.500004 -54.500000
v 39.750000 -9.500004 -54.500000
v 38.000000 -9.500004 -54.500000
v 38.000000 -9.000004 -54.500000
v 39.750000 -9.000004 -54.500000
v 33.000000 -9.500004 -54.500000
v 30.000000 -9.500004 -54.500000
v 30.000000 -9.000004 -54.500000
v 33.000000 -9.000004 -54.500000
v 37.000000 -9.500004 -54.500000
v 34.000000 -9.500004 -54.500000
v 34.000000 -9.000004 -54.500000
v 37.000000 -9.000004 -54.500000
v 44.000000 -3.750006 -78.000000
v 44.000000 -4.000006 -78.000000
v 44.000000 -10.750006 -78.000000
v 44.000000 -11.000006 -78.000000
v 44.000000 -3.750006 -76.000000
v 44.000000 -3.750005 -72.000000
v 44.000000 -4.000005 -72.000000
v 44.000000 -4.000006 -76.000000
v 44.000000 -10.750006 -72.000000
v 44.000000 -11.000006 -72.000000
v 44.000000 -11.000006 -76.000000
v 44.000000 -10.750006 -76.000000
v 44.000000 -4.000005 -70.000000
v 44.000000 -3.750005 -70.000000
v 44.000000 -3.750005 -66.000000
v 44.000000 -4.000005 -66.000000
v 44.000000 -11.000006 -70.000000
v 44.000000 -10.750006 -70.000000
v 44.000000 -10.750005 -66.000000
v 44.000000 -11.000005 -66.000000
v 44.000000 -3.750005 -64.000000
v 44.000000 -4.000004 -59.500000
v 44.000000 -4.000005 -64.000000
v 44.000000 -11.000005 -59.500000
v 44.000000 -11.000005 -64.000000
v 44.000000 -10.750005 -64.000000
v 44.000000 -12.000004 -55.500000
v 44.000000 -11.000004 -55.500000
v 44.000000 -10.000004 -55.500000
v 44.000000 -9.000004 -55.500000
v 44.000000 -9.000004 -54.500000
v 44.000000 -13.500004 -54.500000
v 44.000000 -13.500004 -55.500000
v 44.000000 -9.000004 -56.500000
v 44.000000 -9.000004 -56.000000
v 44.000000 -10.000004 -56.000000
v 44.000000 -10.000004 -56.500000
v 44.000000 -9.500005 -57.000000
v 44.000000 -9.000005 -57.000000
v 44.000000 -11.000004 -56.500000
v 44.000000 -12.000004 -56.500000
v 44.000000 -13.500004 -56.500000
v 44.000000 -13.500005 -57.000000
v 44.000000 -12.000004 -56.000000
v 44.000000 -13.500004 -56.000000
v -13.000000 -0.500005 -61.000000
v -13.000000 -0.000005 -61.000000
v -13.000000 3.499995 -61.000000
v -13.500000 3.499995 -61.437500
v -13.000000 -3.500005 -61.000000
v -13.000000 -5.000005 -61.000000
v -13.500000 3.999995 -61.437500
v 9.000000 -2.000004 -58.000000
v 9.000000 -1.000004 -58.000000
v 9.000000 -1.000004 -59.000000
v 9.000000 -6.000005 -65.000000
v 9.000000 -6.000005 -62.000000
v 9.000000 -6.000004 -58.000000
v 9.000000 -6.500004 -58.000000
v 9.000000 -6.500004 -59.000000
v 9.000000 -6.500005 -65.000000
v 9.000000 -6.500005 -66.000000
v 9.000000 -6.000005 -66.000000
v 9.000000 -1.000005 -66.000000
v 9.000000 -2.000005 -66.000000
v 9.000000 -1.000005 -65.000000
v 9.000000 -0.500004 -58.000000
v 9.000000 -0.500005 -62.500000
v 9.000000 -0.500005 -63.500000
v 9.000000 -0.500005 -65.000000
v 9.000000 -0.500005 -66.000000
v 9.000000 -0.000004 -57.500000
v 9.000000 -0.000004 -57.000000
v 9.000000 -0.000004 -55.500000
v 9.000000 -0.500004 -55.500000
v 9.000000 -2.000004 -55.500000
v 9.000000 -2.000004 -57.500000
v 9.000000 -0.000005 -61.500000
v 9.000000 -0.000005 -62.500000
v 9.000000 -0.000004 -58.000000
v 9.000000 -0.000005 -64.500000
v 9.000000 -0.000005 -66.000000
v 9.000000 -0.000005 -63.500000
v 9.000000 -0.000005 -68.000000
v 9.000000 -6.000005 -68.000000
v 9.000000 3.999994 -75.500000
v 9.000000 4.499994 -75.500000
v 9.000000 4.499995 -72.500000
v 9.000000 3.999995 -72.500000
v 22.500000 3.249995 -60.000000
v 22.500000 3.499995 -60.500000
v 22.500000 3.999995 -61.500000
v 20.500000 2.999995 -59.500000
v 22.500000 2.999995 -59.500000
v 24.500000 3.249995 -60.000000
v 24.500000 2.999995 -59.500000
v 28.000000 2.999995 -59.500000
v 28.000000 3.249995 -60.000000
v 28.000000 3.499995 -60.500000
v 24.500000 3.499995 -60.500000
v 30.000000 3.499995 -60.500000
v 30.000000 4.749995 -63.000000
v 24.000000 4.749995 -63.000000
v 23.500000 4.499995 -62.500000
v 30.000000 3.249995 -60.000000
v 30.000000 2.999995 -59.500000
v 34.000000 2.999995 -59.500000
v 34.000000 3.249995 -60.000000
v 34.000000 3.499995 -60.500000
v 34.000000 4.749995 -63.000000
v 30.500000 4.749995 -63.000000
v 40.000000 3.249995 -60.000000
v 40.000000 3.499995 -60.500000
v 36.000000 3.499995 -60.500000
v 36.000000 3.249995 -60.000000
v 36.000000 2.999995 -59.500000
v 40.000000 2.999995 -59.500000
v 37.500000 4.749995 -63.000000
v 40.500000 3.499995 -60.500000
v 41.000000 3.499995 -60.500000
v 42.000000 3.499995 -60.500000
v 42.000000 3.249995 -60.000000
v 42.000000 2.999995 -59.500000
v 30.500000 4.499995 -68.000000
v 24.500000 4.499995 -68.000000
v 23.500000 4.499995 -68.000000
v 23.500000 4.499995 -66.000000
v 23.500000 4.499995 -64.000000
v 23.500000 4.499995 -63.000000
v 30.500000 4.499995 -63.000000
v 37.500000 4.499995 -68.000000
v 31.500000 4.499995 -68.000000
v 37.500000 4.499995 -63.000000
v 40.500000 4.499995 -63.000000
v 40.500000 4.499995 -68.000000
v 38.500000 4.499995 -68.000000
v 24.500000 4.499995 -72.000000
v 24.500000 4.499994 -74.250000
v 23.500000 4.499994 -74.250000
v 23.500000 4.499995 -72.000000
v 23.500000 4.499995 -70.000000
v 28.000000 4.499994 -74.250000
v 27.000000 4.499994 -74.250000
v 25.000000 4.499994 -74.250000
v 28.000000 4.499995 -72.000000
v 25.000000 4.499994 -74.500000
v 24.000000 4.499994 -74.500000
v 23.500000 4.499994 -74.500000
v 28.000000 4.499994 -74.500000
v 27.000000 4.499994 -74.500000
v 31.500000 4.499995 -72.000000
v 38.500000 4.499995 -72.000000
v 32.000000 4.499995 -72.000000
v 40.500000 4.499995 -70.000000
v 40.500000 4.499995 -72.000000
v 39.000000 4.499995 -72.000000
v 39.000000 4.499994 -78.500000
v 32.000000 4.499994 -78.500000
v 32.000000 4.499994 -74.750000
v 32.000000 4.499994 -74.250000
v 40.500000 4.499994 -77.000000
v 40.500000 4.499994 -78.500000
v 39.000000 4.749994 -78.500000
v 32.000000 4.749994 -78.500000
v 32.000000 4.499994 -79.000000
v 39.000000 4.499994 -79.000000
v 39.000000 4.249994 -79.500000
v 36.000000 4.249994 -79.500000
v 34.000000 4.249994 -79.500000
v 32.000000 4.249994 -79.500000
v 40.000000 4.249994 -79.500000
v 34.000000 3.499994 -81.000000
v 34.000000 3.249994 -81.500000
v 32.000000 3.249994 -81.500000
v 32.000000 3.499994 -81.000000
v 32.000000 3.749994 -80.500000
v 36.000000 3.499994 -81.000000
v 36.000000 3.249994 -81.500000
v 40.000000 3.499994 -81.000000
v 40.000000 3.249994 -81.500000
v 42.000000 3.499994 -81.000000
v 41.000000 3.499994 -81.000000
v 40.500000 3.499994 -81.000000
v 42.000000 3.249994 -81.500000
v 24.750000 3.749994 -80.500000
v 27.250000 3.749994 -80.500000
v 24.250000 3.249994 -81.500000
v 27.750000 3.249994 -81.500000
v 20.500000 -8.000006 -81.500000
v 20.500000 -8.000006 -78.000000
v 20.500000 -8.000006 -75.000000
v 20.500000 -8.000006 -76.000000
v 20.500000 -11.000006 -74.500000
v 20.500000 -8.000006 -74.500000
v 20.500000 2.999994 -74.500000
v 20.500000 -2.750006 -74.500000
v 20.500000 -4.000006 -74.500000
v 20.500000 -4.000005 -72.000000
v 20.500000 -3.750005 -72.000000
v 20.500000 2.999995 -72.000000
v 20.500000 -11.000006 -72.000000
v 20.500000 -10.750006 -72.000000
v 20.500000 2.999995 -70.000000
v 20.500000 -3.750005 -70.000000
v 20.500000 -4.000005 -70.000000
v 20.500000 -4.000005 -66.000000
v 20.500000 -3.750005 -66.000000
v 20.500000 2.999995 -66.000000
v 20.500000 -10.750006 -70.000000
v 20.500000 -11.000006 -70.000000
v 20.500000 -11.000005 -66.000000
v 20.500000 -10.750005 -66.000000
v 20.500000 2.999995 -64.000000
v 20.500000 -3.750005 -64.000000
v 20.500000 -4.000005 -64.000000
v 20.500000 -4.000004 -59.500000
v 20.500000 -10.750005 -64.000000
v 20.500000 -11.000005 -64.000000
v 20.500000 -11.000005 -59.500000
v 20.500000 -6.000004 -59.500000
v 20.500000 -13.000005 -59.500000
v 20.500000 -10.000005 -59.000000
v 20.500000 -13.500005 -59.000000
v 20.500000 -13.500005 -58.500000
v 20.500000 -10.000005 -58.500000
v 22.500000 3.999995 -63.000000
v 22.500000 3.999995 -64.000000
v 21.500000 3.499995 -64.000000
v 21.000000 3.249995 -64.000000
v 21.500000 3.499995 -66.000000
v 21.500000 3.499995 -70.000000
v 21.000000 3.249995 -70.000000
v 21.000000 3.249995 -66.000000
v 21.500000 3.499995 -72.000000
v 22.000000 3.749994 -74.500000
v 21.500000 3.499994 -74.500000
v 21.000000 3.249994 -74.500000
v 21.000000 3.249995 -72.000000
v 23.000000 -13.000005 -59.500000
v 23.000000 -9.500005 -59.500000
v 23.000000 -6.000004 -59.500000
v 24.000000 -14.000005 -59.500000
v 24.000000 -13.500005 -59.500000
v 24.000000 -10.750005 -59.500000
v 24.000000 -10.000005 -59.500000
v 24.000000 -9.500005 -59.500000
v 25.000000 -10.000005 -59.500000
v 28.000000 -10.750005 -59.500000
v 28.000000 -10.000005 -59.500000
v 27.000000 -10.000005 -59.500000
v 28.000000 -9.500005 -59.500000
v 28.000000 -6.000004 -59.500000
v 28.000000 -4.000004 -59.500000
v 28.000000 -3.750005 -59.500000
v 34.000000 -3.750005 -59.500000
v 30.000000 -3.750005 -59.500000
v 30.000000 -4.000004 -59.500000
v 34.000000 -4.000004 -59.500000
v 30.000000 -10.750005 -59.500000
v 30.000000 -11.000005 -59.500000
v 34.000000 -11.000005 -59.500000
v 34.000000 -10.750005 -59.500000
v 30.000000 -12.500005 -59.500000
v 30.000000 -13.500005 -59.500000
v 40.000000 -3.750005 -59.500000
v 36.000000 -3.750005 -59.500000
v 36.000000 -4.000004 -59.500000
v 40.000000 -4.000004 -59.500000
v 36.000000 -10.750005 -59.500000
v 36.000000 -11.000005 -59.500000
v 40.000000 -11.000005 -59.500000
v 40.000000 -10.750005 -59.500000
v 42.000000 -3.750005 -59.500000
v 42.000000 -4.000004 -59.500000
v 42.000000 -10.750005 -59.500000
v 42.000000 -11.000005 -59.500000
v 42.000000 2.999994 -81.500000
v 42.000000 2.999994 -78.000000
v 42.000000 3.499994 -78.000000
v 42.000000 -3.750006 -81.500000
v 42.000000 -10.750006 -81.500000
v 42.000000 -4.000006 -81.500000
v 42.000000 -11.000006 -81.500000
v 42.000000 2.999994 -76.000000
v 42.000000 2.999994 -74.500000
v 42.000000 2.999995 -72.000000
v 42.000000 3.499995 -72.000000
v 42.000000 3.499995 -74.000000
v 42.000000 3.499994 -76.000000
v 42.000000 3.499995 -67.000000
v 42.000000 3.499995 -70.000000
v 42.000000 2.999995 -70.000000
v 42.000000 2.999995 -67.500000
v 42.000000 2.999995 -66.000000
v 42.000000 3.499995 -66.000000
v 42.000000 3.499995 -64.000000
v 42.000000 2.999995 -64.000000
v 42.000000 2.999995 -60.000000
v 42.000000 -3.750005 -60.000000
v 42.000000 -4.000004 -60.000000
v 42.000000 -10.750005 -60.000000
v 42.000000 -11.000005 -60.000000
v 43.500000 2.999995 -70.000000
v 43.500000 -3.750005 -70.000000
v 43.500000 -10.750006 -70.000000
v 43.500000 -4.000005 -70.000000
v 43.500000 -11.000006 -70.000000
v 43.500000 2.999994 -76.000000
v 43.500000 -3.750006 -76.000000
v 43.500000 -10.750006 -76.000000
v 43.500000 -4.000006 -76.000000
v 43.500000 -11.000006 -76.000000
v 43.500000 2.999994 -78.000000
v 43.500000 -3.750006 -78.000000
v 43.500000 -4.000006 -78.000000
v 43.500000 -10.750006 -78.000000
v 43.500000 -11.000006 -78.000000
v 43.500000 2.999995 -72.000000
v 43.500000 -3.750005 -72.000000
v 43.500000 -4.000005 -72.000000
v 43.500000 -10.750006 -72.000000
v 43.500000 -11.000006 -72.000000
v 43.500000 2.999995 -64.000000
v 43.500000 -3.750005 -64.000000
v 43.500000 -10.750005 -64.000000
v 43.500000 -4.000005 -64.000000
v 43.500000 -11.000005 -64.000000
v 43.500000 2.999995 -66.000000
v 43.500000 -3.750005 -66.000000
v 43.500000 -4.000005 -66.000000
v 43.500000 -10.750005 -66.000000
v 43.500000 -11.000005 -66.000000
v 41.000000 -8.750006 -79.000000
v 41.000000 -10.000006 -79.000000
v 41.000000 -10.000006 -78.500000
v 41.000000 -10.000006 -74.500000
v 41.000000 -8.750006 -74.500000
v 41.000000 -8.588240 -68.500000
v 41.000000 -8.352947 -67.500000
v 41.000000 -8.000005 -66.000000
v 41.000000 -6.941181 -61.500000
v 41.000000 -6.750005 -61.500000
v 41.000000 -6.750005 -63.250000
v 41.000000 -6.750005 -64.750000
v 41.000000 -6.750005 -66.000000
v 41.000000 -7.102946 -67.500000
v 41.000000 -7.338240 -68.500000
v 41.000000 -5.250005 -64.750000
v 41.000000 -5.250005 -63.250000
v 41.000000 -8.000005 -61.500000
v 41.000000 2.999995 -60.000000
v 41.000000 -4.000004 -60.000000
v 41.000000 -11.000005 -60.000000
v 41.000000 2.999994 -81.500000
v 41.000000 -4.000006 -81.500000
v 41.000000 -11.000006 -81.500000
v 41.000000 2.999994 -74.500000
v 41.000000 2.999995 -67.500000
v 41.000000 3.499995 -74.000000
v 41.000000 3.499995 -67.000000
v 22.500000 -12.500005 -60.000000
v 22.500000 -13.500005 -60.000000
v 22.000000 -13.500005 -60.000000
v 22.000000 -12.500005 -60.000000
v 23.000000 -13.500005 -60.000000
v 24.000000 -13.500005 -60.000000
v 24.000000 -14.000005 -60.000000
v 23.000000 -14.000005 -60.000000
v 22.500000 -14.000005 -60.000000
v 22.000000 -14.000005 -60.000000
v 29.000000 2.999995 -60.000000
v 28.000000 2.999995 -60.000000
v 28.000000 -3.750005 -60.000000
v 28.000000 -4.000004 -60.000000
v 29.000000 -4.000004 -60.000000
v 28.000000 -10.750005 -60.000000
v 28.000000 -11.000005 -60.000000
v 29.000000 -11.000005 -60.000000
v 28.000000 -13.500005 -60.000000
v 29.000000 -13.500005 -60.000000
v 29.000000 -12.500005 -60.000000
v 30.000000 -14.000005 -60.000000
v 28.000000 -14.000005 -60.000000
v 29.500000 -13.500005 -60.000000
v 29.500000 -12.500005 -60.000000
v 30.000000 -3.750005 -60.000000
v 30.000000 2.999995 -60.000000
v 30.000000 -4.000004 -60.000000
v 30.000000 -11.000005 -60.000000
v 30.000000 -10.750005 -60.000000
v 30.000000 -12.500005 -60.000000
v 36.000000 -3.750005 -60.000000
v 36.000000 2.999995 -60.000000
v 34.000000 2.999995 -60.000000
v 34.000000 -3.750005 -60.000000
v 34.000000 -4.000004 -60.000000
v 36.000000 -4.000004 -60.000000
v 34.000000 -10.750005 -60.000000
v 34.000000 -11.000005 -60.000000
v 36.000000 -11.000005 -60.000000
v 36.000000 -10.750005 -60.000000
v 40.500000 2.999995 -60.000000
v 40.000000 2.999995 -60.000000
v 40.000000 -3.750005 -60.000000
v 40.000000 -4.000004 -60.000000
v 40.000000 -10.750005 -60.000000
v 40.000000 -11.000005 -60.000000
v 40.500000 -8.000005 -63.000000
v 40.500000 -8.000005 -65.000000
v 40.500000 -7.500005 -62.750000
v 40.500000 -7.500005 -65.000000
v 40.500000 -7.264711 -65.000000
v 40.500000 -6.750005 -65.000000
v 40.500000 -6.750005 -64.750000
v 40.500000 -6.750005 -63.250000
v 40.500000 -6.750005 -62.000000
v 40.500000 -7.500005 -62.000000
v 40.500000 -7.500005 -66.000000
v 40.500000 -5.250005 -63.250000
v 40.500000 -5.250005 -64.750000
v 40.500000 -8.161771 -72.000000
v 40.500000 -7.102946 -67.500000
v 40.500000 -6.750005 -66.000000
v 40.500000 -7.852946 -67.500000
v 40.500000 -8.911771 -72.000000
v 40.500000 -9.500006 -74.500000
v 40.500000 -8.750006 -74.500000
v 40.500000 -10.000006 -75.500000
v 40.500000 -10.000006 -77.500000
v 40.500000 -9.500006 -77.750000
v 40.500000 -9.500006 -78.500000
v 40.500000 -8.750006 -78.500000
v 40.500000 2.999994 -81.500000
v 40.500000 -4.000006 -81.500000
v 40.500000 -11.000006 -81.500000
v 40.500000 2.999994 -74.500000
v 40.500000 2.999995 -67.500000
v 40.500000 3.499994 -74.500000
v 40.500000 3.499995 -74.000000
v 40.500000 3.499995 -67.000000
v 40.500000 3.499995 -67.500000
v 40.500000 -8.750006 -79.000000
v 40.500000 -10.000006 -79.000000
v 40.500000 -8.000005 -61.500000
v 40.500000 -6.750005 -61.500000
v 40.500000 -10.000006 -78.500000
v 40.500000 -10.000006 -74.500000
v 40.500000 -8.000005 -66.000000
v 40.500000 -8.000005 -62.000000
v 40.500000 -8.352947 -67.500000
v 40.000000 -3.750006 -81.500000
v 40.000000 2.999994 -81.500000
v 40.000000 -4.000006 -81.500000
v 40.000000 -11.000006 -81.500000
v 40.000000 -10.750006 -81.500000
v 34.000000 -3.750006 -81.500000
v 34.000000 2.999994 -81.500000
v 36.000000 2.999994 -81.500000
v 36.000000 -3.750006 -81.500000
v 36.000000 -4.000006 -81.500000
v 34.000000 -4.000006 -81.500000
v 36.000000 -10.750006 -81.500000
v 36.000000 -11.000006 -81.500000
v 34.000000 -11.000006 -81.500000
v 34.000000 -10.750006 -81.500000
v 28.500000 -8.000006 -81.500000
v 30.000000 -8.000006 -81.500000
v 28.000000 -8.000006 -81.500000
v 24.250000 -8.000006 -81.500000
v 22.250000 -8.000006 -81.500000
v 32.000000 -3.500006 -81.500000
v 32.000000 -3.750006 -81.500000
v 32.000000 -6.500006 -81.500000
v 32.000000 -6.000006 -81.500000
v 32.000000 -5.500006 -81.500000
v 32.000000 -7.500006 -81.500000
v 32.000000 -7.000006 -81.500000
v 32.500000 -8.000006 -81.500000
v 32.500000 -7.500006 -81.500000
v 32.000000 -8.000006 -81.500000
v 31.500000 -8.000006 -81.500000
v 21.000000 -8.000006 -81.500000
v 28.000000 -3.000006 -81.500000
v 24.000000 -3.000006 -81.500000
v 28.000000 2.999994 -81.500000
v 24.000000 2.999994 -81.500000
v 24.750000 3.749994 -80.000000
v 27.250000 3.749994 -80.000000
v 27.250000 3.749994 -79.000000
v 24.750000 3.749994 -79.000000
v 24.750000 3.749994 -76.000000
v 27.250000 3.749994 -76.000000
v 32.000000 3.749995 -72.000000
v 28.000000 3.749995 -72.000000
v 32.000000 3.749994 -74.750000
v 32.000000 3.749994 -74.500000
v 32.000000 3.749994 -74.250000
v 25.000000 3.749994 -74.250000
v 25.000000 3.749994 -74.500000
v 27.000000 3.749994 -74.500000
v 27.000000 3.749994 -74.250000
v 28.000000 3.749994 -74.500000
v 24.750000 3.749994 -74.500000
v 24.000000 3.749994 -74.500000
v 21.000000 -13.500005 -64.000000
v 21.000000 -12.500005 -64.000000
v 21.000000 -12.500005 -61.000000
v 21.000000 -13.500005 -61.000000
v 21.000000 -14.000005 -66.000000
v 21.000000 -14.000005 -64.000000
v 21.000000 -14.000005 -61.000000
v 21.000000 -3.750005 -64.000000
v 21.000000 2.999995 -64.000000
v 21.000000 2.999995 -66.000000
v 21.000000 -3.750005 -66.000000
v 21.000000 -4.000005 -66.000000
v 21.000000 -4.000005 -64.000000
v 21.000000 -10.750005 -66.000000
v 21.000000 -11.000005 -66.000000
v 21.000000 -11.000005 -64.000000
v 21.000000 -10.750005 -64.000000
v 21.000000 -12.500005 -66.000000
v 21.000000 -14.000005 -68.000000
v 21.000000 -14.000005 -68.500000
v 21.000000 -13.500005 -68.500000
v 21.000000 -13.500005 -66.000000
v 21.000000 -12.500005 -68.500000
v 21.000000 -3.750005 -70.000000
v 21.000000 2.999995 -70.000000
v 21.000000 2.999995 -72.000000
v 21.000000 -3.750005 -72.000000
v 21.000000 -4.000005 -72.000000
v 21.000000 -4.000005 -70.000000
v 21.000000 -10.750006 -72.000000
v 21.000000 -11.000006 -72.000000
v 21.000000 -11.000006 -70.000000
v 21.000000 -10.750006 -70.000000
v 21.000000 -8.000006 -78.000000
v 21.000000 -8.000006 -76.000000
v 24.500000 3.499994 -79.000000
v 24.000000 2.999994 -79.000000
v 24.000000 2.999994 -76.000000
v 24.500000 3.499994 -76.000000
v 24.000000 2.999994 -80.000000
v 24.500000 3.499994 -80.000000
v 28.000000 -12.000006 -74.500000
v 28.500000 -12.000006 -74.500000
v 28.500000 -11.882359 -74.500000
v 24.000000 2.499994 -74.500000
v 24.000000 2.999994 -74.500000
v 24.500000 2.999994 -74.500000
v 25.000000 2.999994 -74.500000
v 25.000000 2.499994 -74.500000
v 28.000000 2.499994 -74.500000
v 27.000000 2.499994 -74.500000
v 28.000000 1.999994 -74.500000
v 24.000000 1.999994 -74.500000
v 24.500000 3.499994 -74.500000
v 23.000000 -4.000006 -74.500000
v 21.000000 -4.000006 -74.500000
v 21.000000 -2.750006 -74.500000
v 23.000000 -2.750006 -74.500000
v 24.000000 -3.500006 -74.500000
v 23.500000 -3.500006 -74.500000
v 23.500000 -2.750006 -74.500000
v 23.500000 2.499994 -74.500000
v 21.000000 -0.000006 -74.500000
v 23.500000 -4.000006 -74.500000
v 28.000000 -4.000006 -74.500000
v 28.000000 -8.000006 -74.500000
v 21.000000 -8.000006 -74.500000
v 25.000000 -12.000006 -74.500000
v 27.000000 -12.000006 -74.500000
v 36.000000 -8.750006 -74.500000
v 36.000000 -8.867653 -74.500000
v 36.500000 -8.750006 -74.500000
v 31.000000 -10.044124 -74.500000
v 31.000000 -8.000006 -74.500000
v 29.000000 -8.000006 -74.500000
v 29.000000 -10.514711 -74.500000
v 31.000000 -11.294124 -74.500000
v 29.000000 -11.764711 -74.500000
v 35.000000 -9.102948 -74.500000
v 28.000000 -10.750006 -74.500000
v 28.000000 -11.500006 -74.500000
v 35.000000 -9.852948 -74.500000
v 36.500000 -9.500006 -74.500000
v 37.500000 -10.000006 -74.500000
v 39.500000 -10.000006 -74.500000
v 32.000000 -5.500006 -78.500000
v 32.000000 -5.500006 -79.500000
v 32.500000 -5.500006 -79.500000
v 32.500000 -5.500006 -78.500000
v 31.500000 -1.000006 -77.250000
v 31.500000 -0.500006 -77.250000
v 31.500000 -0.500006 -74.750000
v 31.500000 -1.000006 -74.750000
v 36.000000 2.999994 -78.000000
v 36.000000 3.499994 -78.000000
v 36.000000 2.999994 -76.000000
v 36.000000 2.999994 -74.500000
v 36.000000 3.499994 -74.500000
v 36.000000 3.499994 -76.000000
v 40.000000 2.999994 -78.000000
v 40.000000 2.999994 -76.000000
v 40.000000 2.999994 -74.500000
v 40.000000 3.499994 -76.000000
v 40.000000 3.499994 -74.500000
v 40.000000 3.499994 -78.000000
v 34.000000 3.499994 -78.000000
v 34.000000 2.999994 -78.000000
v 34.000000 2.999994 -76.000000
v 34.000000 3.499994 -76.000000
v 34.000000 3.499994 -74.500000
v 34.000000 2.999994 -74.500000
v 32.000000 2.999994 -79.500000
v 32.000000 3.499994 -79.500000
v 32.000000 -3.500006 -79.500000
v 32.000000 -4.250006 -79.500000
v 32.000000 3.499994 -78.000000
v 32.000000 3.499994 -76.000000
v 32.000000 3.499994 -74.750000
v 32.000000 2.999994 -74.750000
v 32.000000 2.999994 -76.000000
v 32.000000 -1.000006 -74.750000
v 32.000000 -3.250006 -74.750000
v 32.000000 -3.250006 -74.500000
v 32.000000 2.499994 -74.500000
v 32.000000 -4.250006 -74.750000
v 32.000000 -4.250006 -74.500000
v 32.000000 -1.000006 -77.250000
v 32.000000 2.999994 -77.250000
v 32.000000 2.999994 -78.000000
v 32.000000 -4.250006 -78.500000
v 32.000000 -4.250006 -77.250000
v 32.000000 -5.000006 -78.500000
v 32.000000 -4.500006 -78.500000
v 32.000000 -4.500006 -75.000000
v 32.000000 -4.250006 -75.000000
v 32.000000 -5.500006 -75.000000
v 32.000000 -5.000006 -75.000000
v 32.000000 -5.500006 -74.500000
v 32.500000 -4.500006 -78.500000
v 32.500000 -4.500006 -75.000000
v 32.500000 -5.000006 -78.500000
v 32.500000 -5.000006 -75.000000
v 31.500000 -4.250006 -74.750000
v 31.500000 -4.250006 -77.250000
v 28.000000 2.999994 -80.000000
v 28.000000 -3.000006 -80.000000
v 28.000000 -3.500006 -79.000000
v 28.000000 2.999994 -79.000000
v 28.000000 2.999994 -76.000000
v 28.000000 -3.500006 -76.000000
v 28.000000 1.999994 -75.000000
v 28.000000 -2.750006 -74.500000
v 28.000000 -3.500006 -74.500000
v 28.000000 -3.500006 -75.000000
v 28.500000 -0.500006 -74.750000
v 28.500000 -0.500006 -77.250000
v 28.500000 -4.250006 -74.750000
v 28.500000 -4.250006 -77.250000
v 21.000000 -0.000006 -79.000000
v 23.000000 -0.000006 -79.000000
v 23.000000 -3.500006 -79.000000
v 21.000000 -3.500006 -79.000000
v 24.500000 2.749994 -79.000000
v 24.500000 3.249994 -79.000000
v 25.000000 3.249994 -79.000000
v 27.500000 3.249994 -79.000000
v 27.500000 2.749994 -79.000000
v 27.000000 3.249994 -79.000000
v 24.000000 -3.500006 -79.000000
v 23.500000 -3.500006 -79.000000
v 23.500000 -0.000006 -79.000000
v 24.000000 -0.000006 -79.000000
v 24.500000 -3.500006 -79.000000
v 27.500000 3.499994 -79.000000
v 27.500000 -3.500006 -79.000000
v 24.500000 -3.500006 -80.000000
v 27.500000 -3.500006 -80.000000
v 23.000000 -3.500006 -81.000000
v 23.500000 -3.500006 -81.000000
v 24.000000 -3.000006 -80.000000
v 27.500000 3.499994 -80.000000
v 27.500000 3.249994 -80.000000
v 27.500000 2.749994 -80.000000
v 27.500000 -3.000006 -80.000000
v 24.500000 3.249994 -80.000000
v 25.000000 3.249994 -80.000000
v 27.000000 3.249994 -80.000000
v 24.500000 2.749994 -80.000000
v 24.500000 -3.000006 -80.000000
v 23.500000 -0.000006 -79.500000
v 23.000000 -0.000006 -79.500000
v 23.000000 -0.000006 -81.000000
v 23.500000 -0.000006 -81.000000
v 27.500000 -3.500006 -76.000000
v 24.500000 -3.500006 -76.000000
v 24.000000 -3.500006 -76.000000
v 21.000000 -3.500006 -76.000000
v 27.500000 -3.500006 -75.000000
v 24.500000 -3.500006 -75.000000
v 24.000000 -3.500006 -75.000000
v 24.000000 -0.000006 -76.000000
v 24.000000 1.999994 -75.000000
v 24.500000 3.249994 -76.000000
v 24.500000 2.749994 -76.000000
v 25.000000 3.249994 -76.000000
v 27.500000 3.249994 -76.000000
v 27.500000 2.749994 -76.000000
v 27.500000 3.499994 -76.000000
v 27.000000 3.249994 -76.000000
v 25.000000 3.249994 -75.000000
v 27.000000 3.249994 -75.000000
v 24.500000 2.749994 -75.000000
v 24.500000 1.999994 -75.000000
v 27.500000 1.999994 -75.000000
v 27.500000 2.749994 -75.000000
v 23.500000 -0.000006 -76.000000
v 21.000000 -0.000006 -76.000000
v 32.500000 -6.000006 -79.500000
v 32.000000 -6.000006 -79.500000
v 32.000000 -6.000006 -78.500000
v 32.500000 -6.000006 -78.500000
v 32.000000 -6.000006 -75.000000
v 32.000000 -6.000006 -74.500000
v 32.000000 -6.500006 -79.500000
v 32.000000 -6.500006 -80.500000
v 32.500000 -6.500006 -80.500000
v 32.500000 -6.500006 -79.500000
v 32.000000 -6.500006 -74.500000
v 32.500000 -7.000006 -80.500000
v 32.000000 -7.000006 -80.500000
v 32.000000 -7.000006 -79.500000
v 32.500000 -7.000006 -79.500000
v 32.000000 -7.000006 -74.500000
v 36.500000 -10.000006 -77.500000
v 36.500000 -10.000006 -75.500000
v 39.687500 -10.000006 -79.000000
v 36.500000 -10.000006 -79.000000
v 36.500000 -10.000006 -78.500000
v 37.500000 -10.000006 -78.500000
v 39.500000 -10.000006 -78.500000
v 36.500000 -10.000006 -74.500000
v 39.250000 -7.250006 -78.500000
v 39.250000 -8.750006 -78.500000
v 37.750000 -8.750006 -78.500000
v 37.750000 -7.250006 -78.500000
v 36.500000 -8.750006 -78.500000
v 37.500000 -8.750006 -78.500000
v 37.500000 -9.264711 -78.500000
v 36.500000 -9.500006 -78.500000
v 37.500000 -9.500006 -78.500000
v 39.750000 -9.500006 -78.500000
v 36.500000 -8.750006 -79.000000
v 37.750000 -8.750006 -79.000000
v 39.250000 -8.750006 -79.000000
v 39.843750 -8.750006 -79.000000
v 37.750000 -7.250006 -79.000000
v 39.250000 -7.250006 -79.000000
v 39.784092 -9.227279 -79.000000
v 40.343750 -8.250006 -77.906250
v 39.906250 -8.250006 -77.906250
v 39.906250 -8.250006 -78.343750
v 40.343750 -8.250006 -78.343750
v 39.750000 -9.500006 -77.750000
v 39.750000 -9.500006 -74.500000
v 32.000000 -8.000006 -80.500000
v 32.500000 -8.000006 -80.500000
v 28.500000 -8.000006 -78.000000
v 28.500000 -8.000006 -76.000000
v 28.500000 -8.000006 -75.000000
v 29.500000 -8.000006 -75.000000
v 30.500000 -8.000006 -75.000000
v 31.500000 -8.000006 -75.000000
v 31.500000 -8.000006 -74.500000
v 32.000000 -8.000006 -74.500000
v 32.000000 -8.000006 -79.500000
v 28.500000 -8.000006 -74.500000
v 21.000000 -8.000006 -75.000000
v 32.500000 -7.500006 -80.500000
v 32.000000 -7.500006 -80.500000
v 32.000000 -7.500006 -79.500000
v 23.500000 -11.058829 -78.500000
v 23.500000 -12.000006 -78.500000
v 23.500000 -12.000006 -79.000000
v 23.500000 -10.750006 -79.000000
v 23.500000 -10.750006 -78.500000
v 23.500000 -12.000006 -74.500000
v 23.500000 -10.750006 -74.500000
v 28.000000 -12.000006 -75.500000
v 24.000000 -12.000006 -75.500000
v 24.000000 -12.000006 -74.500000
v 24.000000 -12.000006 -77.500000
v 24.000000 -12.000006 -78.500000
v 28.000000 -12.000006 -78.500000
v 27.000000 -12.000006 -78.500000
v 28.000000 -12.000006 -77.500000
v 25.000000 -12.000006 -78.500000
v 28.000000 -12.000006 -79.000000
v 24.812500 -12.000006 -79.000000
v 28.000000 -10.750006 -78.500000
v 24.812500 -11.500006 -78.500000
v 24.750000 -11.500006 -78.500000
v 24.000000 -11.500006 -78.500000
v 24.000000 -10.750006 -78.500000
v 31.812500 -10.602948 -78.500000
v 28.000000 -11.500006 -78.500000
v 31.812500 -9.852948 -78.500000
v 35.000000 -9.102948 -78.500000
v 35.000000 -9.852948 -78.500000
v 28.000000 -10.750006 -79.000000
v 24.656250 -10.750006 -79.000000
v 24.751785 -11.514292 -79.000000
v 31.751785 -9.867232 -79.000000
v 31.751785 -11.117232 -79.000000
v 35.000000 -9.102948 -79.000000
v 35.000000 -10.352948 -79.000000
v 35.000000 -10.352948 -78.500000
v 24.000000 -11.500006 -77.750000
v 24.000000 -11.500006 -74.500000
v 24.000000 -10.750006 -74.500000
v 24.156250 -10.250006 -78.343750
v 24.156250 -10.250006 -77.906250
v 28.000000 -11.500006 -77.750000
v 24.593750 -10.250006 -78.343750
v 24.593750 -10.250006 -77.906250
v 24.750000 -11.500006 -77.750000
v 35.000000 -10.352948 -74.500000
v 25.000000 2.499994 -74.250000
v 27.000000 2.499994 -74.250000
v 28.000000 3.499995 -72.000000
v 28.000000 2.999995 -72.000000
v 28.000000 2.499995 -72.000000
v 28.000000 2.999995 -70.000000
v 28.000000 3.499995 -70.000000
v 28.000000 3.499995 -66.000000
v 28.000000 2.999995 -66.000000
v 28.000000 2.999995 -64.000000
v 28.000000 3.499995 -64.000000
v 40.000000 2.999995 -72.000000
v 40.000000 3.499995 -72.000000
v 40.000000 2.999995 -67.500000
v 40.000000 2.999995 -70.000000
v 40.000000 3.499995 -70.000000
v 40.000000 3.499995 -67.500000
v 40.000000 3.499995 -66.000000
v 40.000000 2.999995 -66.000000
v 40.000000 2.999995 -64.000000
v 40.000000 3.499995 -64.000000
v 36.000000 2.999995 -72.000000
v 37.000000 3.499995 -72.000000
v 36.000000 3.499995 -72.000000
v 32.000000 2.999995 -72.000000
v 34.000000 2.999995 -72.000000
v 34.000000 3.499995 -72.000000
v 32.000000 3.499995 -72.000000
v 30.000000 3.499995 -72.000000
v 28.500000 2.999995 -72.000000
v 30.000000 2.999995 -72.000000
v 32.000000 2.499995 -72.000000
v 28.500000 2.499995 -72.000000
v 32.000000 2.499994 -74.250000
v 30.000000 3.499995 -64.000000
v 30.000000 2.999995 -64.000000
v 30.000000 3.499995 -70.000000
v 30.000000 2.999995 -70.000000
v 30.000000 2.999995 -66.000000
v 30.000000 3.499995 -66.000000
v 34.000000 2.999995 -65.000000
v 34.000000 2.999995 -66.000000
v 30.000000 2.999995 -65.000000
v 34.000000 2.999995 -64.000000
v 36.000000 2.999995 -66.000000
v 36.000000 2.999995 -65.000000
v 36.000000 2.999995 -64.000000
v 34.000000 2.999995 -70.000000
v 36.000000 2.999995 -70.000000
v 36.000000 3.499995 -70.000000
v 37.000000 3.499995 -70.000000
v 34.000000 3.499995 -70.000000
v 36.000000 3.499995 -63.000000
v 36.000000 3.499995 -64.000000
v 36.000000 3.499995 -66.000000
v 34.000000 3.499995 -64.000000
v 34.000000 3.499995 -63.000000
v 34.000000 3.499995 -66.000000
v 30.000000 3.499995 -65.000000
v 28.000000 2.999995 -65.000000
v 28.000000 3.499995 -65.000000
v 24.500000 2.999995 -72.000000
v 24.500000 3.499995 -72.000000
v 24.500000 3.499995 -70.000000
v 24.500000 2.999995 -70.000000
v 24.500000 2.999995 -67.500000
v 24.500000 2.999995 -66.000000
v 24.500000 3.499995 -66.000000
v 24.500000 3.499995 -64.000000
v 24.500000 2.999995 -64.000000
v 24.500000 2.999995 -60.000000
v 24.000000 2.999995 -67.500000
v 24.000000 2.999995 -60.000000
v 36.500000 -10.000006 -74.000000
v 36.500000 -9.882359 -74.000000
v 36.500000 -9.264711 -73.500000
v 36.500000 -7.852946 -67.500000
v 36.500000 -7.617652 -66.500000
v 36.500000 -6.867652 -66.500000
v 36.500000 -8.000006 -71.312500
v 36.500000 -8.514711 -73.500000
v 36.500000 -8.632359 -74.000000
v 36.500000 -7.500005 -66.000000
v 36.500000 -6.750005 -66.000000
v 36.500000 -6.750005 -66.500000
v 36.500000 -8.000005 -65.000000
v 36.500000 -8.000005 -63.000000
v 40.343750 -6.250005 -62.593750
v 40.343750 -6.250005 -62.156250
v 39.906250 -6.250005 -62.156250
v 39.906250 -6.250005 -62.593750
v 39.500000 -8.000005 -66.000000
v 37.500000 -8.000005 -66.000000
v 36.500000 -8.352947 -67.500000
v 36.500000 -8.235299 -67.000000
v 36.500000 -8.000005 -66.000000
v 39.750000 -7.500005 -66.000000
v 37.500000 -8.000005 -62.000000
v 36.500000 -8.000005 -62.000000
v 39.500000 -8.000005 -62.000000
v 36.500000 -8.000005 -61.500000
v 39.750000 -7.500005 -62.000000
v 36.500000 -6.750005 -62.000000
v 36.500000 -7.500005 -62.000000
v 39.750000 -7.500005 -62.750000
v 36.500000 -6.750005 -61.500000
v 22.500000 -6.000005 -62.000000
v 22.500000 -6.000005 -66.500000
v 22.500000 -4.750005 -66.500000
v 22.500000 -4.750005 -62.000000
v 22.500000 -4.750005 -61.500000
v 22.500000 -6.000005 -61.500000
v 22.500000 -13.500005 -61.000000
v 22.500000 -12.500005 -61.000000
v 22.500000 -12.500005 -61.500000
v 22.500000 -13.500005 -61.500000
v 28.500000 -8.000006 -72.500000
v 28.500000 -8.000006 -73.000000
v 28.500000 -8.000006 -74.000000
v 28.000000 -8.000006 -72.000000
v 28.500000 -8.000006 -72.000000
v 29.000000 -8.000006 -72.500000
v 31.500000 -8.000006 -72.500000
v 31.000000 -8.000006 -72.500000
v 30.000000 -8.000006 -72.500000
v 32.000000 -8.000006 -72.000000
v 32.000000 -8.000006 -72.500000
v 31.500000 -8.000006 -73.000000
v 31.500000 -8.000006 -74.000000
v 24.250000 -3.250005 -62.000000
v 24.250000 -4.750005 -62.000000
v 25.750000 -4.750005 -62.000000
v 25.750000 -3.250005 -62.000000
v 23.750000 -5.500005 -62.000000
v 25.750000 -5.500005 -62.000000
v 25.750000 -4.970593 -62.000000
v 23.000000 -4.750005 -62.000000
v 23.000000 -5.500005 -62.000000
v 28.000000 -5.500005 -62.000000
v 33.312500 -6.750005 -62.000000
v 35.000000 -7.147064 -62.000000
v 32.750000 -5.867652 -62.000000
v 28.000000 -4.750005 -62.000000
v 32.750000 -6.617652 -62.000000
v 35.000000 -6.397064 -62.000000
v 23.000000 -2.985300 -73.500000
v 23.000000 -4.397064 -67.500000
v 23.000000 -4.632358 -66.500000
v 23.000000 -4.750005 -66.500000
v 23.000000 -5.882358 -66.500000
v 23.000000 -5.647064 -67.500000
v 23.000000 -4.235300 -73.500000
v 23.000000 -4.750005 -66.000000
v 23.000000 -5.500005 -62.750000
v 23.000000 -4.750005 -65.500000
v 23.000000 -5.500005 -65.500000
v 23.000000 -6.000005 -66.500000
v 23.000000 -6.000005 -66.000000
v 23.000000 -8.000005 -65.000000
v 23.000000 -7.000005 -65.000000
v 23.000000 -6.000005 -65.000000
v 23.000000 -6.000005 -63.000000
v 23.000000 -7.000005 -63.000000
v 23.000000 -8.000005 -63.000000
v 35.000000 -7.147064 -66.000000
v 28.500000 -5.617652 -66.000000
v 28.500000 -4.867652 -66.000000
v 35.500000 -6.514711 -66.000000
v 35.500000 -7.264711 -66.000000
v 36.000000 -6.632358 -66.000000
v 36.000000 -8.000005 -66.000000
v 36.000000 -7.882358 -66.000000
v 28.000000 -5.500005 -66.000000
v 28.000000 -4.750005 -66.000000
v 28.500000 -4.750005 -66.000000
v 28.000000 -6.000005 -66.000000
v 28.000000 -6.000005 -66.500000
v 28.000000 -5.882358 -66.500000
v 28.000000 -5.147064 -67.500000
v 28.000000 -4.088240 -72.000000
v 28.000000 -3.338240 -72.000000
v 28.000000 -2.750005 -72.000000
v 28.000000 -4.588240 -72.000000
v 28.500000 -4.588240 -72.000000
v 28.500000 -2.750005 -72.000000
v 28.500000 -3.338240 -72.000000
v 32.000000 -4.500005 -72.000000
v 28.500000 -4.500005 -72.000000
v 32.000000 -6.000005 -72.000000
v 32.000000 -4.250006 -74.250000
v 32.000000 -6.000006 -74.250000
v 32.000000 -4.500006 -74.250000
v 28.500000 -4.632358 -66.500000
v 36.000000 -7.882358 -70.812500
v 36.000000 -6.867652 -66.500000
v 36.000000 -7.882358 -66.500000
v 36.000000 -8.000006 -71.312500
v 36.000000 -6.632358 -66.500000
v 29.000000 -6.235299 -66.500000
v 29.000000 -6.000005 -66.500000
v 28.500000 -6.000005 -66.500000
v 29.000000 -4.985299 -66.500000
v 28.500000 -4.867652 -66.500000
v 28.500000 -5.882358 -66.500000
v 35.000000 -7.647064 -66.500000
v 28.000000 -5.647064 -67.500000
v 29.000000 -6.235299 -66.000000
v 31.187500 -6.750005 -66.000000
v 35.000000 -7.647064 -66.000000
v 23.500000 -3.852947 -73.000000
v 23.500000 -5.147064 -67.500000
v 23.500000 -5.500005 -66.000000
v 23.500000 -4.750005 -66.000000
v 23.500000 -4.397064 -67.500000
v 23.500000 -3.102947 -73.000000
v 23.750000 -5.500005 -66.000000
v 23.500000 -5.647064 -67.500000
v 23.500000 -6.000005 -66.000000
v 27.000000 -6.000005 -66.000000
v 23.593750 -4.250005 -62.156250
v 23.156250 -4.250005 -62.156250
v 23.750000 -5.500005 -62.750000
v 23.593750 -4.250005 -62.593750
v 23.156250 -4.250005 -62.593750
v 27.000000 -6.000005 -63.000000
v 27.000000 -7.000005 -63.000000
v 27.000000 -7.000005 -62.750000
v 27.000000 -6.000005 -62.750000
v 27.000000 -6.000005 -65.250000
v 27.000000 -7.000005 -65.250000
v 27.000000 -7.000005 -65.000000
v 27.000000 -6.000005 -65.000000
v 29.000000 -6.235299 -65.000000
v 29.000000 -6.235299 -63.000000
v 31.187500 -6.750005 -63.000000
v 31.187500 -6.750005 -62.000000
v 28.000000 -6.000005 -63.000000
v 28.000000 -6.000005 -62.000000
v 35.000000 -7.647064 -62.000000
v 28.000000 -6.000005 -65.000000
v 29.000000 -8.000005 -63.000000
v 29.000000 -7.000005 -63.000000
v 29.000000 -7.000005 -65.000000
v 29.000000 -8.000005 -65.000000
v 28.000000 -7.000005 -63.000000
v 28.000000 -8.000005 -63.000000
v 28.000000 -8.000005 -65.000000
v 28.000000 -7.000005 -65.000000
v 27.000000 -6.000005 -62.000000
v 25.000000 -7.000005 -62.750000
v 25.000000 -6.000005 -62.750000
v 25.000000 -6.000005 -65.250000
v 25.000000 -7.000005 -65.250000
v 23.000000 -6.000005 -65.500000
v 23.000000 -6.000005 -65.250000
v 25.000000 -7.000005 -63.000000
v 25.000000 -6.000005 -63.000000
v 25.000000 -6.000005 -65.000000
v 25.000000 -7.000005 -65.000000
v 24.000000 -7.000005 -65.000000
v 24.000000 -8.000005 -65.000000
v 24.000000 -7.000005 -63.000000
v 24.000000 -8.000005 -63.000000
v 23.000000 -6.000005 -62.750000
v 23.000000 -6.000005 -62.000000
v 24.250000 -3.250005 -61.500000
v 25.750000 -3.250005 -61.500000
v 28.000000 -4.750005 -61.500000
v 25.750000 -4.750005 -61.500000
v 24.250000 -4.750005 -61.500000
v 29.000000 -6.235299 -61.500000
v 28.000000 -6.000005 -61.500000
v 29.000000 -6.000005 -61.500000
v 29.000000 -4.985299 -61.500000
v 35.000000 -7.647064 -61.500000
v 31.187500 -6.750005 -61.500000
v 35.000000 -6.397064 -61.500000
v 31.000000 -13.500005 -68.000000
v 31.000000 -14.000005 -68.000000
v 31.000000 -14.000005 -65.000000
v 31.000000 -13.500005 -65.000000
v 34.000000 -14.000005 -65.000000
v 31.500000 -9.926476 -74.000000
v 31.687500 -9.882359 -74.000000
v 36.000000 -9.882359 -74.000000
v 31.500000 -11.176476 -74.000000
v 36.000000 -8.867653 -74.000000
v 36.000000 -8.632359 -74.000000
v 34.000000 -14.000005 -68.000000
v 36.000000 -8.397063 -73.000000
v 36.000000 -8.235299 -67.000000
v 36.000000 -9.647063 -73.000000
v 30.000000 -13.500005 -68.000000
v 30.000000 -14.000005 -68.000000
v 29.500000 -13.500005 -68.000000
v 29.000000 -13.500005 -68.000000
v 28.500000 -13.500005 -68.000000
v 28.500000 -12.500005 -68.000000
v 29.500000 -12.500005 -68.000000
v 23.500000 -12.500005 -68.000000
v 23.500000 -12.279416 -68.000000
v 24.000000 -12.279416 -68.000000
v 24.000000 -13.029416 -68.000000
v 24.000000 -13.500005 -68.000000
v 23.500000 -13.500005 -68.000000
v 29.500000 -14.000005 -68.000000
v 28.000000 -13.029416 -68.000000
v 28.000000 -12.279416 -68.000000
v 28.500000 -12.279416 -68.000000
v 28.000000 -13.500005 -68.000000
v 23.000000 -13.500005 -68.000000
v 22.500000 -13.500005 -68.000000
v 22.500000 -12.500005 -68.000000
v 30.000000 -13.500005 -68.500000
v 30.000000 -14.000005 -68.500000
v 30.000000 -12.500005 -68.500000
v 30.000000 -12.500005 -68.000000
v 23.500000 -12.500005 -68.500000
v 23.500000 -12.500006 -72.375000
v 23.500000 -13.411770 -68.500000
v 23.500000 -13.500005 -68.500000
v 23.500000 -13.500005 -68.125000
v 28.000000 -10.750006 -74.000000
v 28.000000 -10.867653 -74.000000
v 28.000000 -11.617653 -74.000000
v 28.500000 -10.632359 -74.000000
v 28.500000 -10.867653 -74.000000
v 28.500000 -11.882359 -74.000000
v 28.500000 -12.117653 -74.000000
v 28.000000 -12.117653 -74.000000
v 28.500000 -12.352948 -73.000000
v 28.500000 -12.500006 -72.375000
v 28.500000 -12.500005 -68.500000
v 28.500000 -11.102948 -73.000000
v 28.500000 -13.411770 -68.500000
v 28.500000 -13.500005 -68.125000
v 28.500000 -13.500005 -68.500000
v 28.500000 -14.000005 -68.500000
v 28.500000 -14.000005 -68.000000
v 28.000000 -13.500005 -68.125000
v 28.000000 -13.500005 -68.500000
v 28.000000 -14.000005 -68.500000
v 28.000000 -14.000005 -68.000000
v 24.000000 -13.500005 -68.125000
v 23.500000 -14.000005 -68.500000
v 23.500000 -14.000005 -68.000000
v 22.500000 -13.500005 -68.500000
v 22.500000 -14.000005 -68.500000
v 22.500000 -12.500005 -68.500000
v 22.500000 -14.000005 -68.000000
v 23.000000 -14.000005 -68.000000
v 23.000000 -13.500005 -65.000000
v 23.000000 -13.500005 -63.000000
v 23.000000 -13.500005 -61.000000
v 24.000000 -13.500005 -63.000000
v 28.000000 -13.500005 -63.000000
v 29.000000 -13.500005 -63.000000
v 29.000000 -13.500005 -61.000000
v 29.000000 -13.500005 -66.000000
v 28.000000 -13.500005 -66.000000
v 24.000000 -13.500005 -66.000000
v 24.000000 -13.500005 -65.000000
v 29.000000 -13.500005 -65.000000
v 28.000000 -13.500005 -65.000000
v 29.500000 -13.500005 -67.000000
v 29.500000 -13.500005 -61.000000
v 30.000000 -13.500005 -67.000000
v 30.000000 -13.500005 -65.000000
v 29.500000 -12.500005 -67.000000
v 29.500000 -12.500005 -61.000000
v 30.000000 -12.500005 -67.000000
v 30.000000 -12.500005 -61.000000
v 30.000000 -13.500005 -60.000000
v 23.000000 -14.000005 -61.000000
v 23.000000 -14.000005 -66.000000
v 22.500000 -14.000005 -61.000000
v 24.000000 -14.000005 -62.000000
v 24.000000 -14.000005 -63.000000
v 24.000000 -14.000005 -65.000000
v 24.000000 -14.000005 -66.000000
v 28.000000 -14.000005 -62.000000
v 27.000000 -14.000005 -62.000000
v 25.000000 -14.000005 -62.000000
v 28.000000 -14.000005 -63.000000
v 25.000000 -14.000005 -66.000000
v 30.000000 -14.000005 -65.000000
v 29.500000 -14.000005 -65.000000
v 28.000000 -14.000005 -65.000000
v 27.000000 -14.000005 -66.000000
v 29.500000 -14.000005 -66.000000
v 21.500000 -12.500005 -68.500000
v 21.500000 -12.500005 -68.000000
v 21.500000 -12.500005 -61.500000
v 21.500000 -12.500005 -61.000000
v 22.000000 -12.500005 -61.000000
v 21.500000 -13.500005 -68.000000
v 22.000000 -14.000005 -68.000000
v 21.500000 -13.500005 -61.500000
v 22.000000 -13.500005 -61.000000
v 22.000000 -14.000005 -61.000000
v 22.500000 3.499994 -74.500000
v 24.000000 3.499994 -74.500000
v 23.500000 2.999994 -74.500000
v 22.500000 2.999994 -74.500000
v 21.000000 2.999994 -74.500000
v 22.500000 2.999995 -66.000000
v 22.500000 2.999995 -64.000000
v 22.500000 2.999995 -72.000000
v 22.500000 2.999995 -70.000000
v 22.500000 2.999995 -67.500000
v 22.500000 2.999995 -60.000000
v 22.500000 3.499995 -66.000000
v 22.500000 3.499995 -70.000000
v 22.500000 3.499995 -72.000000
v 22.500000 3.499995 -64.000000
v 20.500000 -0.000006 -76.000000
v 20.500000 -3.500006 -76.000000
v 20.500000 -3.500006 -79.000000
v 20.500000 -0.000006 -79.000000
v 28.000000 -14.000005 -59.500000
v 28.000000 -13.500005 -59.500000
v 29.000000 -14.000005 -57.250000
v 29.000000 -14.000005 -57.500000
v 29.000000 -13.500005 -57.500000
v 29.000000 -9.500004 -55.500000
v 29.000000 -9.500005 -57.000000
v 29.000000 -9.000004 -56.750000
v 29.000000 -9.000004 -55.500000
v 29.000000 -10.500005 -57.500000
v 29.000000 -12.500005 -57.500000
v 29.000000 -11.500005 -58.000000
v 29.000000 -9.000005 -57.250000
v 29.000000 -10.625005 -58.000000
v 29.000000 -10.500005 -58.000000
v 29.000000 -13.500005 -57.000000
v 29.000000 -14.000005 -57.000000
v 29.000000 -12.500005 -58.000000
v 43.125000 -9.000005 -57.875000
v 43.000000 -9.000005 -58.000000
v 42.000000 -9.000005 -58.000000
v 38.000000 -9.000005 -58.000000
v 38.000000 -9.000005 -57.250000
v 38.000000 -9.000004 -55.500000
v 40.750000 -9.000004 -55.500000
v 43.750000 -9.000005 -57.250000
v 41.500000 -9.000004 -55.000000
v 41.500000 -9.000004 -54.500000
v 37.000000 -9.000005 -57.250000
v 37.000000 -9.000005 -58.000000
v 37.000000 -9.000004 -56.750000
v 36.000000 -9.000005 -58.000000
v 34.000000 -9.000005 -58.000000
v 34.000000 -9.000005 -57.250000
v 34.000000 -9.000004 -55.500000
v 37.000000 -9.000004 -55.500000
v 30.000000 -9.000005 -57.250000
v 33.000000 -9.000005 -57.250000
v 29.000000 -9.000005 -58.000000
v 30.000000 -9.000004 -56.750000
v 30.000000 -9.000004 -55.500000
v 33.000000 -9.000004 -55.500000
v 33.000000 -9.000004 -56.750000
v 30.000000 -11.500005 -58.000000
v 30.000000 -10.500005 -58.000000
v 33.000000 -10.500005 -58.000000
v 33.000000 -11.500005 -58.000000
v 33.000000 -12.500005 -58.000000
v 30.000000 -12.500005 -58.000000
v 37.000000 -11.500005 -58.000000
v 37.000000 -12.500005 -58.000000
v 36.000000 -12.500005 -58.000000
v 34.000000 -12.500005 -58.000000
v 34.000000 -11.500005 -58.000000
v 34.000000 -10.500005 -58.000000
v 36.000000 -10.500005 -58.000000
v 37.000000 -10.500005 -58.000000
v 29.000000 -9.500005 -58.000000
v 38.000000 -10.500005 -58.000000
v 38.000000 -12.500005 -58.000000
v 43.000000 -9.500005 -58.000000
v 43.750000 -9.500005 -57.250000
v 43.125000 -9.500005 -57.875000
v 36.000000 -14.000005 -57.000000
v 34.000000 -14.000005 -57.000000
v 33.000000 -14.000005 -57.000000
v 30.000000 -14.000005 -57.000000
v 29.000000 -14.000004 -54.750000
v 29.000000 -14.000004 -54.500000
v 34.000000 -14.000004 -54.500000
v 36.000000 -14.000004 -54.500000
v 43.000000 -14.000005 -57.000000
v 38.000000 -14.000005 -57.000000
v 37.000000 -14.000005 -57.000000
v 38.000000 -14.000004 -54.500000
v 43.000000 -14.000004 -54.500000
v 38.000000 -14.000005 -57.500000
v 37.000000 -14.000005 -57.500000
v 37.000000 -14.000005 -57.250000
v 34.000000 -14.000005 -57.250000
v 34.000000 -14.000005 -57.500000
v 33.000000 -14.000005 -57.500000
v 33.000000 -14.000005 -57.250000
v 30.000000 -14.000005 -57.250000
v 30.000000 -14.000005 -57.500000
v 37.000000 -12.500005 -57.500000
v 37.000000 -13.500005 -57.000000
v 37.000000 -13.500005 -57.500000
v 37.000000 -9.500005 -57.000000
v 37.000000 -10.500005 -57.500000
v 37.000000 -9.500004 -55.500000
v 38.000000 -9.500005 -57.500000
v 38.000000 -9.500005 -57.000000
v 38.000000 -9.500004 -55.500000
v 38.000000 -13.500005 -57.500000
v 38.000000 -12.500005 -57.500000
v 38.000000 -10.500005 -57.500000
v 38.000000 -13.500005 -57.000000
v 40.500000 -9.500004 -54.500000
v 41.500000 -9.500004 -55.500000
v 40.750000 -9.500004 -55.500000
v 42.000000 -9.500004 -55.500000
v 41.500000 -9.500004 -55.000000
v 41.500000 -9.500004 -54.500000
v 43.000000 -13.500005 -57.000000
v 43.000000 -13.500004 -54.500000
v 40.500000 -13.500004 -54.500000
v 39.000000 -13.500004 -54.500000
v 38.000000 -13.500004 -54.500000
v 37.000000 -13.500004 -54.500000
v 30.000000 -13.500005 -57.500000
v 33.000000 -13.500005 -57.500000
v 34.000000 -13.500005 -57.500000
v 34.000000 -9.500005 -57.500000
v 33.000000 -12.500005 -57.500000
v 33.000000 -10.500005 -57.500000
v 33.000000 -9.500004 -55.500000
v 33.000000 -9.500005 -57.000000
v 33.000000 -13.500005 -57.000000
v 34.000000 -9.500004 -55.500000
v 34.000000 -9.500005 -57.000000
v 34.000000 -13.500005 -57.000000
v 34.000000 -10.500005 -57.500000
v 34.000000 -12.500005 -57.500000
v 34.000000 -13.500004 -54.500000
v 33.000000 -13.500004 -54.500000
v 30.000000 -10.500005 -57.500000
v 30.000000 -9.500005 -57.000000
v 30.000000 -9.500004 -55.500000
v 30.000000 -13.500005 -57.000000
v 30.000000 -12.500005 -57.500000
v 29.000000 -13.500004 -54.500000
v 29.000000 -13.500004 -54.750000
v 23.750000 -9.000004 -55.500000
v 24.000000 -9.000004 -55.500000
v 28.500000 -9.000005 -58.000000
v 24.000000 -9.000005 -58.000000
v 23.000000 -9.000005 -58.000000
v 23.000000 -9.000004 -55.500000
v 23.000000 -9.000004 -54.500000
v 23.000000 -10.500004 -55.500000
v 23.000000 -10.500005 -58.000000
v 23.000000 -12.500005 -58.000000
v 23.000000 -12.500004 -55.500000
v 23.000000 -10.250005 -58.000000
v 23.000000 -10.250005 -58.500000
v 23.000000 -13.500005 -58.500000
v 23.000000 -13.500005 -58.000000
v 23.000000 -13.500004 -54.500000
v 23.000000 -9.500005 -58.000000
v 23.000000 -13.500005 -59.000000
v 24.000000 -14.000005 -57.000000
v 24.000000 -14.000005 -58.250000
v 24.000000 -14.000005 -59.000000
v 24.000000 -13.500005 -59.000000
v 24.000000 -13.500005 -57.000000
v 24.000000 -13.500004 -55.500000
v 24.000000 -14.000004 -55.500000
v 24.000000 -10.750005 -59.000000
v 24.000000 -9.500004 -55.500000
v 27.500000 -9.500005 -59.000000
v 24.000000 -9.500005 -59.000000
v 24.000000 -9.500005 -58.000000
v 27.500000 -9.500005 -58.000000
v 28.500000 -9.500005 -58.000000
v 28.500000 -10.250005 -58.000000
v 28.500000 -10.250005 -58.500000
v 28.166666 -10.000005 -58.833332
v 28.000000 -9.875005 -59.000000
v 25.000000 -10.000005 -59.000000
v 27.000000 -10.000005 -59.000000
v 28.000000 -10.000005 -59.000000
v 24.000000 -10.000005 -59.000000
v 28.000000 -13.500005 -57.000000
v 28.000000 -14.000005 -57.000000
v 28.000000 -10.750005 -59.000000
v 28.000000 -13.500005 -59.000000
v 28.000000 -14.000005 -59.000000
v 28.000000 -14.000005 -58.250000
v 27.750000 -14.000005 -58.250000
v 27.750000 -14.000005 -57.000000
v 27.750000 -14.000004 -54.750000
v 24.000000 -14.000004 -54.750000
v 28.000000 -13.500004 -54.750000
v 24.000000 -13.500004 -54.750000
v 23.500000 -9.875005 -58.000000
v 23.000000 -10.000005 -59.000000
v 23.333334 -10.000005 -59.000000
v 23.500000 -9.875005 -59.000000
v 23.500000 -9.875005 -58.500000
v 23.333334 -10.000005 -58.500000
v 23.000000 -10.000005 -58.500000
v 23.500000 -14.000004 -55.500000
v 23.500000 -9.500004 -55.500000
v 23.500000 -10.500004 -55.500000
v 23.500000 -12.500004 -55.500000
v 23.500000 -13.500004 -55.500000
v 20.000000 -4.000005 -70.000000
v 18.000000 -4.000005 -70.000000
v 18.000000 -2.000005 -70.000000
v 20.000000 -2.000005 -70.000000
v 16.000000 -2.000005 -70.000000
v 17.000000 -2.000005 -70.000000
v 18.000000 -1.500005 -70.000000
v 16.000000 -1.500005 -70.000000
v 16.000000 -4.000005 -70.000000
v 14.000000 -4.000005 -70.000000
v 14.000000 -2.000005 -70.000000
v 12.000000 -4.000005 -70.000000
v 12.000000 -2.000005 -70.000000
v 10.000000 -4.000005 -70.000000
v 10.000000 -2.000005 -70.000000
v 18.000000 -4.000006 -76.000000
v 16.000000 -4.000006 -76.000000
v 16.000000 -3.500006 -76.000000
v 18.000000 -3.500006 -76.000000
v 18.000000 -0.000006 -76.000000
v 16.000000 -0.000006 -79.000000
v 16.000000 -3.500006 -79.000000
v 16.000000 -0.000006 -76.000000
v 10.000000 -3.000006 -80.500000
v 10.000000 -2.500006 -80.500000
v 9.000000 -2.500006 -80.500000
v 9.000000 -3.000006 -80.500000
v 14.000000 -4.000005 -70.500000
v 14.000000 -1.500005 -70.500000
v 14.000000 -1.500005 -71.000000
v 14.000000 -4.000005 -71.000000
v 16.000000 -4.000005 -71.000000
v 16.000000 -1.500005 -71.000000
v 16.000000 -0.000005 -71.000000
v 16.000000 -4.000005 -70.500000
v 16.000000 -1.500005 -70.500000
v 16.000000 -0.000005 -70.500000
v 18.000000 -0.000005 -70.500000
v 18.000000 -1.500005 -70.500000
v 18.000000 -4.000005 -70.500000
v 17.000000 -4.000005 -70.000000
v 10.000000 1.999995 -72.500000
v 10.000000 3.999995 -72.500000
v 9.000000 1.999995 -72.500000
v 10.000000 3.999994 -75.500000
v 10.000000 1.999994 -75.500000
v 9.000000 1.999994 -75.500000
v 14.500000 -0.500004 -58.000000
v 14.500000 -6.000004 -58.000000
v 16.000000 -6.000004 -58.000000
v 18.000000 -6.000004 -58.000000
v 18.000000 -4.000004 -58.000000
v 18.000000 -2.000004 -58.000000
v 18.000000 -0.000004 -58.000000
v 14.500000 -0.000004 -58.000000
v 13.500000 -0.500004 -58.000000
v 12.500000 -0.500004 -58.000000
v 13.500000 -0.000004 -58.000000
v 12.500000 -0.000004 -58.000000
v 12.500000 -0.000005 -61.500000
v 11.500000 -0.000005 -61.500000
v 11.500000 -0.000005 -62.500000
v 11.500000 -0.000005 -63.500000
v 11.500000 -0.000005 -64.500000
v 10.000000 -0.000005 -68.000000
v 12.500000 -0.000005 -64.500000
v 12.500000 -0.000005 -68.000000
v 14.500000 -0.000005 -61.500000
v 13.500000 -0.000005 -61.500000
v 13.500000 -0.000005 -68.000000
v 13.500000 -0.000005 -64.500000
v 14.500000 -0.000005 -64.500000
v 14.500000 -0.000005 -68.000000
v 18.000000 -0.000004 -59.000000
v 18.000000 -0.000005 -62.500000
v 14.500000 -0.000005 -62.500000
v 18.000000 -0.000005 -68.000000
v 14.500000 -0.000005 -63.500000
v 18.000000 -0.000005 -63.500000
v 10.000000 -6.000005 -68.000000
v 10.000000 -6.000005 -64.000000
v 10.000000 -6.000005 -62.000000
v 12.000000 -6.000005 -62.000000
v 12.000000 -6.000005 -64.000000
v 13.000000 -6.000005 -68.000000
v 13.000000 -6.000005 -66.000000
v 13.000000 -6.000005 -64.000000
v 12.500000 -6.000005 -64.000000
v 17.000000 -6.000005 -68.000000
v 18.000000 -6.000005 -68.000000
v 18.000000 -6.000005 -66.000000
v 14.000000 -6.000005 -66.000000
v 14.000000 -6.000005 -64.000000
v 12.500000 -6.000005 -62.000000
v 14.000000 -6.000005 -62.000000
v 16.000000 -6.000005 -62.000000
v 18.000000 -6.000005 -62.000000
v 18.000000 -6.000005 -65.000000
v 20.000000 -4.000005 -68.500000
v 20.000000 -2.000005 -68.500000
v 20.000000 -2.000005 -68.000000
v 20.000000 -4.000005 -68.000000
v 20.000000 -2.000005 -61.000000
v 20.000000 -2.000005 -60.000000
v 20.000000 -4.000004 -60.000000
v 20.000000 -4.000005 -61.000000
v 20.000000 -4.000005 -62.000000
v 20.000000 -2.000005 -62.000000
v 20.000000 -2.000005 -64.000000
v 20.000000 -4.000005 -64.000000
v 20.000000 -4.000005 -66.000000
v 20.000000 -2.000005 -66.000000
v 10.000000 -0.500005 -68.000000
v 10.000000 -2.000005 -68.000000
v 10.000000 -4.000005 -68.000000
v 12.500000 -0.500005 -68.000000
v 17.000000 -4.000005 -68.000000
v 18.000000 -4.000005 -68.000000
v 17.000000 -2.000005 -68.000000
v 13.500000 -0.500005 -68.000000
v 17.000000 -0.500005 -68.000000
v 18.000000 -0.500005 -68.000000
v 18.000000 -2.000005 -68.000000
v 10.000000 -2.000005 -68.500000
v 10.000000 -4.000005 -68.500000
v 17.000000 -2.000005 -68.500000
v 18.500000 -2.000005 -68.500000
v 18.500000 -2.000005 -68.000000
v 18.500000 -4.000005 -68.500000
v 18.500000 -4.000005 -68.000000
v 17.000000 -4.000005 -68.500000
v 14.500000 -0.500005 -62.500000
v 14.500000 -0.500005 -62.000000
v 14.500000 -0.500005 -61.500000
v 14.500000 -0.500005 -64.500000
v 14.500000 -0.500005 -64.000000
v 14.500000 -0.500005 -63.500000
v 18.500000 -4.000005 -61.000000
v 18.500000 -4.000004 -60.000000
v 18.000000 -4.000005 -61.000000
v 18.000000 -4.000005 -65.000000
v 18.000000 -4.000004 -60.000000
v 18.000000 -0.500004 -59.000000
v 18.000000 -0.500005 -62.500000
v 18.000000 -0.500005 -66.000000
v 18.000000 -0.500005 -63.500000
v 18.000000 -2.000005 -59.000000
v 18.000000 -2.000005 -60.000000
v 18.000000 -2.000005 -61.000000
v 18.000000 -2.000005 -66.000000
v 18.500000 -2.000005 -60.000000
v 18.500000 -2.000005 -61.000000
v 13.500000 -0.500005 -64.500000
v 12.500000 -0.500005 -64.500000
v 11.500000 -0.500005 -64.500000
v 13.500000 -0.500005 -61.500000
v 12.500000 -0.500005 -61.500000
v 11.500000 -0.500005 -61.500000
v 11.500000 -0.500005 -63.500000
v 11.500000 -0.500005 -64.000000
v 11.500000 -0.500005 -62.000000
v 11.500000 -0.500005 -62.500000
v 12.000000 -0.500005 -64.000000
v 12.000000 -0.500005 -62.000000
v 14.000000 -0.500005 -62.000000
v 12.500000 -0.500005 -62.000000
v 14.000000 -0.500005 -64.000000
v 14.000000 -0.500005 -63.500000
v 14.000000 -0.500005 -62.500000
v 12.500000 -0.500005 -64.000000
v 13.500000 -0.500005 -64.000000
v 12.500000 -1.500005 -64.000000
v 12.500000 -5.500005 -64.000000
v 12.500000 -5.500005 -63.750000
v 12.500000 -1.500005 -63.750000
v 12.500000 -5.500005 -62.000000
v 12.500000 -1.500005 -62.000000
v 12.500000 -1.500005 -62.250000
v 12.500000 -5.500005 -62.250000
v 13.500000 -5.500005 -64.000000
v 13.500000 -5.500005 -63.750000
v 13.500000 -5.500005 -62.250000
v 13.500000 -5.500005 -62.000000
v 13.500000 -1.500005 -64.000000
v 14.000000 -5.500005 -64.000000
v 14.000000 -1.500005 -62.000000
v 13.500000 -1.500005 -62.000000
v 14.000000 -5.500005 -62.000000
v 13.500000 -1.500005 -62.250000
v 13.500000 -1.500005 -63.750000
v 14.000000 -3.000005 -63.500000
v 14.000000 -5.500005 -63.500000
v 14.000000 -5.500005 -62.500000
v 14.000000 -3.000005 -62.500000
v 14.000000 -2.000005 -63.500000
v 14.000000 -2.000005 -62.500000
v 8.500000 -0.000004 -57.500000
v 8.500000 -2.000004 -57.500000
v 6.500000 0.499996 -57.500000
v -0.500000 0.499996 -57.500000
v -0.500000 -0.000004 -57.500000
v 6.000000 -0.000004 -57.500000
v 6.500000 -0.000004 -57.500000
v 8.500000 0.499996 -57.500000
v 6.000000 -2.000004 -57.500000
v -1.000000 -2.000004 -57.500000
v -1.000000 -2.500004 -57.500000
v -0.500000 -2.500004 -57.500000
v 1.500000 -2.500004 -57.500000
v 2.000000 -2.500004 -57.500000
v 6.000000 -2.500004 -57.500000
v 6.500000 -2.500004 -57.500000
v 8.500000 -2.500004 -57.500000
v 6.500000 -6.500004 -57.500000
v 8.500000 -6.500004 -57.500000
v 6.000000 -6.500004 -57.500000
v -0.500000 -0.500004 -57.500000
v -1.000000 -0.500004 -57.500000
v -1.000000 -0.000004 -57.500000
v -1.500000 -0.500004 -57.500000
v -1.500000 -2.500004 -57.500000
v 1.500000 -6.500004 -57.500000
v 2.000000 -6.500004 -57.500000
v -0.500000 -6.500004 -57.500000
v 1.428571 -6.500004 -57.500000
v -1.000000 -6.500004 -57.500000
v -2.000000 -2.500004 -57.500000
v -5.000000 -2.500004 -57.500000
v -5.000000 -6.000004 -57.500000
v -5.000000 -6.500004 -57.500000
v -2.000000 -0.500004 -57.500000
v -2.000000 -0.000004 -57.500000
v -5.000000 -0.000004 -57.500000
v -5.000000 -0.500004 -57.500000
v -7.000000 -6.500004 -60.000000
v -5.000000 -6.500004 -60.000000
v -5.000000 -6.500004 -58.000000
v -5.571429 -6.500004 -58.000000
v -7.857143 -6.500004 -60.000000
v -5.000000 -6.500005 -61.000000
v -2.500000 -6.500005 -61.000000
v -1.500000 -6.500005 -61.000000
v -1.500000 -6.500004 -59.000000
v -1.500000 -6.500004 -58.000000
v -7.000000 -6.500005 -61.000000
v -7.000000 -6.500005 -63.000000
v -2.500000 -6.500005 -63.000000
v -2.500000 -6.500005 -66.000000
v -2.000000 -6.500005 -66.000000
v -1.500000 -6.500005 -66.000000
v 1.428571 -6.500004 -58.000000
v 5.500000 -6.500004 -58.000000
v 8.500000 -6.500004 -58.000000
v 2.000000 -6.500005 -66.000000
v 5.500000 -6.500005 -66.000000
v 5.500000 -6.500004 -59.000000
v 6.000000 -6.500005 -66.000000
v 8.500000 -6.500005 -66.000000
v -4.000000 -5.000005 -66.500000
v -4.000000 -5.500005 -66.500000
v -8.500000 -5.500005 -66.500000
v -10.000000 -5.500005 -66.500000
v -10.000000 -5.000005 -66.500000
v -13.750000 3.499995 -66.500000
v -13.750000 3.999995 -66.500000
v -10.500000 3.499995 -66.500000
v -10.500000 3.999995 -66.500000
v -12.750000 3.999995 -66.500000
v -12.750000 3.499995 -66.500000
v -10.000000 -0.500005 -66.500000
v -8.500000 -0.500005 -66.500000
v -4.000000 -0.500005 -66.500000
v -4.000000 -0.000005 -66.500000
v -10.500000 -0.000005 -66.500000
v -10.500000 -0.500005 -66.500000
v -4.000000 3.499995 -66.500000
v -4.000000 3.999995 -66.500000
v -9.500000 3.999995 -66.500000
v -9.500000 3.499995 -66.500000
v -10.500000 0.499995 -66.500000
v -4.000000 4.999994 -78.500000
v -4.000000 1.499994 -78.500000
v -4.000000 -2.000006 -78.500000
v -4.000000 -3.500006 -80.000000
v -4.000000 -3.500006 -81.000000
v -4.000000 -3.500006 -81.500000
v -4.000000 -2.500006 -78.500000
v -4.000000 -3.500006 -78.500000
v -4.000000 1.499994 -75.500000
v -4.000000 4.999994 -75.500000
v -4.000000 4.999994 -75.000000
v -4.000000 4.499994 -75.000000
v -4.000000 0.999994 -75.000000
v -4.000000 -0.000006 -75.000000
v -4.000000 -2.000006 -75.000000
v -4.000000 -2.000006 -75.500000
v -4.000000 -3.000006 -75.000000
v -4.000000 -3.500006 -75.000000
v -4.000000 -3.500006 -75.500000
v -4.000000 -2.500006 -75.500000
v -4.000000 4.999995 -72.500000
v -4.000000 4.999995 -72.000000
v -4.000000 4.499995 -72.000000
v -4.000000 4.499995 -72.500000
v -4.000000 4.499994 -74.500000
v -4.000000 0.999994 -74.500000
v -4.000000 3.499995 -72.000000
v -4.000000 0.999995 -72.000000
v -4.000000 0.999995 -72.500000
v -4.000000 3.499995 -71.500000
v -4.000000 3.999995 -71.500000
v -4.000000 3.999995 -69.500000
v -4.000000 3.499995 -69.500000
v -4.000000 -0.000005 -72.000000
v -4.000000 3.499995 -68.500000
v -4.000000 -0.000005 -68.500000
v -4.000000 -3.500006 -78.000000
v -4.000000 -4.000006 -80.000000
v -4.000000 -4.000006 -81.000000
v -4.000000 -4.500006 -80.000000
v -4.000000 -4.500006 -78.000000
v -4.000000 -5.000006 -78.000000
v -4.000000 -5.000006 -75.000000
v -4.000000 -2.000005 -73.000000
v -4.000000 -2.000005 -74.000000
v -4.000000 -0.000006 -73.000000
v -4.000000 -3.000005 -74.000000
v -4.000000 -3.000005 -73.000000
v -4.000000 -3.000005 -68.500000
v -4.000000 -5.000006 -73.000000
v -4.000000 -5.000006 -74.000000
v -4.000000 -5.000005 -68.500000
v -4.000000 3.999995 -68.500000
v -4.000000 -3.000005 -66.500000
v 3.500000 0.499994 -78.000000
v 2.500000 0.499994 -78.000000
v -3.000000 0.499994 -78.000000
v -3.500000 0.499994 -78.000000
v -3.500000 1.499994 -78.000000
v -3.500000 5.499994 -78.000000
v 3.500000 5.499994 -78.000000
v 6.000000 5.499994 -78.000000
v 6.000000 0.499994 -78.000000
v 0.000000 -3.000006 -80.500000
v 0.000000 -2.500006 -80.500000
v 7.000000 -2.500006 -80.500000
v 7.000000 -3.000006 -80.500000
v 6.000000 4.499994 -76.000000
v 6.000000 0.499994 -76.000000
v 6.000000 5.499994 -76.000000
v 6.000000 0.499995 -69.000000
v 6.000000 0.499995 -72.000000
v 6.000000 4.499995 -72.000000
v 6.000000 5.499995 -72.000000
v 6.000000 5.499995 -71.000000
v 6.000000 5.499995 -69.000000
v 6.500000 0.499995 -72.000000
v 6.500000 4.499995 -72.000000
v 8.500000 0.499995 -72.000000
v 8.500000 4.499995 -72.000000
v 7.000000 4.499995 -72.000000
v 7.000000 0.499995 -72.000000
v 6.500000 4.499994 -76.000000
v 6.500000 0.499994 -76.000000
v 8.500000 4.499994 -76.000000
v 8.500000 0.499994 -76.000000
v 8.500000 0.499994 -75.500000
v 8.500000 0.499995 -72.500000
v 8.500000 4.499995 -72.500000
v 8.500000 4.499994 -75.500000
v 8.500000 1.999994 -75.500000
v 8.500000 1.999995 -72.500000
v 6.500000 4.499995 -70.000000
v 7.000000 4.499995 -70.000000
v 7.000000 0.499995 -70.000000
v 6.500000 0.499995 -70.000000
v 3.500000 5.499995 -69.000000
v -3.500000 5.499995 -69.000000
v -3.500000 0.499995 -69.000000
v 3.500000 0.499995 -69.000000
v -3.500000 0.499995 -72.000000
v -2.000000 0.499995 -72.000000
v 2.500000 0.499995 -72.000000
v 3.500000 0.499995 -72.000000
v 2.500000 0.499994 -75.500000
v -2.000000 0.499994 -75.500000
v -3.000000 0.499994 -75.500000
v -2.000000 0.499994 -75.000000
v -3.000000 0.499994 -75.000000
v -3.500000 0.499994 -75.500000
v -3.500000 0.499994 -75.000000
v -3.500000 5.499994 -75.500000
v -3.500000 5.499994 -75.000000
v -3.500000 5.499995 -72.000000
v -3.500000 5.499995 -71.000000
v 2.000000 5.499994 -75.500000
v 2.000000 4.999994 -75.500000
v 2.500000 4.999994 -75.500000
v 0.000000 5.499994 -75.500000
v 0.000000 4.999994 -75.500000
v -0.500000 4.999994 -75.500000
v -3.500000 1.499994 -75.500000
v 2.000000 5.499995 -72.000000
v 2.000000 4.999995 -72.000000
v 2.000000 4.999994 -73.250000
v 2.000000 5.499994 -73.250000
v 2.000000 5.499994 -75.000000
v 2.000000 5.499995 -71.500000
v 2.000000 4.999994 -73.750000
v 2.000000 4.999994 -75.000000
v 2.000000 5.499994 -73.750000
v 2.500000 4.999995 -71.500000
v 2.000000 4.999995 -71.500000
v 2.500000 4.999995 -72.000000
v 2.500000 4.999994 -75.000000
v 2.500000 5.499994 -75.000000
v 2.500000 5.499995 -72.000000
v 1.250000 4.999995 -72.000000
v 1.250000 5.499995 -72.000000
v -0.500000 5.499995 -72.000000
v 0.000000 5.499995 -72.000000
v 0.000000 4.999995 -72.000000
v 0.750000 4.999995 -72.000000
v 0.750000 5.499995 -72.000000
v -3.000000 0.999995 -72.000000
v -2.000000 0.999995 -72.000000
v -3.500000 0.999995 -72.000000
v -0.500000 5.499994 -75.000000
v -0.500000 4.999994 -75.000000
v -0.500000 4.999995 -72.000000
v 1.250000 4.999994 -73.250000
v 1.250000 4.999994 -73.750000
v 1.250000 4.999994 -75.000000
v 0.750000 4.999994 -75.000000
v 0.750000 4.999994 -73.750000
v 0.750000 4.999994 -73.250000
v 0.000000 4.999994 -73.750000
v 0.000000 4.999994 -73.250000
v 0.000000 4.999994 -75.000000
v 1.250000 5.499994 -73.250000
v 1.250000 5.499994 -73.750000
v 0.000000 5.499994 -75.000000
v 0.000000 5.499994 -73.750000
v 0.000000 5.499994 -73.250000
v 0.750000 5.499994 -73.250000
v 0.750000 5.499994 -73.750000
v 0.750000 5.499994 -75.000000
v 1.250000 5.499994 -75.000000
v -2.000000 0.999994 -75.000000
v -3.000000 0.999994 -75.000000
v -3.500000 0.999994 -75.000000
v -3.500000 4.499994 -75.000000
v -3.500000 4.499995 -72.500000
v -3.500000 4.499994 -74.500000
v -3.500000 4.499995 -72.000000
v -3.500000 0.999995 -72.500000
v -3.000000 0.999995 -72.500000
v -3.500000 0.999994 -74.500000
v -3.000000 0.999994 -74.500000
v -0.500000 4.999995 -71.500000
v 0.000000 4.999995 -71.500000
v 0.000000 5.499995 -71.500000
v -14.500000 -0.000006 -75.000000
v -13.000000 -0.000006 -74.000000
v -13.000000 -0.000006 -75.000000
v -13.000000 -0.000006 -73.000000
v -6.500000 -0.000006 -74.000000
v -6.500000 -0.000006 -73.000000
v -6.500000 -0.000005 -72.000000
v -6.500000 -0.000006 -75.000000
v -11.000000 -0.000006 -74.000000
v -7.500000 -0.000006 -75.000000
v -8.500000 -0.000006 -73.000000
v -11.000000 -0.000006 -73.000000
v -8.500000 -0.000005 -72.000000
v -8.500000 0.999995 -72.000000
v -8.500000 4.999995 -72.000000
v -15.500000 4.999995 -72.000000
v -8.500000 3.499995 -72.000000
v -4.500000 4.999994 -75.000000
v -4.500000 4.999994 -74.750000
v -4.500000 4.999995 -72.500000
v -8.500000 4.999995 -72.500000
v -15.500000 4.999995 -72.500000
v -7.500000 0.999994 -75.000000
v -8.500000 0.999994 -75.000000
v -14.500000 0.999994 -75.000000
v -15.500000 0.999994 -75.000000
v -10.500000 3.499995 -71.500000
v -9.500000 3.499995 -71.500000
v -8.500000 3.499995 -71.500000
v -9.500000 3.499995 -69.500000
v -9.500000 3.499995 -68.500000
v -10.500000 3.499995 -68.750000
v -10.500000 3.499995 -69.750000
v -9.500000 3.999995 -68.500000
v -9.500000 3.999995 -71.500000
v -9.500000 3.999995 -69.500000
v -10.500000 3.999995 -68.750000
v -10.500000 3.999995 -71.500000
v -10.500000 3.999995 -69.750000
v -7.000000 -4.000006 -80.000000
v -7.000000 -4.500006 -80.000000
v -8.000000 -5.000006 -78.000000
v -5.750000 -5.000006 -75.000000
v -6.500000 -5.000006 -75.000000
v -11.500000 -5.000006 -75.000000
v -11.500000 -5.000006 -78.000000
v -9.000000 -5.000006 -78.500000
v -5.500000 -5.000006 -73.000000
v -5.500000 -5.000006 -74.000000
v -5.750000 -5.000006 -74.000000
v -6.500000 -5.000006 -74.000000
v -6.500000 -5.000006 -74.250000
v -5.750000 -5.000006 -74.250000
v -6.500000 -5.000006 -73.000000
v -6.500000 -5.000005 -68.500000
v -11.500000 -5.000006 -73.000000
v -11.500000 -5.000005 -68.500000
v -13.000000 -5.000006 -73.000000
v -13.000000 -5.000006 -74.000000
v -13.000000 -5.000006 -74.250000
v -13.000000 -5.000006 -75.000000
v -13.750000 -5.000006 -74.250000
v -13.750000 -5.000006 -74.000000
v -14.000000 -5.000006 -74.000000
v -13.750000 -5.000006 -75.000000
v -14.000000 -5.000006 -73.000000
v -11.500000 -5.000005 -66.500000
v -5.500000 -3.000005 -73.000000
v -5.500000 -2.000005 -73.000000
v -6.500000 -2.000005 -73.000000
v -5.500000 -1.000005 -73.000000
v -7.500000 -1.000005 -73.000000
v -12.000000 -1.000005 -73.000000
v -13.000000 -2.000005 -73.000000
v -14.000000 -2.000005 -73.000000
v -14.000000 -3.000005 -73.000000
v -14.000000 -1.000005 -73.000000
v -13.000000 -2.000005 -74.000000
v -7.000000 -4.500006 -78.000000
v -8.000000 -4.500006 -78.000000
v -9.000000 -4.500006 -78.500000
v -7.000000 -4.500006 -78.500000
v -6.500000 -2.000005 -74.000000
v -5.500000 -2.000005 -74.000000
v -5.500000 -3.000005 -74.000000
v -5.500000 -1.000006 -74.000000
v -6.500000 -1.000006 -74.000000
v -6.000000 -3.000006 -74.500000
v -6.250000 -3.000006 -74.500000
v -6.250000 -3.000006 -74.750000
v -6.000000 -3.000006 -74.750000
v -12.000000 -1.000006 -74.000000
v -7.500000 -1.000006 -74.000000
v -14.000000 -2.000005 -74.000000
v -14.000000 -3.000005 -74.000000
v -14.000000 -1.000006 -74.000000
v -13.250000 -3.000006 -74.500000
v -13.500000 -3.000006 -74.500000
v -13.500000 -3.000006 -74.750000
v -13.250000 -3.000006 -74.750000
v 8.500000 -0.500005 -65.000000
v 8.500000 -0.500005 -66.000000
v 8.500000 -0.000005 -66.000000
v 8.500000 -0.000005 -60.000000
v 8.500000 -0.500005 -60.000000
v 8.500000 -0.500004 -58.000000
v 8.500000 -0.500004 -59.500000
v 8.500000 0.499995 -59.500000
v 8.500000 0.499996 -58.000000
v 8.500000 -2.000004 -58.000000
v 8.500000 -1.000004 -58.000000
v 8.500000 -1.000004 -59.000000
v 8.500000 -1.000005 -65.000000
v 8.500000 -1.000005 -66.000000
v 8.500000 -2.000005 -66.000000
v -13.500000 3.999995 -65.500000
v -10.500000 3.999995 -65.000000
v -10.500000 3.999995 -65.500000
v -12.500000 3.999995 -65.500000
v -12.500000 3.999995 -61.000000
v -10.500000 3.999995 -61.000000
v -2.000000 -0.500004 -59.000000
v -2.000000 -0.500005 -63.000000
v -2.000000 -0.000005 -63.000000
v -2.000000 -0.500005 -64.000000
v -2.000000 -0.500005 -66.000000
v -2.000000 -0.000005 -66.000000
v -2.000000 -0.000005 -64.000000
v 7.000000 -0.500005 -66.000000
v 7.000000 -0.000005 -66.000000
v 6.000000 -0.500005 -66.000000
v 6.000000 -0.000005 -66.000000
v 3.000000 -0.500005 -66.000000
v 3.000000 -0.000005 -66.000000
v -1.000000 -0.500005 -66.000000
v -1.000000 -0.000005 -66.000000
v 2.000000 -0.000005 -66.000000
v 2.000000 -0.500005 -66.000000
v -1.500000 -6.000005 -66.000000
v -1.500000 -2.500005 -66.000000
v -1.500000 -0.500005 -66.000000
v -2.000000 -2.500005 -66.000000
v -2.000000 -6.000005 -66.000000
v -1.000000 -0.500005 -61.000000
v -1.000000 -0.000005 -61.000000
v 7.000000 -0.500005 -60.000000
v 7.000000 -0.000005 -60.000000
v 6.000000 -0.500005 -64.000000
v 6.000000 -0.000005 -64.000000
v 6.000000 -0.500005 -61.000000
v 6.000000 -0.500005 -63.000000
v 6.000000 -0.000005 -63.000000
v 6.000000 -0.000005 -61.000000
v 6.000000 -0.500005 -60.000000
v 3.000000 -0.500005 -61.000000
v 2.000000 -0.500005 -61.000000
v -1.000000 -0.500005 -60.000000
v 3.000000 -0.500005 -64.000000
v 3.000000 -0.500005 -63.000000
v 3.000000 -0.000005 -64.000000
v 3.000000 -0.000005 -61.000000
v 3.000000 -0.000005 -63.000000
v 2.000000 -0.000005 -61.000000
v -0.500000 -0.500004 -59.500000
v -1.000000 -0.500004 -59.500000
v -1.000000 -0.500004 -59.000000
v 6.000000 -0.500004 -59.500000
v 6.500000 -0.500004 -59.500000
v -0.500000 0.499995 -59.500000
v 6.500000 0.499995 -59.500000
v -3.500000 -0.000005 -66.000000
v -4.000000 -0.000005 -66.000000
v -5.000000 -0.000005 -66.000000
v -5.000000 -0.000005 -64.000000
v -5.000000 -0.000005 -63.000000
v -6.000000 -0.000005 -65.375000
v -6.000000 -0.000005 -66.000000
v -8.500000 -0.000005 -66.000000
v -9.000000 -0.000005 -66.000000
v -9.000000 -0.000005 -61.000000
v -6.714286 -0.000004 -59.000000
v -6.000000 -0.000004 -59.000000
v -6.000000 -0.000004 -58.375000
v -10.000000 -0.000005 -65.000000
v -10.000000 -0.000005 -61.000000
v -12.500000 3.499995 -61.000000
v -10.500000 3.499995 -61.000000
v -10.500000 -0.000005 -61.000000
v -10.500000 0.499995 -61.000000
v -10.500000 0.499995 -65.000000
v -10.500000 3.499995 -65.000000
v -10.500000 3.499995 -65.500000
v -12.500000 3.499995 -65.500000
v -13.500000 3.499995 -65.500000
v -4.000000 -6.000005 -66.000000
v -3.500000 -6.000005 -66.000000
v -2.500000 -6.000005 -66.000000
v -2.500000 -6.000005 -64.500000
v -4.000000 -6.000005 -64.500000
v -7.000000 -6.000005 -63.000000
v -7.000000 -6.000005 -64.500000
v -2.500000 -6.000005 -63.000000
v -7.000000 -6.000005 -61.000000
v -8.500000 -6.000005 -61.000000
v -8.500000 -6.000005 -64.500000
v -7.000000 -6.000004 -60.000000
v -7.857143 -6.000004 -60.000000
v -9.000000 -6.000005 -61.000000
v -10.000000 -5.000005 -65.000000
v -10.000000 -5.500005 -61.875000
v -10.000000 -5.500005 -61.000000
v -10.000000 -5.000005 -61.000000
v -10.000000 -0.500005 -65.000000
v -10.000000 -0.500005 -61.000000
v -5.571429 -2.500004 -58.000000
v -5.571429 -6.000004 -58.000000
v -6.000000 -2.500004 -58.375000
v -9.000000 -2.500005 -61.000000
v -9.000000 -5.000005 -61.000000
v -9.000000 -5.500005 -61.000000
v -6.000000 -0.500004 -58.375000
v -9.000000 -0.500005 -61.000000
v -8.500000 -5.500005 -61.000000
v -8.500000 -5.500005 -64.500000
v -3.500000 -2.500005 -66.000000
v -6.000000 -0.500005 -66.000000
v -8.500000 -0.500005 -66.000000
v -4.000000 -0.500005 -66.000000
v -5.000000 -0.500005 -66.000000
v -4.000000 -5.500005 -66.000000
v -8.500000 -5.500005 -66.000000
v -4.000000 -5.500005 -64.500000
v -5.000000 -0.500005 -64.000000
v -5.000000 -0.500005 -63.000000
v -5.000000 -0.500004 -59.000000
v -6.000000 -0.500005 -65.375000
v -6.000000 -0.500004 -59.000000
v -9.000000 -0.500005 -66.000000
v -10.000000 -0.500005 -66.000000
v -10.500000 -0.500005 -61.000000
v -10.500000 -0.500005 -66.000000
v -11.500000 -5.000005 -65.000000
v -1.500000 -0.000004 -57.000000
v -1.500000 -0.000004 -55.500000
v -1.500000 0.499996 -55.500000
v -1.500000 0.499996 -57.000000
v -1.500000 -2.000004 -57.000000
v -1.500000 -2.000004 -55.500000
v -1.500000 -0.500004 -55.500000
v 8.500000 -2.500004 -57.000000
v 6.000000 -2.500004 -57.000000
v 6.000000 -2.500004 -55.500000
v 8.500000 -2.500004 -55.500000
v 6.000000 -2.500004 -55.000000
v 2.000000 -2.500004 -57.000000
v 2.000000 -2.500004 -55.500000
v 2.000000 -2.500004 -55.000000
v 2.000000 -2.500004 -54.500000
v 6.000000 -2.500004 -54.500000
v -0.500000 -2.500004 -57.000000
v -0.500000 -2.500004 -55.500000
v 6.250000 -2.500004 -55.000000
v 6.250000 -2.500004 -54.500000
v 1.750000 -2.500004 -55.000000
v 1.750000 -2.500004 -54.500000
v 6.000000 -2.000004 -55.500000
v 5.500000 -2.000004 -55.500000
v -1.000000 -2.000004 -55.500000
v -1.000000 -2.000004 -57.000000
v 0.000000 0.499996 -55.500000
v 0.000000 0.499996 -57.000000
v 0.000000 -0.000004 -57.000000
v -1.000000 -0.000004 -57.000000
v 6.000000 -0.000004 -57.000000
v 7.000000 -0.000004 -57.000000
v 7.000000 -0.000004 -55.500000
v 0.000000 -0.000004 -55.500000
v 0.000000 -0.500004 -55.500000
v 5.500000 -0.500004 -55.500000
v 7.000000 -0.500004 -55.500000
v 2.000000 -6.500004 -57.000000
v 2.000000 -6.500004 -55.500000
v 2.000000 -6.500004 -55.000000
v 2.000000 -7.000004 -55.500000
v 2.000000 -7.000004 -57.000000
v 6.000000 -6.500004 -57.000000
v 6.000000 -6.500004 -55.500000
v 6.000000 -6.500004 -55.000000
v 6.000000 -7.000004 -57.000000
v 6.000000 -7.000004 -55.500000
v 8.500000 -7.000004 -57.000000
v 8.500000 -7.000004 -55.500000
v 6.000000 -6.500004 -54.500000
v 6.250000 -6.500004 -55.000000
v 6.250000 -6.500004 -54.500000
v 2.000000 -6.500004 -54.500000
v -0.500000 -7.000004 -55.500000
v -0.500000 -7.000004 -57.000000
v 1.750000 -6.500004 -54.500000
v 1.750000 -6.500004 -55.000000
v -14.200000 4.499996 -53.700001
v -10.500000 4.499996 -53.500000
v -10.500000 -0.000004 -53.500000
v -10.500000 -2.500004 -53.500000
v -10.500000 -7.000004 -53.500000
v 34.000000 -5.000003 -36.500000
v 34.000000 -8.500003 -36.500000
v 34.000000 -8.500003 -34.000000
v 34.000000 -5.000002 -34.000000
v 34.000000 -4.500002 -32.500000
v 34.000000 -4.750002 -32.500000
v 34.000000 -4.750002 -31.500000
v 34.000000 -4.500002 -31.500000
v 34.000000 -13.500004 -52.500000
v 34.000000 -13.500004 -53.000000
v 34.000000 -14.000004 -53.000000
v 34.000000 -14.000004 -52.500000
v 34.000000 -10.500004 -52.500000
v 34.000000 -10.500004 -52.000000
v 34.000000 -9.500004 -52.500000
v 34.000000 -9.500004 -53.000000
v 34.000000 -12.500004 -52.500000
v 34.000000 -11.500004 -52.000000
v 34.000000 -12.500004 -52.000000
v 34.000000 -9.000004 -52.750000
v 36.000000 -0.000001 -14.000000
v 36.000000 -0.500001 -14.000000
v 36.000000 -4.750001 -14.000000
v 36.000000 -6.750001 -13.999999
v 36.000000 -7.000001 -13.999999
v 36.000000 -8.750001 -13.999999
v 44.500000 -13.000002 -23.999998
v 38.000000 -13.000002 -23.999998
v 37.500000 -13.000002 -23.999998
v 44.500000 -12.000002 -24.000000
v 44.500000 -9.250002 -24.000000
v 44.000000 -9.250002 -24.000000
v 39.750000 -9.250002 -24.000000
v 39.000000 -9.250002 -24.000000
v 38.000000 -9.250002 -24.000000
v 38.000000 -11.000002 -24.000000
v 38.000000 -8.750002 -24.000000
v 38.000000 -5.000002 -24.000000
v 38.000000 -4.000002 -24.000000
v 37.500000 -4.000002 -24.000000
v 37.500000 -5.000002 -24.000000
v 37.500000 -11.000002 -24.000000
v 37.500000 -12.000002 -24.000000
v 44.500000 -5.000002 -24.000000
v 44.500000 -4.000002 -24.000000
v 44.000000 -4.000002 -24.000000
v 44.000000 -8.750002 -24.000000
v 35.000000 -4.000002 -26.500000
v 35.000000 -4.500002 -26.500000
v 36.125000 -4.500002 -25.375000
v 36.125000 -4.000002 -25.375000
v 36.625000 -4.500002 -24.875000
v 35.000000 -5.000002 -26.500000
v 37.000000 -5.000002 -24.500000
v 37.000000 -4.500002 -24.500000
v 37.000000 -4.000002 -24.500000
v 36.625000 -4.000002 -24.875000
v 35.000000 -6.750002 -26.500000
v 35.000000 -8.750002 -26.500000
v 35.000000 -9.000002 -26.500000
v 35.000000 -12.000002 -26.500000
v 40.250000 -4.000002 -29.500000
v 35.750000 -4.000002 -29.500000
v 35.000000 -4.000002 -29.500000
v 35.000000 -4.000002 -30.500000
v 35.750000 -4.000002 -30.500000
v 45.750000 -4.000002 -29.500000
v 41.750000 -4.000002 -29.500000
v 45.875000 -4.000002 -25.375000
v 43.625000 -4.000002 -26.625000
v 41.000000 -4.000002 -29.250000
v 43.625000 -4.000002 -24.000000
v 45.000000 -4.000002 -24.500000
v 45.375000 -4.000002 -24.875000
v 40.500000 -4.000003 -35.000000
v 38.750000 -4.000003 -35.000000
v 36.500000 -4.000003 -35.000000
v 35.750000 -4.000002 -34.250000
v 35.000000 -4.000002 -33.500000
v 35.000000 -4.000002 -33.000000
v 40.500000 -4.000002 -30.500000
v 38.000000 -4.000003 -36.000000
v 37.500000 -4.000003 -36.000000
v 38.750000 -4.000003 -36.000000
v 41.500000 -4.000002 -34.000000
v 41.500000 -4.000002 -30.500000
v 45.750000 -4.000002 -30.500000
v 43.250000 -4.000003 -35.000000
v 42.750000 -4.000003 -35.000000
v 41.500000 -4.000003 -35.000000
v 45.500000 -4.000003 -35.000000
v 44.500000 -4.000003 -36.000000
v 44.000000 -4.000003 -36.000000
v 43.250000 -4.000003 -36.000000
v 45.875000 -4.500002 -25.375000
v 45.375000 -4.500002 -24.875000
v 45.000000 -4.500002 -24.500000
v 45.000000 -5.000002 -24.500000
v 41.500000 -6.000003 -39.000000
v 41.500000 -6.500003 -39.000000
v 40.500000 -6.500003 -39.000000
v 40.500000 -6.000003 -39.000000
v 43.250000 -5.500003 -39.000000
v 43.250000 -6.000003 -39.000000
v 43.000000 -5.500003 -39.000000
v 43.500000 -6.500003 -39.000000
v 43.000000 -6.500003 -39.000000
v 41.500000 -5.500003 -39.000000
v 43.000000 -11.250003 -39.000000
v 43.000000 -10.750003 -39.000000
v 43.000000 -10.500003 -39.000000
v 43.500000 -9.500003 -39.000000
v 44.000000 -8.500003 -39.000000
v 44.000000 -9.500003 -39.000000
v 43.500000 -10.500003 -39.000000
v 43.000000 -11.500003 -39.000000
v 44.000000 -7.500003 -39.000000
v 43.500000 -7.500003 -39.000000
v 43.500000 -12.000003 -39.000000
v 43.000000 -12.000003 -39.000000
v 39.000000 -6.500003 -39.000000
v 38.750000 -6.500003 -39.000000
v 38.750000 -6.000003 -39.000000
v 38.750000 -5.500003 -39.000000
v 40.500000 -5.500003 -39.000000
v 38.500000 -7.500003 -39.000000
v 38.000000 -7.500003 -39.000000
v 38.750000 -7.000003 -39.000000
v 38.000000 -8.500003 -39.000000
v 38.500000 -9.500003 -39.000000
v 39.000000 -10.500003 -39.000000
v 39.000000 -10.750003 -39.000000
v 39.000000 -11.250003 -39.000000
v 39.000000 -11.500003 -39.000000
v 38.500000 -10.500003 -39.000000
v 38.000000 -9.500003 -39.000000
v 39.000000 -12.000003 -39.000000
v 38.500000 -12.000003 -39.000000
v 44.000000 -14.000003 -41.500000
v 44.000000 -12.000003 -41.500000
v 44.000000 -12.000003 -40.000000
v 44.000000 -12.000003 -39.000000
v 44.000000 -11.000003 -39.000000
v 44.000000 -9.500003 -40.000000
v 44.000000 -8.500003 -40.000000
v 44.000000 -7.500003 -41.500000
v 44.000000 -7.500003 -40.000000
v 44.000000 -6.500003 -41.000000
v 44.000000 -5.500003 -39.000000
v 44.000000 -6.750003 -41.500000
v 44.000000 -14.000003 -44.000000
v 44.000000 -11.500003 -44.000000
v 44.000000 -11.500003 -43.000000
v 44.000000 -14.000003 -43.000000
v 44.000000 -14.000004 -48.000000
v 44.000000 -14.000004 -47.000000
v 44.000000 -12.500004 -47.000000
v 44.000000 -11.500004 -47.000000
v 44.000000 -10.500004 -47.000000
v 44.000000 -9.500004 -47.000000
v 44.000000 -9.500004 -46.000000
v 44.000000 -9.500003 -44.000000
v 44.000000 -10.500003 -44.000000
v 44.000000 -10.500004 -48.000000
v 44.000000 -9.500004 -48.000000
v 44.000000 -12.500004 -48.000000
v 44.000000 -11.500004 -48.000000
v 44.000000 -12.500004 -51.000000
v 44.000000 -11.500004 -51.000000
v 44.000000 -10.500004 -51.000000
v 44.000000 -9.500004 -51.000000
v 44.000000 -10.500004 -52.000000
v 44.000000 -10.500004 -52.250000
v 44.000000 -9.500004 -52.250000
v 44.000000 -12.500004 -52.250000
v 44.000000 -12.500004 -52.000000
v 44.000000 -11.500004 -52.000000
v 44.000000 -10.500003 -43.000000
v 44.000000 -9.500003 -43.000000
v 44.000000 -7.500003 -43.000000
v 44.000000 -9.000004 -46.000000
v 44.000000 -8.000003 -44.000000
v 44.000000 -9.000004 -52.250000
v 44.000000 -9.000004 -52.000000
v 44.000000 -9.000004 -51.000000
v 44.000000 -9.000004 -48.000000
v 44.000000 -9.000004 -47.000000
v 38.000000 -12.000003 -39.000000
v 38.000000 -12.000003 -41.500000
v 38.000000 -9.500003 -40.000000
v 38.000000 -9.500003 -41.500000
v 38.000000 -11.000003 -39.000000
v 38.000000 -5.500003 -39.000000
v 38.000000 -6.000003 -40.000000
v 38.000000 -7.500003 -40.000000
v 38.000000 -8.500003 -40.000000
v 38.000000 -6.750003 -41.500000
v 38.000000 -11.500003 -44.000000
v 38.000000 -11.500004 -46.000000
v 38.000000 -14.000004 -46.000000
v 38.000000 -11.500003 -43.000000
v 38.000000 -10.500004 -47.000000
v 38.000000 -11.500004 -47.000000
v 38.000000 -12.500004 -47.000000
v 38.000000 -14.000004 -47.000000
v 38.000000 -9.500004 -46.000000
v 38.000000 -9.500004 -47.000000
v 38.000000 -12.500004 -48.000000
v 38.000000 -14.000004 -48.000000
v 38.000000 -9.500004 -48.000000
v 38.000000 -10.500004 -48.000000
v 38.000000 -14.000004 -51.000000
v 38.000000 -14.000004 -51.500000
v 38.000000 -11.500004 -48.000000
v 38.000000 -9.500004 -51.000000
v 38.000000 -10.500004 -51.000000
v 38.000000 -11.500004 -51.000000
v 38.000000 -12.500004 -51.000000
v 38.000000 -12.500004 -51.500000
v 38.000000 -12.500004 -52.000000
v 38.000000 -9.500004 -51.500000
v 38.000000 -9.500004 -52.000000
v 38.000000 -10.500004 -52.000000
v 38.000000 -10.500004 -52.500000
v 38.000000 -12.500004 -52.500000
v 38.000000 -13.500004 -52.500000
v 38.000000 -9.500004 -52.500000
v 38.000000 -9.500004 -52.750000
v 38.000000 -9.500004 -53.000000
v 38.000000 -13.500004 -53.000000
v 38.000000 -14.000004 -53.000000
v 38.000000 -14.000004 -52.500000
v 38.000000 -7.500003 -43.000000
v 38.000000 -8.000003 -44.000000
v 38.000000 -9.500003 -44.000000
v 38.000000 -9.500003 -43.000000
v 38.000000 -7.250003 -42.500000
v 38.000000 -10.500003 -43.000000
v 38.000000 -10.500003 -44.000000
v 38.000000 -9.000004 -46.000000
v 38.000000 -9.000004 -47.000000
v 38.000000 -9.000004 -48.000000
v 38.000000 -9.000004 -51.000000
v 38.000000 -9.000004 -51.500000
v 38.000000 -9.000004 -52.750000
v 39.000000 -14.000003 -44.000000
v 38.500000 -14.000003 -44.000000
v 38.500000 -14.000003 -43.000000
v 39.000000 -14.000003 -43.000000
v 38.750000 -14.000004 -47.000000
v 39.000000 -14.000004 -47.000000
v 39.000000 -14.000004 -48.000000
v 38.750000 -14.000004 -48.000000
v 38.500000 -14.000004 -48.000000
v 38.500000 -14.000004 -47.000000
v 43.000000 -14.000004 -44.500000
v 43.000000 -14.000004 -45.500000
v 39.000000 -14.000004 -45.500000
v 39.000000 -14.000004 -44.500000
v 43.500000 -14.000003 -44.000000
v 43.000000 -14.000003 -44.000000
v 43.000000 -14.000003 -43.000000
v 43.500000 -14.000003 -43.000000
v 43.250000 -14.000004 -48.000000
v 43.000000 -14.000004 -48.000000
v 43.000000 -14.000004 -47.000000
v 43.250000 -14.000004 -47.000000
v 43.500000 -14.000004 -47.000000
v 43.500000 -14.000004 -48.000000
v 39.000000 -14.000004 -52.000000
v 38.500000 -14.000004 -52.000000
v 38.500000 -14.000004 -51.000000
v 38.750000 -14.000004 -51.000000
v 39.000000 -14.000004 -51.000000
v 43.000000 -14.000004 -51.000000
v 43.000000 -14.000004 -52.000000
v 43.000000 -14.000004 -53.000000
v 39.000000 -14.000004 -53.000000
v 43.250000 -14.000004 -52.000000
v 43.250000 -14.000004 -51.000000
v 43.500000 -14.000004 -51.000000
v 43.500000 -14.000004 -52.000000
v 38.500000 -12.500004 -47.000000
v 39.000000 -13.500004 -47.000000
v 38.500000 -13.500004 -47.000000
v 38.500000 -10.500004 -47.000000
v 38.500000 -9.500004 -47.000000
v 39.000000 -9.500004 -47.000000
v 43.500000 -13.500004 -47.000000
v 43.500000 -12.500004 -47.000000
v 43.500000 -10.500004 -47.000000
v 43.500000 -9.500004 -47.000000
v 43.000000 -9.500004 -47.000000
v 43.000000 -13.500004 -47.000000
v 38.750000 -9.000004 -47.000000
v 40.500000 -9.000004 -47.000000
v 40.500000 -9.500004 -47.000000
v 43.250000 -9.000004 -47.000000
v 41.500000 -9.500004 -47.000000
v 41.500000 -9.000004 -47.000000
v 43.000000 -13.500004 -48.000000
v 43.500000 -12.500004 -48.000000
v 43.000000 -13.500004 -51.000000
v 43.000000 -13.500004 -52.000000
v 43.500000 -12.500004 -52.000000
v 43.500000 -12.500004 -51.000000
v 43.500000 -13.500004 -51.000000
v 43.500000 -13.500004 -52.000000
v 43.500000 -13.500004 -48.000000
v 38.750000 -9.000004 -48.000000
v 43.250000 -9.000004 -48.000000
v 38.750000 -9.000004 -51.000000
v 40.500000 -9.000004 -48.000000
v 40.500000 -9.000004 -51.000000
v 38.750000 -9.000004 -52.000000
v 38.750000 -9.000004 -52.250000
v 40.500000 -9.000004 -52.000000
v 40.500000 -9.000004 -54.000000
v 42.750000 -9.000004 -48.000000
v 43.250000 -9.000004 -51.000000
v 41.500000 -9.000004 -51.000000
v 41.500000 -9.000004 -48.000000
v 43.250000 -9.000004 -52.000000
v 41.500000 -9.000004 -52.000000
v 42.750000 -9.000004 -52.000000
v 43.500000 -9.500004 -51.000000
v 43.000000 -9.500004 -51.000000
v 41.500000 -9.500004 -51.000000
v 39.000000 -9.500004 -51.000000
v 38.500000 -9.500004 -51.000000
v 40.500000 -9.500004 -51.000000
v 43.500000 -10.500004 -51.000000
v 38.500000 -12.500004 -51.000000
v 39.000000 -13.500004 -51.000000
v 38.500000 -13.500004 -51.000000
v 38.500000 -10.500004 -51.000000
v 43.500000 -10.500004 -52.000000
v 43.000000 -9.500004 -52.000000
v 40.500000 -9.500004 -52.000000
v 40.500000 -9.500004 -54.000000
v 41.500000 -9.500004 -52.000000
v 40.500000 -13.500004 -51.000000
v 39.000000 -9.500004 -52.000000
v 38.500000 -9.500004 -52.000000
v 39.000000 -13.500004 -53.000000
v 39.000000 -13.500004 -52.000000
v 38.500000 -10.500004 -52.000000
v 38.500000 -12.500004 -52.000000
v 38.500000 -13.500004 -52.000000
v 43.500000 -10.500004 -48.000000
v 43.000000 -9.500004 -48.000000
v 38.500000 -13.500004 -48.000000
v 38.500000 -9.500004 -48.000000
v 40.500000 -9.500004 -48.000000
v 41.500000 -9.500004 -48.000000
v 39.000000 -9.500004 -48.000000
v 39.000000 -13.500004 -48.000000
v 38.500000 -10.500004 -48.000000
v 38.500000 -12.500004 -48.000000
v 40.500000 -9.500004 -46.000000
v 41.500000 -9.500004 -46.000000
v 43.250000 -8.000003 -44.000000
v 42.750000 -8.000003 -44.000000
v 43.000000 -8.500003 -44.000000
v 43.500000 -9.500003 -44.000000
v 41.500000 -8.500003 -44.000000
v 41.500000 -8.000003 -44.000000
v 38.750000 -9.000003 -44.000000
v 39.000000 -8.500003 -44.000000
v 38.750000 -8.500003 -44.000000
v 38.500000 -9.500003 -44.000000
v 38.750000 -8.000003 -44.000000
v 40.500000 -8.500003 -44.000000
v 40.500000 -8.000003 -44.000000
v 41.500000 -9.000004 -45.000000
v 41.500000 -9.000004 -46.000000
v 40.500000 -9.000004 -46.000000
v 41.500000 -6.500003 -41.000000
v 41.500000 -7.500003 -43.000000
v 41.500000 -8.000003 -43.000000
v 41.500000 -6.500003 -40.000000
v 41.500000 -6.000003 -40.000000
v 43.250000 -8.000003 -43.000000
v 43.250000 -9.000003 -43.000000
v 43.000000 -8.500003 -43.000000
v 42.500000 -7.500003 -43.000000
v 43.250000 -7.500003 -43.000000
v 41.500000 -8.500003 -43.000000
v 43.500000 -9.500003 -43.000000
v 43.250000 -6.000003 -40.000000
v 43.250000 -6.500003 -41.000000
v 43.000000 -6.500003 -40.000000
v 43.500000 -6.500003 -40.000000
v 43.500000 -7.500003 -40.000000
v 43.500000 -9.500003 -40.000000
v 38.500000 -9.500003 -40.000000
v 38.500000 -7.500003 -40.000000
v 38.500000 -6.500003 -40.000000
v 39.000000 -6.500003 -40.000000
v 40.500000 -6.500003 -40.000000
v 40.500000 -6.000003 -40.000000
v 38.750000 -6.000003 -40.000000
v 40.500000 -8.000003 -43.000000
v 40.500000 -7.500003 -43.000000
v 40.500000 -7.250003 -42.500000
v 40.500000 -8.500003 -43.000000
v 38.750000 -7.250003 -42.500000
v 38.750000 -7.500003 -43.000000
v 38.500000 -9.500003 -43.000000
v 38.750000 -8.000003 -43.000000
v 38.750000 -8.500003 -43.000000
v 38.750000 -9.000003 -43.000000
v 39.000000 -8.500003 -43.000000
v 43.000000 -12.500003 -43.000000
v 43.000000 -12.750003 -43.000000
v 43.000000 -13.250003 -44.000000
v 43.000000 -12.500003 -44.000000
v 43.000000 -13.750003 -44.000000
v 43.000000 -13.500003 -44.000000
v 43.000000 -13.500004 -44.500000
v 43.000000 -13.250003 -43.000000
v 43.000000 -11.750003 -40.000000
v 43.000000 -11.500003 -40.000000
v 43.000000 -11.250003 -40.000000
v 43.000000 -13.500003 -43.000000
v 43.000000 -12.000003 -40.000000
v 43.000000 -10.500003 -40.000000
v 43.500000 -11.500003 -43.000000
v 43.500000 -12.500003 -43.000000
v 43.500000 -12.500003 -44.000000
v 43.500000 -11.500003 -44.000000
v 43.500000 -12.000003 -40.000000
v 43.500000 -10.500003 -40.000000
v 39.000000 -13.500004 -44.500000
v 39.000000 -13.250003 -44.000000
v 39.000000 -13.500003 -44.000000
v 39.000000 -13.750003 -44.000000
v 39.000000 -12.500003 -44.000000
v 39.000000 -12.750003 -43.000000
v 39.000000 -12.500003 -43.000000
v 39.000000 -13.500003 -43.000000
v 39.000000 -13.250003 -43.000000
v 39.000000 -11.250003 -40.000000
v 39.000000 -11.500003 -40.000000
v 39.000000 -11.750003 -40.000000
v 39.000000 -12.000003 -40.000000
v 39.000000 -10.500003 -40.000000
v 38.500000 -12.500003 -43.000000
v 38.500000 -11.500003 -43.000000
v 38.500000 -12.500003 -44.000000
v 38.500000 -11.500003 -44.000000
v 38.500000 -12.000003 -40.000000
v 38.500000 -10.500003 -40.000000
v 37.000000 -9.000004 -52.750000
v 34.000000 -9.000004 -52.000000
v 37.000000 -9.000004 -52.000000
v 37.250000 -9.000004 -52.000000
v 37.000000 -11.500004 -52.000000
v 37.000000 -10.500004 -52.000000
v 37.000000 -12.500004 -52.000000
v 37.000000 -9.500004 -52.000000
v 37.250000 -9.500004 -52.000000
v 34.000000 -13.500004 -52.000000
v 37.000000 -9.500004 -53.000000
v 37.750000 -9.500004 -52.500000
v 37.000000 -9.500004 -52.500000
v 37.000000 -14.000004 -53.000000
v 37.000000 -14.000004 -52.750000
v 37.000000 -14.000004 -52.500000
v 37.000000 -13.500004 -53.000000
v 37.000000 -13.500004 -52.500000
v 37.000000 -10.500004 -52.500000
v 37.000000 -12.500004 -52.500000
v 35.000000 -9.000002 -28.500000
v 35.000000 -9.000002 -31.000000
v 35.000000 -8.750002 -28.500000
v 35.000000 -8.500002 -29.500000
v 35.000000 -8.500002 -31.000000
v 35.000000 -8.500002 -28.500000
v 35.000000 -6.750002 -28.500000
v 35.000000 -6.750002 -29.500000
v 35.000000 -7.500002 -29.500000
v 35.000000 -7.500002 -31.000000
v 35.000000 -7.500002 -30.500000
v 35.000000 -5.500002 -30.500000
v 35.000000 -5.500002 -31.000000
v 35.000000 -5.000002 -31.000000
v 35.000000 -5.500002 -29.500000
v 35.000000 -5.000002 -29.500000
v 35.000000 -8.500003 -33.000000
v 35.000000 -8.500003 -33.500000
v 35.000000 -11.000003 -33.500000
v 35.000000 -4.500002 -29.500000
v 35.000000 -5.000002 -33.000000
v 35.000000 -4.500002 -33.000000
v 35.000000 -5.500002 -33.500000
v 41.500000 -4.000003 -36.000000
v 42.750000 -4.000003 -36.000000
v 40.500000 -4.000003 -36.000000
v 35.250000 -5.000002 -30.500000
v 35.500000 -4.500002 -30.500000
v 35.500000 -4.500002 -29.500000
v 35.250000 -5.000002 -29.500000
v 39.000000 -9.750003 -36.000000
v 39.000000 -9.250003 -36.000000
v 39.000000 -8.500003 -36.000000
v 38.500000 -8.500003 -36.000000
v 38.500000 -10.000003 -36.000000
v 39.000000 -10.000003 -36.000000
v 38.500000 -7.500003 -36.000000
v 38.000000 -6.500003 -36.000000
v 38.000000 -7.500003 -36.000000
v 38.500000 -5.500003 -36.000000
v 38.000000 -5.500003 -36.000000
v 43.500000 -5.500003 -36.000000
v 43.500000 -7.500003 -36.000000
v 44.000000 -6.500003 -36.000000
v 43.000000 -9.250003 -36.000000
v 43.000000 -9.500003 -36.000000
v 43.500000 -8.500003 -36.000000
v 44.000000 -7.500003 -36.000000
v 43.000000 -8.500003 -36.000000
v 43.000000 -9.750003 -36.000000
v 43.000000 -10.000003 -36.000000
v 43.500000 -10.000003 -36.000000
v 38.750000 -5.000003 -36.000000
v 39.000000 -4.500003 -36.000000
v 38.750000 -4.500003 -36.000000
v 40.500000 -4.500003 -36.000000
v 38.000000 -11.000003 -36.000000
v 37.500000 -11.000003 -36.000000
v 38.000000 -12.000003 -36.000000
v 44.000000 -5.500003 -36.000000
v 44.500000 -11.000003 -36.000000
v 44.000000 -11.000003 -36.000000
v 44.000000 -12.000003 -36.000000
v 41.500000 -4.500003 -36.000000
v 43.000000 -4.500003 -36.000000
v 38.500000 -10.000003 -35.000000
v 39.000000 -10.000003 -35.000000
v 42.500000 -10.000003 -35.000000
v 42.500000 -10.000003 -34.000000
v 42.250000 -10.000003 -34.000000
v 39.750000 -10.000003 -34.000000
v 39.500000 -10.000003 -34.000000
v 39.500000 -10.000003 -35.000000
v 43.000000 -10.000003 -35.000000
v 43.500000 -10.000003 -35.000000
v 43.000000 -4.500003 -35.000000
v 44.000000 -5.500003 -35.000000
v 43.500000 -5.500003 -35.000000
v 41.500000 -4.500003 -35.000000
v 39.000000 -4.500003 -35.000000
v 38.750000 -5.000003 -35.000000
v 38.750000 -4.500003 -35.000000
v 38.500000 -5.000003 -35.000000
v 38.250000 -5.000003 -35.000000
v 40.500000 -4.500003 -35.000000
v 43.500000 -8.500003 -35.000000
v 43.500000 -8.750003 -35.000000
v 43.375000 -8.750003 -35.000000
v 44.000000 -6.500003 -35.000000
v 43.500000 -7.500003 -35.000000
v 43.000000 -8.750003 -35.000000
v 43.000000 -8.500003 -35.000000
v 44.000000 -7.500003 -35.000000
v 43.500000 -9.250003 -35.000000
v 44.000000 -9.250003 -35.000000
v 44.000000 -8.750003 -35.000000
v 43.000000 -9.250003 -35.000000
v 38.500000 -5.500003 -35.000000
v 38.500000 -8.500003 -35.000000
v 38.500000 -7.500003 -35.000000
v 39.000000 -8.500003 -35.000000
v 39.000000 -8.750003 -35.000000
v 38.500000 -8.750003 -35.000000
v 38.000000 -5.500003 -35.000000
v 38.000000 -7.500003 -35.000000
v 39.000000 -9.250003 -35.000000
v 38.500000 -9.250003 -35.000000
v 38.000000 -9.250003 -35.000000
v 38.000000 -8.750003 -35.000000
v 36.000000 -8.750003 -33.000000
v 36.000000 -9.000003 -33.000000
v 36.000000 -9.250003 -33.000000
v 38.000000 -9.250002 -25.000000
v 39.750000 -9.250002 -26.000000
v 39.750000 -9.250002 -31.000000
v 38.000000 -9.250002 -31.000000
v 36.000000 -9.250002 -31.000000
v 36.000000 -9.250002 -29.500000
v 36.000000 -9.250002 -27.000000
v 44.000000 -9.250002 -25.000000
v 44.000000 -9.250002 -26.000000
v 45.000000 -9.250002 -26.000000
v 45.000000 -9.250002 -31.000000
v 38.000000 -9.250003 -34.000000
v 39.000000 -9.250003 -34.000000
v 39.000000 -9.250003 -34.500000
v 44.000000 -9.250003 -34.000000
v 44.000000 -9.250003 -34.500000
v 43.000000 -9.250003 -34.500000
v 45.000000 -9.250003 -34.000000
v 40.500000 -4.500002 -30.500000
v 36.000000 -4.500002 -30.500000
v 36.000000 -4.500002 -29.500000
v 40.250000 -4.500002 -29.500000
v 40.500000 -4.500002 -29.500000
v 41.000000 -4.500002 -29.250000
v 40.750000 -4.500002 -29.500000
v 41.750000 -4.500002 -29.500000
v 41.500000 -4.500002 -29.500000
v 41.500000 -4.500002 -30.500000
v 39.000000 -9.187503 -34.500000
v 39.000000 -9.187503 -34.875000
v 45.000000 -6.750002 -31.500000
v 45.000000 -6.750002 -33.500000
v 45.000000 -8.750003 -33.500000
v 45.000000 -8.750002 -31.500000
v 44.000000 -8.750002 -31.500000
v 44.000000 -8.750003 -33.500000
v 45.500000 -8.750003 -33.500000
v 44.000000 -8.750002 -31.000000
v 39.750000 -8.750002 -31.000000
v 39.000000 -8.750002 -31.000000
v 45.000000 -8.750002 -26.000000
v 44.000000 -8.750002 -26.000000
v 39.750000 -8.750002 -26.000000
v 44.000000 -8.750002 -25.000000
v 39.750000 -8.750002 -24.000000
v 39.000000 -8.750002 -29.500000
v 39.000000 -8.750002 -24.000000
v 43.000000 -9.187503 -34.875000
v 43.000000 -9.187503 -34.500000
v 35.500000 -5.000002 -29.500000
v 35.750000 -5.000002 -29.500000
v 35.500000 -5.500002 -29.500000
v 35.500000 -8.500002 -29.500000
v 35.500000 -7.500002 -29.500000
v 36.000000 -8.500002 -29.500000
v 36.000000 -8.750002 -29.500000
v 36.000000 -9.000002 -29.500000
v 35.500000 -9.000002 -29.500000
v 35.500000 -9.000002 -30.500000
v 36.000000 -9.000002 -30.500000
v 36.000000 -8.500002 -30.500000
v 36.000000 -8.750002 -30.500000
v 36.000000 -8.750002 -31.000000
v 37.000000 -8.750002 -31.000000
v 37.000000 -8.750002 -29.500000
v 35.500000 -5.000002 -30.500000
v 35.750000 -5.000002 -30.500000
v 35.500000 -5.500002 -30.500000
v 35.500000 -7.500002 -30.500000
v 35.500000 -8.500002 -30.500000
v 37.000000 -6.750002 -28.500000
v 37.000000 -6.750002 -26.500000
v 38.000000 -8.750002 -25.000000
v 36.000000 -8.750002 -27.000000
v 36.000000 -8.750002 -28.500000
v 36.000000 -8.750002 -26.500000
v 37.000000 -8.750002 -26.000000
v 36.500000 -8.750002 -26.500000
v 37.000000 -8.750002 -26.500000
v 37.000000 -8.750002 -28.500000
v 36.000000 -9.000002 -27.000000
v 39.500000 -13.000003 -35.000000
v 42.500000 -13.000003 -35.000000
v 39.750000 -14.000003 -35.000000
v 43.750000 -14.000003 -35.000000
v 44.000000 -14.000003 -35.000000
v 44.000000 -13.500003 -35.000000
v 43.000000 -13.500003 -35.000000
v 38.000000 -13.500003 -35.000000
v 38.000000 -14.000003 -35.000000
v 36.000000 -14.000002 -29.499998
v 36.000000 -14.000002 -29.999998
v 36.000000 -14.000003 -33.000000
v 36.000000 -13.500003 -33.000000
v 36.000000 -13.500002 -30.999998
v 36.000000 -13.500002 -26.999998
v 36.000000 -14.000002 -26.999998
v 43.500000 -13.500002 -24.999998
v 44.000000 -13.500002 -24.999998
v 44.000000 -14.000002 -24.999998
v 42.250000 -14.000002 -24.999998
v 38.000000 -14.000002 -24.999998
v 38.000000 -13.500002 -24.999998
v 39.750000 -13.000003 -34.000000
v 42.250000 -13.000003 -34.000000
v 42.500000 -13.000003 -34.000000
v 39.500000 -13.000003 -34.000000
v 39.750000 -13.000002 -29.499998
v 39.750000 -13.000002 -29.999998
v 42.250000 -13.000002 -29.999998
v 42.250000 -13.000002 -29.499998
v 39.750000 -13.000002 -26.499998
v 39.750000 -13.000002 -26.999998
v 42.250000 -13.000002 -26.999998
v 42.250000 -13.000002 -26.499998
v 42.750000 -13.000002 -29.499998
v 42.750000 -13.000002 -26.999998
v 39.250000 -13.000002 -29.499998
v 39.250000 -13.000002 -26.999998
v 39.750000 -10.250003 -34.250000
v 39.750000 -10.250003 -34.500000
v 39.750000 -12.750003 -34.500000
v 39.750000 -12.750003 -34.250000
v 39.750000 -10.250003 -34.000000
v 39.750000 -12.750003 -34.000000
v 42.250000 -12.750003 -34.000000
v 42.250000 -10.250003 -34.000000
v 42.250000 -10.250003 -34.250000
v 42.250000 -10.250003 -34.500000
v 42.250000 -12.750003 -34.500000
v 42.250000 -12.750003 -34.250000
v 43.000000 -13.500002 -30.999998
v 40.000000 -13.500002 -30.999998
v 39.250000 -13.500002 -30.999998
v 45.250000 -13.500002 -27.999998
v 43.750000 -13.500002 -27.999998
v 43.750000 -13.500002 -29.499998
v 43.750000 -13.500002 -29.999998
v 42.250000 -13.500002 -29.999998
v 40.000000 -13.500002 -29.999998
v 40.000000 -13.500002 -30.249998
v 45.250000 -13.500002 -26.249998
v 45.250000 -13.500002 -26.499998
v 43.750000 -13.500002 -26.499998
v 43.750000 -13.500002 -26.999998
v 36.500000 -13.500002 -26.499998
v 39.250000 -13.500002 -26.499998
v 39.750000 -13.500002 -26.499998
v 42.250000 -13.500002 -26.499998
v 43.500000 -13.500002 -26.499998
v 39.750000 -13.500002 -29.999998
v 39.250000 -13.500002 -29.499998
v 42.750000 -13.500002 -29.499998
v 42.750000 -13.500002 -26.999998
v 42.250000 -13.500002 -26.999998
v 42.250000 -13.500002 -29.499998
v 39.750000 -13.500002 -29.499998
v 39.750000 -13.500002 -26.999998
v 39.250000 -13.500002 -26.999998
v 36.750000 -14.000003 -33.750000
v 45.250000 -14.000002 -26.249998
v 36.500000 -14.000002 -26.499998
v 45.875000 -14.000003 -33.125000
v 42.250000 -14.000002 -29.999998
v 39.750000 -14.000002 -29.999998
v 43.750000 -14.000003 -33.000000
v 43.750000 -14.000003 -32.500000
v 43.750000 -14.000003 -34.500000
v 44.500000 -14.000003 -33.750000
v 44.750000 -14.000003 -33.500000
v 45.250000 -14.000003 -33.000000
v 45.500000 -14.000003 -32.750000
v 44.250000 -14.000003 -33.500000
v 45.250000 -14.000003 -31.999998
v 45.250000 -14.000002 -30.999998
v 45.250000 -14.000003 -32.500000
v 44.750000 -14.000003 -31.999998
v 44.250000 -14.000003 -31.999998
v 43.750000 -14.000003 -31.999998
v 43.750000 -14.000002 -30.999998
v 43.750000 -14.000002 -29.999998
v 36.750000 -14.000003 -33.000000
v 36.750000 -14.000003 -32.500000
v 39.250000 -14.000002 -29.999998
v 39.250000 -14.000002 -30.999998
v 38.250000 -14.000002 -30.999998
v 36.750000 -14.000002 -30.999998
v 36.750000 -14.000002 -29.999998
v 39.750000 -14.000002 -30.999998
v 37.750000 -14.000003 -31.999998
v 37.250000 -14.000003 -31.999998
v 36.750000 -14.000003 -31.999998
v 38.250000 -14.000003 -31.999998
v 37.750000 -14.000003 -33.500000
v 38.250000 -14.000003 -33.000000
v 38.250000 -14.000003 -33.500000
v 38.250000 -14.000003 -32.500000
v 36.750000 -14.000003 -33.500000
v 37.250000 -14.000003 -33.500000
v 39.750000 -14.000003 -33.500000
v 42.250000 -14.250002 -29.499998
v 39.750000 -14.250002 -29.499998
v 36.750000 -14.000002 -29.499998
v 43.750000 -14.000002 -29.499998
v 42.750000 -14.000002 -29.499998
v 39.250000 -14.000002 -29.499998
v 42.250000 -14.250002 -26.999998
v 42.750000 -14.000002 -26.999998
v 43.750000 -14.000002 -26.999998
v 43.750000 -14.000002 -27.499998
v 43.750000 -14.000002 -27.999998
v 43.750000 -14.000002 -28.999998
v 45.250000 -14.000002 -26.499998
v 44.750000 -14.000002 -26.499998
v 44.250000 -14.000002 -26.499998
v 42.250000 -14.000002 -26.499998
v 45.250000 -14.000002 -26.999998
v 44.250000 -14.000002 -27.999998
v 45.500000 -14.000002 -27.249998
v 45.250000 -14.000002 -27.499998
v 44.750000 -14.000002 -27.999998
v 39.750000 -14.000002 -26.499998
v 37.250000 -14.000002 -26.499998
v 37.750000 -14.000002 -26.499998
v 39.750000 -14.250002 -26.999998
v 36.750000 -14.000002 -27.499998
v 36.750000 -14.000002 -26.999998
v 39.250000 -14.000002 -27.999998
v 39.250000 -14.000002 -27.749998
v 39.250000 -14.000002 -26.999998
v 39.250000 -14.000002 -26.499998
v 36.750000 -14.000002 -26.499998
v 38.250000 -14.000002 -27.499998
v 38.250000 -14.000002 -27.999998
v 37.750000 -14.000002 -27.999998
v 39.125000 -14.000002 -27.874998
v 38.250000 -14.000002 -26.999998
v 39.000000 -14.000002 -27.999998
v 37.250000 -14.000002 -27.999998
v 37.500000 -14.000002 -28.249998
v 36.750000 -14.000002 -28.999998
v 34.000000 -4.500002 -34.000000
v 34.500000 -4.500002 -34.000000
v 34.500000 -5.000002 -34.000000
v 34.500000 -5.000003 -36.500000
v 34.500000 -8.500003 -36.500000
v 34.500000 -8.500003 -34.000000
v 34.000000 -4.500002 -30.000000
v 34.500000 -4.500002 -30.000000
v 34.500000 -5.000002 -30.000000
v 34.000000 -8.500002 -30.000000
v 34.500000 -8.500002 -30.000000
v 34.500000 -5.000002 -33.000000
v 34.500000 -5.000002 -31.000000
v 34.000000 -8.500002 -31.250000
v 34.500000 -8.500003 -33.000000
v 34.500000 -8.500002 -31.000000
v 36.000000 -8.750001 -18.000000
v 36.000000 -8.750001 -17.250000
v 36.000000 -6.750001 -17.250000
v 36.000000 -6.750001 -18.000000
v 36.000000 -4.750001 -20.000000
v 36.000000 -6.750001 -20.000000
v 36.000000 -6.750001 -18.750000
v 36.000000 -4.750001 -18.750000
v 36.000000 -6.750001 -16.750000
v 36.000000 -6.750001 -15.249999
v 36.000000 -4.750001 -16.750000
v 36.000000 -8.750001 -15.249999
v 36.000000 -0.500001 -16.500000
v 36.000000 -0.000001 -16.500000
v 36.000000 -0.000002 -20.000000
v 36.000000 -0.500001 -20.000000
v 36.000000 -0.500001 -17.500000
v 36.000000 -0.000001 -17.500000
v 40.500000 -0.000001 -16.500000
v 41.500000 -0.000001 -16.500000
v 44.000000 -0.000002 -20.000000
v 41.500000 -0.000002 -20.000000
v 41.500000 -0.000001 -17.500000
v 40.500000 -0.000002 -22.000000
v 38.000000 -0.000002 -22.000000
v 40.500000 -0.000001 -17.500000
v 40.500000 -0.000002 -23.500000
v 38.000000 -0.000002 -23.500000
v 44.000000 -0.000002 -22.000000
v 44.000000 -0.000002 -23.500000
v 41.500000 -0.000002 -23.500000
v 38.000000 -8.750001 -15.249999
v 38.000000 -8.750001 -12.999999
v 38.000000 -8.750001 -17.250000
v 38.000000 -8.750001 -18.000000
v 38.000000 -8.750002 -20.000000
v 39.000000 -8.750002 -20.000000
v 39.000000 -8.750001 -18.000000
v 39.000000 -8.750001 -17.500000
v 39.000000 -8.750001 -16.500000
v 39.000000 -8.750001 -15.999999
v 39.000000 -8.750001 -12.999999
v 43.000000 -8.750001 -15.999999
v 39.500000 -8.750001 -16.500000
v 39.500000 -8.750001 -15.999999
v 39.500000 -8.750001 -17.500000
v 40.000000 -8.750001 -17.500000
v 40.000000 -8.750001 -16.500000
v 39.500000 -8.750001 -18.000000
v 42.000000 -8.750001 -16.500000
v 42.000000 -8.750001 -17.500000
v 42.500000 -8.750001 -17.500000
v 42.500000 -8.750001 -16.500000
v 42.500000 -8.750001 -15.999999
v 42.500000 -8.750001 -18.000000
v 44.000000 -8.750001 -18.000000
v 43.000000 -8.750002 -20.000000
v 44.000000 -8.750002 -20.000000
v 42.000000 -8.750001 -18.000000
v 40.000000 -8.750001 -18.000000
v 44.000000 -8.750002 -23.500000
v 44.000000 -8.750002 -22.000000
v 43.000000 -8.750002 -22.000000
v 38.000000 -8.750002 -22.000000
v 38.000000 -8.750002 -23.500000
v 36.000000 -8.750002 -20.000000
v 46.000000 -8.750002 -20.000000
v 40.500000 -3.500002 -23.500000
v 44.000000 -3.500002 -23.500000
v 44.000000 -4.000002 -23.500000
v 38.000000 -4.000002 -23.500000
v 38.000000 -3.500002 -23.500000
v 44.000000 -0.500002 -23.500000
v 41.500000 -0.500002 -23.500000
v 40.500000 -0.500002 -23.500000
v 38.000000 -5.000002 -23.500000
v 38.000000 -5.000001 -22.000000
v 38.000000 -7.000001 -22.000000
v 36.000000 -7.000001 -20.000000
v 44.000000 -4.000001 -22.000000
v 46.000000 -7.000001 -20.000000
v 44.000000 -7.000001 -22.000000
v 40.000000 -2.750001 -16.000000
v 40.000000 -2.750001 -16.500000
v 40.000000 -2.750001 -17.500000
v 40.000000 -2.750001 -18.000000
v 42.000000 -2.750001 -18.000000
v 42.000000 -2.750001 -17.500000
v 42.000000 -2.750001 -16.500000
v 42.000000 -2.750001 -16.000000
v 39.500000 -2.750001 -17.500000
v 39.500000 -2.750001 -18.000000
v 42.500000 -2.750001 -18.000000
v 42.500000 -2.750001 -17.500000
v 39.000000 -2.750001 -16.000000
v 39.500000 -2.750001 -16.000000
v 42.500000 -2.750001 -16.000000
v 43.000000 -2.750001 -16.000000
v 42.500000 -2.750001 -16.500000
v 39.500000 -2.750001 -16.500000
v 40.500000 -0.500001 -16.500000
v 40.500000 -0.500001 -17.500000
v 41.500000 -0.500001 -16.500000
v 41.500000 -0.500001 -17.500000
v 44.000000 -6.750001 -20.000000
v 38.000000 -6.750001 -20.000000
v 39.000000 -8.250001 -15.999999
v 39.000000 -3.250001 -16.000000
v 39.500000 -8.250001 -15.999999
v 42.500000 -3.250001 -16.000000
v 42.000000 -3.250001 -16.000000
v 40.000000 -3.250001 -16.000000
v 39.500000 -3.250001 -16.000000
v 40.000000 -8.250001 -15.999999
v 42.000000 -8.250001 -15.999999
v 42.500000 -8.250001 -15.999999
v 43.000000 -8.250001 -15.999999
v 43.000000 -3.250001 -16.000000
v 42.500000 -3.250001 -18.000000
v 42.500000 -3.250001 -17.500000
v 42.500000 -8.250001 -18.000000
v 42.500000 -8.250001 -17.500000
v 42.500000 -8.250001 -16.500000
v 42.500000 -3.250001 -16.500000
v 44.000000 -6.750001 -18.000000
v 39.500000 -8.250001 -17.500000
v 39.500000 -8.250001 -18.000000
v 40.000000 -8.250001 -18.000000
v 40.000000 -8.250001 -17.500000
v 42.000000 -8.250001 -17.500000
v 42.000000 -8.250001 -18.000000
v 42.000000 -8.250001 -16.500000
v 40.000000 -8.250001 -16.500000
v 39.500000 -8.250001 -16.500000
v 40.000000 -3.250001 -16.500000
v 39.500000 -3.250001 -16.500000
v 42.000000 -3.250001 -16.500000
v 42.000000 -3.250001 -18.000000
v 42.000000 -3.250001 -17.500000
v 40.000000 -3.250001 -18.000000
v 39.500000 -3.250001 -18.000000
v 39.500000 -3.250001 -17.500000
v 40.000000 -3.250001 -17.500000
v 38.000000 -6.750001 -15.249999
v 38.000000 -4.750001 -18.750000
v 38.000000 -4.750001 -16.750000
v 38.000000 -6.750001 -17.250000
v 38.000000 -6.750001 -18.000000
v 38.000000 -6.750001 -18.750000
v 38.000000 -6.750001 -16.750000
v 31.000000 -4.000001 -16.000000
v 30.428572 -4.000001 -15.714286
v 29.000000 -4.000001 -15.000000
v 29.000000 -9.250001 -14.999999
v 30.000000 -9.250001 -15.499999
v 30.428572 -9.250001 -15.714285
v 31.000000 -9.250001 -15.999999
v 30.428572 -10.500001 -15.714285
v 31.000000 -10.500001 -15.999999
v 29.000000 -10.500001 -14.999999
v -6.000000 4.499999 -19.500000
v -6.000000 -2.500001 -19.500000
v -6.000000 -7.750001 -19.500000
v 23.000000 5.999999 -14.000000
v 20.000000 5.999999 -14.000000
v 20.000000 2.499999 -14.000000
v 23.000000 2.499999 -14.000000
v 6.500000 -0.000001 -14.000000
v 8.000000 -0.000001 -14.000000
v 8.000000 3.999999 -14.000000
v 6.500000 3.999999 -14.000000
v 29.000000 -13.500004 -53.000000
v 24.000000 -13.500004 -53.000000
v 33.000000 -13.500004 -53.000000
v 30.000000 -13.500004 -53.000000
v -1.000000 -0.000004 -53.000000
v -1.000000 -7.000004 -53.000000
v -1.500000 -7.000004 -52.500000
v -2.000000 -7.000004 -52.000000
v -2.000000 -0.000004 -52.000000
v 33.000000 -4.500002 -30.000000
v 33.000000 -4.500002 -31.250000
v 33.000000 -4.250002 -31.250000
v 33.000000 -4.000002 -31.250000
v 33.000000 -4.000002 -30.000000
v 33.000000 -4.500002 -31.500000
v 33.000000 -4.750002 -31.500000
v 33.000000 -4.750002 -32.500000
v 33.000000 -4.500002 -32.500000
v 33.000000 -4.250002 -32.500000
v 33.000000 -4.250002 -31.500000
v 33.000000 -4.500002 -34.000000
v 33.000000 -4.250002 -34.000000
v 33.000000 -4.000002 -34.000000
v 33.000000 -4.000002 -33.750000
v 33.000000 -9.500004 -53.000000
v 33.000000 -9.000004 -52.750000
v 33.000000 -9.500004 -52.500000
v 33.000000 -10.500004 -52.000000
v 33.000000 -10.500004 -52.500000
v 33.000000 -11.500004 -52.000000
v 33.000000 -12.500004 -52.500000
v 33.000000 -12.500004 -52.000000
v 33.000000 -13.500004 -52.500000
v 33.000000 -8.500003 -34.000000
v 33.000000 -9.000004 -52.000000
v 33.000000 -13.500004 -52.000000
v 33.000000 -8.500002 -30.000000
v 33.500000 -8.500002 -31.250000
v 33.000000 -8.500002 -31.250000
v 33.000000 -8.500003 -32.083332
v 31.500000 -11.000002 -20.000000
v 31.500000 -9.250002 -20.000000
v 31.312500 -9.250002 -19.250000
v 31.000000 -9.250001 -18.000000
v 31.000000 -10.500001 -18.000000
v 31.500000 -11.500002 -20.000000
v 31.500000 -4.000001 -20.000000
v 31.000000 -4.000001 -18.000000
v 31.000000 -9.250001 -17.000000
v 30.750000 -9.250001 -17.000000
v 31.000000 -9.250001 -16.500000
v 30.625000 -9.250001 -16.500000
v 30.750000 -4.000001 -17.000000
v 31.000000 -10.500001 -17.000000
v 30.750000 -10.500001 -17.000000
v 13.000000 4.499996 -51.500000
v 14.000000 4.499996 -51.500000
v 14.000000 -0.000004 -51.500000
v 8.000000 -0.000004 -51.500000
v 8.000000 0.749996 -51.500000
v 8.000000 2.999996 -51.500000
v 8.000000 4.499996 -51.500000
v -1.500000 4.499996 -51.500000
v 0.000000 4.499996 -51.500000
v 0.000000 2.999996 -51.500000
v 0.000000 0.749996 -51.500000
v 0.000000 -0.000004 -51.500000
v -2.500000 -0.000004 -51.500000
v -2.500000 4.499996 -51.500000
v 22.500000 4.499996 -53.562500
v 22.500000 4.499996 -51.500000
v 22.500000 -2.500004 -51.500000
v 22.500000 -2.500004 -53.562500
v 22.500000 -7.000004 -51.500000
v 22.500000 -7.000004 -53.500000
v 22.500000 -7.000004 -53.562500
v 29.000000 -12.500004 -52.500000
v 29.000000 -11.500004 -52.000000
v 29.000000 -12.500004 -52.000000
v 29.000000 -13.500004 -52.500000
v 29.000000 -10.500004 -52.500000
v 29.000000 -10.500004 -52.000000
v 29.000000 -9.500004 -53.000000
v 29.000000 -9.500004 -52.500000
v 29.000000 -9.000004 -52.750000
v 30.000000 -9.000004 -52.750000
v 29.000000 -9.000004 -52.000000
v 30.000000 -9.000004 -52.000000
v 30.000000 -10.500004 -52.000000
v 30.000000 -11.500004 -52.000000
v 30.000000 -12.500004 -52.000000
v 29.000000 -13.500004 -52.000000
v 30.000000 -10.500004 -52.500000
v 30.000000 -9.500004 -52.500000
v 30.000000 -9.500004 -53.000000
v 30.000000 -12.500004 -52.500000
v 30.000000 -13.500004 -52.500000
v 23.000000 -13.500004 -52.000000
v 23.000000 -9.000004 -52.000000
v 23.750000 -9.000004 -52.000000
v 24.000000 -9.000004 -52.000000
v 28.000000 -9.000004 -52.000000
v 28.000000 -13.500004 -52.000000
v 24.000000 -13.500004 -52.000000
v 18.500000 4.499996 -53.500000
v 18.500000 4.499996 -51.500000
v 20.000000 4.499996 -51.500000
v 19.000000 4.499996 -54.000000
v 18.500000 4.499996 -54.000000
v 18.000000 4.499996 -53.500000
v 19.000000 -2.500004 -54.000000
v 19.000000 -7.000004 -54.000000
v -2.500000 -7.000004 -51.500000
v -1.500000 -7.000004 -51.500000
v -0.500000 -7.000004 -53.500000
v 2.000000 -7.000004 -53.500000
v 2.000000 -7.000004 -51.500000
v 6.000000 -7.000004 -53.500000
v 6.000000 -7.000004 -52.000000
v 6.000000 -7.000004 -51.500000
v 9.000000 -7.000004 -52.000000
v 10.000000 -7.000004 -52.000000
v 12.000000 -7.000004 -52.000000
v 12.000000 -7.000004 -51.500000
v 11.250000 -7.000004 -51.500000
v 9.000000 -7.000004 -53.500000
v 9.000000 -7.000004 -53.000000
v 13.000000 -7.000004 -53.000000
v 13.000000 -7.000004 -51.500000
v 13.000000 -7.000004 -53.500000
v 18.500000 -7.000004 -53.500000
v 20.000000 -7.000004 -53.500000
v 20.000000 -7.000004 -51.500000
v 13.750000 -7.000004 -51.500000
v 18.500000 -7.000004 -54.000000
v 18.500000 -0.000004 -53.500000
v 18.500000 -2.500004 -54.000000
v 18.500000 -2.500004 -53.500000
v 14.000000 -0.000004 -53.500000
v 14.000000 -0.000004 -52.000000
v 18.000000 -0.000004 -53.500000
v 13.000000 -0.000004 -53.000000
v 13.500000 -0.000004 -53.500000
v 13.000000 -0.000004 -53.500000
v 12.000000 -0.000004 -52.000000
v 10.000000 -0.000004 -52.000000
v 9.000000 -0.000004 -52.000000
v 8.000000 -0.000004 -52.000000
v 9.000000 -0.000004 -53.000000
v 5.000000 -0.000004 -53.500000
v 2.000000 -0.000004 -53.500000
v -0.500000 -0.000004 -53.500000
v 0.000000 -0.000004 -52.000000
v 0.500000 -0.000004 -52.000000
v 5.000000 -0.000004 -52.000000
v 7.500000 -0.000004 -52.000000
v 9.000000 -0.000004 -53.500000
v 7.500000 -0.000004 -51.500000
v 0.500000 -0.000004 -51.500000
v 9.000000 -2.500004 -53.500000
v 2.000000 -6.500004 -53.500000
v 2.000000 -2.500004 -53.500000
v 2.000000 -2.500004 -54.000000
v 2.000000 -6.500004 -54.000000
v 6.000000 -2.500004 -53.500000
v 6.000000 -2.500004 -54.000000
v 6.250000 -2.500004 -54.000000
v 6.000000 -6.500004 -53.500000
v 6.000000 -6.500004 -54.000000
v 6.250000 -6.500004 -54.000000
v 1.750000 -2.500004 -54.000000
v 1.750000 -6.500004 -54.000000
v -3.000000 -9.250003 -40.000000
v -3.375000 -9.250003 -41.500000
v -3.000000 -9.250003 -41.500000
v 20.000000 -9.250003 -32.000000
v 20.000000 -9.250002 -28.000000
v 17.500000 -9.250002 -28.000000
v 16.000000 -9.250002 -29.250000
v 16.000000 -9.250003 -34.000000
v 20.000000 -9.250003 -34.000000
v 20.000000 -9.250003 -35.000000
v 17.750000 -9.250003 -35.000000
v 15.000000 -9.250003 -35.000000
v 3.625000 -9.250003 -41.500000
v 10.625000 -9.250003 -41.500000
v 11.250000 -9.250003 -41.500000
v 11.250000 -9.250003 -40.750000
v 11.250000 -9.250003 -40.000000
v 11.250000 -9.250003 -36.000000
v 11.250000 -9.250003 -35.000000
v 11.250000 -9.250003 -34.000000
v 4.000000 -9.250003 -34.000000
v -3.000000 -9.250003 -34.000000
v 13.750000 -9.250003 -36.500000
v 13.750000 -9.250003 -36.000000
v 13.750000 -9.250003 -40.000000
v 11.700000 -9.250003 -41.500000
v 16.250000 -9.250003 -36.500000
v 16.250000 -9.250003 -40.500000
v 18.000000 -9.250003 -40.500000
v 20.000000 -9.250003 -39.000000
v 13.750000 -9.250003 -40.500000
v 13.750000 -9.250003 -35.000000
v 23.625000 -9.250001 -16.500000
v 23.625000 -9.250001 -15.499999
v 23.500000 -9.250001 -14.999999
v 23.500000 -9.250001 -15.499999
v 23.500000 -9.250001 -16.500000
v 23.500000 -9.250001 -17.000000
v 27.000000 -9.250001 -17.000000
v 28.750000 -9.250002 -19.250000
v 29.000000 -9.250002 -19.000000
v 29.250000 -9.250002 -19.250000
v 29.750000 -9.250002 -19.250000
v 28.000000 -9.250002 -20.000000
v 28.000000 -9.250001 -18.000000
v 21.000000 -9.250002 -28.000000
v 21.000000 -9.250002 -31.250000
v 21.500000 -9.250002 -31.250000
v 21.750000 -9.250002 -31.250000
v 22.000000 -9.250002 -31.250000
v 22.000000 -9.250002 -29.500000
v 22.000000 -9.250002 -27.000000
v 23.625000 -9.250002 -27.468750
v 23.625000 -9.250002 -25.390625
v 24.000000 -9.250002 -25.250000
v 26.000000 -9.250002 -24.500000
v 26.400000 -9.250002 -24.000000
v 22.750000 -9.250002 -31.250000
v 23.750000 -9.250002 -31.250000
v 24.000000 -9.250002 -31.250000
v 25.750000 -9.250002 -31.250000
v 28.000000 -9.250002 -29.000000
v 28.000000 -9.250002 -22.000000
v 23.625000 -9.250002 -25.250000
v 22.750000 -9.250002 -25.250000
v 22.000000 -9.250002 -26.000000
v 31.500000 -9.250002 -29.000000
v 31.500000 -9.250002 -27.000000
v 31.500000 -9.250002 -26.000000
v 21.000000 -9.250003 -31.750000
v 20.750000 -9.250003 -32.000000
v 20.750000 -9.250002 -28.000000
v 24.500000 -9.250003 -32.000000
v 24.299999 -9.250003 -31.700001
v 25.000000 -9.250003 -32.000000
v 25.000000 -9.250003 -32.750000
v 20.750000 -9.250003 -36.000000
v 20.000000 4.499996 -49.000000
v 20.000000 4.499996 -48.000000
v 20.000000 -2.500004 -48.000000
v 20.000000 -2.500004 -49.000000
v 20.000000 -7.000004 -48.000000
v 20.000000 -7.000004 -49.000000
v 20.000000 1.499998 -22.000000
v 20.000000 0.499998 -22.000000
v 20.000000 0.499998 -24.000000
v 20.000000 1.499998 -24.000000
v 20.000000 5.999999 -21.000000
v 20.000000 5.999999 -22.000000
v 20.000000 4.999999 -22.000000
v 20.000000 2.499998 -22.000000
v 20.000000 2.499998 -21.000000
v 20.000000 2.499999 -17.000000
v 20.000000 5.999999 -17.000000
v 20.000000 5.999998 -24.000000
v 20.000000 4.999998 -24.000000
v 20.000000 -7.000002 -28.250000
v 20.000000 -8.000002 -28.250000
v 20.000000 -8.000002 -28.000000
v 20.000000 -7.000002 -28.000000
v 22.000000 4.499996 -50.000000
v 22.000000 -2.500004 -50.000000
v 22.000000 -7.000004 -50.000000
v 22.000000 4.499996 -51.000000
v 22.000000 -7.000004 -51.000000
v 22.000000 -2.500004 -51.000000
v 29.000000 -9.000002 -29.000000
v 31.500000 -9.000002 -29.000000
v 28.000000 -9.000002 -29.000000
v 32.500000 -4.000002 -33.750000
v 25.000000 -4.000002 -34.000000
v 25.000000 -4.000002 -33.750000
v 25.666666 -4.000002 -33.750000
v 31.000000 -4.000002 -33.750000
v 32.000000 -4.000002 -33.750000
v 31.250000 -4.000003 -35.000000
v 26.000000 -4.000003 -35.000000
v 25.000000 -4.000002 -32.750000
v 24.000000 -4.000002 -31.250000
v 26.000000 -4.000002 -31.250000
v 31.000000 -4.000002 -31.250000
v 31.500000 -4.000002 -31.250000
v 20.750000 -4.000003 -36.000000
v 20.000000 -4.000003 -39.000000
v 20.000000 -4.000003 -35.000000
v 20.000000 -4.000002 -34.000000
v 20.000000 -4.000002 -32.750000
v 20.750000 -4.000002 -32.000000
v 21.500000 -4.000002 -31.250000
v 20.000000 -4.000002 -29.000000
v 22.000000 -4.000002 -29.000000
v 22.000000 -4.000002 -30.750000
v 31.500000 -4.000002 -30.000000
v 32.000000 -4.000002 -30.000000
v 31.500000 -4.000002 -29.000000
v 26.000000 -4.000002 -29.000000
v 22.500000 -4.000002 -29.000000
v 23.000000 -4.000002 -29.750000
v 24.000000 -4.000002 -29.000000
v 25.000000 -9.000003 -32.750000
v 25.000000 -9.000003 -32.000000
v 25.000000 -9.000003 -34.000000
v 31.250000 -8.500003 -35.000000
v 26.000000 -8.500003 -35.000000
v 26.000000 -9.000003 -32.000000
v 26.750000 -9.000002 -31.250000
v 26.000000 -9.000002 -31.250000
v 26.000000 -9.000003 -35.000000
v 25.750000 -9.000002 -31.250000
v 32.000000 -9.000002 -30.000000
v 28.000000 -9.000002 -30.000000
v 26.000000 -8.500003 -32.000000
v 32.000000 -8.500002 -30.000000
v 28.000000 -8.500002 -30.000000
v 32.000000 -4.500002 -30.000000
v 32.115383 -8.500003 -33.557693
v 32.500000 -8.500003 -33.750000
v 32.000000 -8.500003 -33.750000
v 26.750000 -8.500002 -31.250000
v 31.500000 -4.000002 -27.000000
v 31.500000 -4.000002 -24.000000
v 31.500000 -4.000001 -21.500000
v 31.500000 -4.000002 -28.000000
v 21.000000 -4.000002 -28.000000
v 20.000000 -4.000002 -28.000000
v 22.000000 -4.000002 -28.000000
v 22.000000 -4.000002 -28.250000
v 26.000000 -4.000002 -28.000000
v 24.000000 -4.000002 -28.000000
v 23.000000 5.999998 -24.000000
v 23.000000 4.999998 -24.000000
v 23.000000 2.499998 -24.000000
v 20.000000 2.499998 -24.000000
v 22.000000 -4.000002 -26.000000
v 22.000000 -4.000002 -27.000000
v 26.000000 -4.000002 -24.500000
v 26.400000 -4.000002 -24.000000
v 28.000000 -4.000002 -24.000000
v 24.000000 -4.000002 -25.250000
v 22.750000 -4.000002 -25.250000
v 23.500000 5.999999 -17.000000
v 23.500000 5.999999 -15.000000
v 23.500000 1.999999 -16.500000
v 23.500000 1.999999 -15.500000
v 23.500000 1.999999 -15.000000
v 23.500000 2.499999 -15.000000
v 23.500000 2.499999 -17.000000
v 23.500000 1.999999 -17.000000
v 23.500000 -0.500001 -17.000000
v 23.500000 -4.000001 -17.000000
v 23.500000 -5.000001 -17.000000
v 23.500000 -5.000001 -16.500000
v 23.500000 -4.000001 -15.000000
v 23.500000 -0.500001 -15.000000
v 23.500000 -5.000001 -15.500000
v 23.500000 -5.000001 -15.000000
v 27.500000 -4.000001 -15.000000
v 26.000000 -4.000001 -15.000000
v 25.500000 -4.000001 -15.000000
v 25.500000 -0.500001 -15.000000
v 25.500000 -4.000001 -17.000000
v 27.000000 -4.000001 -17.000000
v 25.500000 -0.500001 -17.000000
v 28.000000 -4.000001 -22.000000
v 28.000000 -4.000001 -18.000000
v 23.625000 1.999999 -15.500000
v 23.625000 1.999999 -16.500000
v 23.625000 -5.000001 -16.500000
v 23.625000 -5.000001 -15.500000
v 23.625000 -7.250001 -16.500000
v 23.625000 -7.250001 -15.499999
v 23.625000 -8.250001 -16.500000
v 23.625000 -8.250001 -15.499999
v 26.000000 -4.000001 -15.500000
v 26.000000 -4.000001 -16.500000
v 26.250000 -4.000001 -16.250000
v 26.000000 -0.500001 -15.500000
v 26.000000 -0.500001 -16.500000
v 23.000000 2.499999 -17.000000
v 23.000000 2.499999 -15.000000
v 23.000000 5.999999 -15.000000
v 23.000000 5.999999 -17.000000
v 23.250000 -7.250001 -16.500000
v 23.250000 -7.250001 -15.499999
v 23.375000 -7.250001 -15.499999
v 23.375000 -7.250001 -16.500000
v 23.375000 -8.250001 -16.500000
v 23.250000 -8.250001 -16.500000
v 23.250000 -8.250001 -15.499999
v 23.375000 -8.250001 -15.499999
v 19.000000 -8.000002 -28.000000
v 17.500000 -8.000002 -28.000000
v 19.000000 -7.000002 -28.000000
v 17.500000 -7.000002 -28.000000
v 17.500000 -4.000002 -28.000000
v -4.111111 4.499998 -28.000000
v -3.750000 4.499998 -28.000000
v -3.750000 4.499998 -29.500000
v -5.000000 4.499998 -28.000000
v 6.500000 4.499998 -28.000000
v 6.500000 4.499998 -30.500000
v 0.000000 4.499998 -30.500000
v -3.000000 4.499998 -30.500000
v -3.750000 4.499998 -30.500000
v -3.000000 4.499998 -32.500000
v -3.500000 4.499998 -31.166666
v -3.375000 4.499997 -41.500000
v -3.000000 4.499997 -40.000000
v -3.000000 4.499997 -41.500000
v 0.000000 4.499997 -36.000000
v 0.000000 4.499997 -37.000000
v 0.000000 4.499997 -41.500000
v -1.500000 4.499997 -41.500000
v -3.000000 4.499997 -38.000000
v 6.500000 4.499997 -36.000000
v 1.000000 4.499997 -36.000000
v 10.096154 4.499998 -33.846153
v 11.250000 4.499998 -32.000000
v 11.250000 4.499998 -32.857143
v 12.500000 4.499998 -28.750000
v 12.500000 4.499998 -30.000000
v 11.895162 4.499998 -30.967741
v 10.000000 4.499998 -28.000000
v 12.704545 4.499998 -28.000000
v 7.583333 4.499997 -36.000000
v 7.000000 4.499997 -36.000000
v 7.269231 4.499997 -36.269230
v 11.250000 4.499997 -36.000000
v 11.250000 4.499997 -40.250000
v 8.000000 4.499997 -37.000000
v 11.250000 4.499997 -40.750000
v 11.250000 4.499997 -41.500000
v 8.000000 4.499997 -41.500000
v 11.700000 4.499997 -41.500000
v -4.958333 4.499997 -46.750000
v -3.750000 4.499997 -45.714287
v -3.500000 4.499997 -45.500000
v -3.500000 4.499997 -46.750000
v -5.250000 4.499997 -47.000000
v -1.500000 4.499997 -46.750000
v -1.500000 4.499997 -47.000000
v -3.500000 4.499997 -42.000000
v -6.000000 4.499996 -48.000000
v -6.000000 4.499997 -47.000000
v 0.000000 4.499997 -44.000000
v 12.000000 4.499997 -45.750000
v 11.687500 4.499997 -45.500000
v 12.000000 4.499997 -45.500000
v 13.000000 4.499997 -46.750000
v 13.000000 4.499996 -49.000000
v 8.000000 4.499997 -45.500000
v 13.000000 4.499997 -46.549999
v 8.000000 4.499997 -44.000000
v 12.000000 4.499997 -42.000000
v 13.250000 4.499997 -46.750000
v 13.750000 4.499997 -46.750000
v 16.000000 4.499997 -46.750000
v 18.000000 4.499997 -47.000000
v 13.750000 -4.000003 -40.500000
v 13.750000 -7.750003 -40.500000
v 13.750000 -7.750003 -38.750000
v 13.750000 -7.750003 -37.250000
v 13.750000 -7.750003 -36.000000
v 13.750000 -4.000003 -36.000000
v 13.750000 -8.450003 -40.500000
v 13.750000 -8.059526 -39.523811
v 13.750000 -8.250003 -36.000000
v 13.750000 -8.059526 -36.476189
v 13.750000 -4.000003 -35.000000
v 18.000000 -4.000003 -40.500000
v 13.750000 -7.000004 -48.250000
v 14.361111 -7.000004 -47.638889
v 13.750000 -7.000003 -47.150002
v 18.000000 -7.000003 -47.000000
v 15.250000 -7.000003 -46.750000
v 13.750000 -7.000003 -46.750000
v 16.000000 -7.000003 -46.750000
v 13.750000 -2.500004 -46.750000
v 16.000000 -2.500004 -46.750000
v 18.000000 -2.500004 -47.000000
v 15.000000 -4.000003 -35.000000
v 16.000000 -4.000002 -34.000000
v 16.000000 -4.000002 -29.250000
v 19.000000 -8.000002 -28.250000
v 19.000000 -7.000002 -28.250000
v -3.750000 -2.500002 -30.500000
v -3.750000 -2.500002 -29.500000
v -3.750000 -7.000002 -30.500000
v -3.750000 -7.000002 -29.500000
v -3.500000 -2.500003 -45.500000
v -3.500000 -2.500003 -42.000000
v -3.500000 -7.000003 -45.500000
v -3.500000 -7.000003 -44.000000
v -3.500000 -7.000003 -42.000000
v 11.250000 2.999997 -38.000000
v 11.250000 2.999997 -40.000000
v 11.250000 2.999997 -40.750000
v 11.250000 2.999997 -36.000000
v 11.250000 0.749997 -36.000000
v 11.250000 0.749997 -38.000000
v 11.250000 0.749997 -40.750000
v 11.250000 0.749997 -40.000000
v 11.250000 -2.500003 -40.750000
v 11.250000 -2.500003 -36.000000
v 11.250000 -3.500003 -36.000000
v 11.250000 -6.250003 -36.000000
v 11.250000 -6.250003 -40.750000
v 11.250000 -7.750003 -36.000000
v 11.250000 -7.750003 -37.250000
v 11.250000 -7.750003 -38.750000
v 11.250000 -7.750003 -40.750000
v 11.250000 -2.500002 -32.000000
v 11.250000 -3.500002 -32.000000
v 11.250000 -3.500003 -34.500000
v 11.250000 -3.500003 -35.000000
v 11.250000 -8.250003 -36.000000
v 11.250000 -7.500003 -35.000000
v 11.250000 -8.550003 -40.750000
v 11.250000 -8.059526 -39.523811
v 11.250000 -8.059526 -36.476189
v 11.250000 -7.000002 -34.500000
v 11.250000 -7.500002 -34.500000
v 11.250000 -7.000002 -32.000000
v 11.250000 -7.500002 -34.000000
v 11.700000 -7.500003 -41.500000
v 11.250000 -7.500003 -41.500000
v 11.700000 -7.000003 -41.500000
v 11.250000 -7.000003 -41.500000
v 13.000000 -7.000004 -49.000000
v 13.250000 -7.000003 -46.750000
v 13.000000 -7.000003 -46.549999
v 12.000000 -7.000003 -45.750000
v 12.000000 -7.000003 -44.500000
v 11.250000 -7.000003 -44.500000
v 12.000000 -7.000003 -42.500000
v 11.250000 -7.000003 -42.500000
v 12.000000 -7.000003 -42.000000
v 13.250000 -2.500004 -46.750000
v 12.000000 -2.500003 -42.000000
v 12.000000 -2.500003 -45.750000
v 11.700000 -2.500003 -41.500000
v 11.895162 -7.000002 -30.967741
v 12.500000 -7.000002 -28.750000
v 12.704545 -7.000002 -28.000000
v 11.250000 -7.000002 -28.000000
v 12.500000 -7.000002 -30.000000
v 12.500000 -2.500002 -28.750000
v 12.500000 -2.500002 -30.000000
v 12.704545 -2.500002 -28.000000
v -3.500000 -7.000002 -30.500000
v 1.500000 -7.000002 -30.500000
v 2.000000 -7.000002 -30.500000
v 3.500000 -7.000002 -30.500000
v 3.500000 -7.000002 -28.000000
v 3.250000 -7.000002 -28.000000
v -3.500000 -7.000002 -28.000000
v 6.000000 -7.000002 -30.500000
v 6.500000 -7.000002 -30.500000
v 6.500000 -7.000002 -28.000000
v -3.500000 -7.000002 -31.166666
v -3.000000 -7.000002 -32.500000
v 1.500000 -7.000002 -32.500000
v -3.000000 -7.000002 -34.000000
v -1.250000 -7.000002 -34.500000
v 1.500000 -7.000002 -34.500000
v 1.500000 -7.000002 -33.000000
v 2.000000 -7.000002 -32.500000
v 2.000000 -7.000002 -33.000000
v 6.000000 -7.000002 -32.500000
v 6.000000 -7.000002 -33.000000
v 6.500000 -7.000002 -33.000000
v 2.000000 -7.000002 -34.615383
v 2.000000 -7.000003 -41.500000
v 1.500000 -7.000003 -41.500000
v 1.500000 -7.000003 -40.000000
v 2.000000 -7.000002 -34.500000
v 6.000000 -7.000003 -41.500000
v 3.625000 -7.000003 -41.500000
v 2.750000 -7.000002 -34.500000
v 5.663793 -7.000002 -34.051723
v 6.000000 -7.000002 -34.093750
v 6.500000 -7.000003 -40.000000
v 6.500000 -7.000003 -41.500000
v 6.500000 -7.000002 -34.156250
v 9.250000 -7.000002 -34.500000
v -3.000000 -7.000004 -51.000000
v -1.500000 -7.000004 -49.500000
v -1.500000 -7.000003 -44.500000
v -1.500000 -7.000003 -44.000000
v -3.500000 -7.000004 -50.500000
v -1.500000 -7.000003 -42.500000
v -1.500000 -7.000003 -41.500000
v -3.375000 -7.000003 -41.500000
v 1.500000 -7.000003 -42.500000
v 2.000000 -7.000003 -44.500000
v 2.000000 -7.000003 -43.000000
v 2.000000 -7.000003 -42.500000
v 6.000000 -7.000003 -44.500000
v 6.000000 -7.000003 -43.000000
v 10.625000 -7.000003 -41.500000
v 6.500000 -7.000003 -42.500000
v 6.000000 -7.000003 -42.500000
v 0.000000 2.999997 -37.000000
v 0.000000 0.749997 -37.000000
v 0.000000 0.749997 -38.000000
v 0.000000 2.999997 -38.000000
v 0.000000 2.999996 -47.000000
v 0.000000 2.999997 -44.000000
v 0.000000 2.999997 -40.000000
v 0.000000 0.749997 -40.000000
v 0.000000 0.749997 -44.000000
v 0.000000 0.749996 -47.000000
v 0.000000 -0.000003 -37.000000
v 0.000000 -0.000003 -44.000000
v 0.000000 -0.000003 -44.500000
v 7.500000 -0.000003 -44.500000
v 8.000000 -0.000003 -44.500000
v 7.500000 -0.000003 -37.500000
v 7.500000 -0.000003 -37.000000
v 8.000000 -0.000003 -37.000000
v 8.000000 -0.000003 -44.000000
v 0.500000 -0.000003 -44.500000
v 0.500000 -0.000003 -37.500000
v 0.500000 -0.000003 -37.000000
v 1.000000 -0.000003 -36.500000
v 7.000000 -0.000003 -36.500000
v 7.000000 -0.000003 -36.000000
v 1.000000 -0.000003 -36.000000
v 8.000000 2.999997 -38.000000
v 8.000000 0.749997 -38.000000
v 8.000000 0.749997 -37.000000
v 8.000000 2.999997 -37.000000
v 8.000000 0.749997 -40.000000
v 8.000000 0.749997 -44.000000
v 8.000000 0.749996 -47.000000
v 8.000000 2.999997 -44.000000
v 8.000000 2.999997 -40.000000
v 8.000000 2.999996 -47.000000
v 6.000000 -6.833336 -42.500000
v 6.000000 -6.666670 -42.000000
v 6.000000 -6.500003 -42.000000
v 6.000000 -6.500003 -41.500000
v 6.000000 -5.750003 -41.000000
v 6.000000 -5.750003 -36.250000
v 6.000000 -6.500002 -34.000000
v 6.000000 -6.500003 -41.000000
v 6.000000 -5.750003 -42.000000
v 6.000000 -5.250003 -42.500000
v 6.000000 -5.250003 -42.000000
v 6.000000 -5.750003 -35.000000
v 6.000000 -5.750002 -33.500000
v 6.000000 -5.750002 -33.000000
v 6.000000 -6.833335 -33.000000
v 6.000000 -5.250002 -33.000000
v 6.000000 -5.250002 -33.500000
v 6.500000 -5.750003 -42.500000
v 6.500000 -5.250003 -42.500000
v 6.500000 -5.250002 -33.000000
v 6.500000 -5.750002 -33.000000
v 6.500000 -5.250002 -33.500000
v 6.500000 -5.250003 -42.000000
v 6.500000 -5.750002 -33.500000
v 6.500000 -5.750003 -42.000000
v 6.500000 -5.750003 -35.000000
v 6.500000 -5.750003 -40.000000
v 1.500000 -5.250002 -33.000000
v 1.500000 -5.250002 -33.500000
v 2.000000 -5.250002 -33.500000
v 2.000000 -5.250002 -33.000000
v 1.500000 -5.250003 -42.000000
v 1.500000 -5.250003 -42.500000
v 2.000000 -5.250003 -42.500000
v 2.000000 -5.250003 -42.000000
v 2.000000 -5.750002 -33.500000
v 2.000000 -5.750002 -33.000000
v 2.000000 -6.833335 -33.000000
v 2.000000 -5.750003 -36.250000
v 2.000000 -5.750003 -41.500000
v 2.000000 -6.500003 -41.500000
v 2.000000 -6.500002 -34.000000
v 2.000000 -5.750003 -35.000000
v 2.000000 -5.750003 -42.000000
v 2.000000 -6.666670 -42.000000
v 2.000000 -6.833336 -42.500000
v 1.500000 -5.750003 -42.500000
v 1.500000 -5.750002 -33.000000
v 1.500000 -5.750002 -33.500000
v 1.500000 -5.750003 -42.000000
v 1.500000 -5.750003 -40.000000
v 1.500000 -5.750003 -35.000000
v -3.000000 2.999997 -40.000000
v -3.000000 0.749997 -40.000000
v -3.375000 -2.500003 -41.500000
v -3.000000 -2.500003 -40.000000
v -3.000000 -7.000003 -40.000000
v -3.000000 -6.250003 -40.000000
v -3.000000 2.999997 -38.000000
v -3.000000 0.749997 -34.000000
v -3.000000 0.749998 -32.500000
v -3.000000 0.749997 -38.000000
v -3.000000 -6.250002 -34.000000
v -3.000000 -2.500002 -32.500000
v -3.000000 -6.250002 -32.500000
v -3.500000 -2.500002 -31.166666
v 3.625000 -7.500003 -41.500000
v -3.375000 -7.500003 -41.500000
v 10.625000 -7.500003 -41.500000
v 4.000000 -7.500002 -34.000000
v -3.000000 -7.500002 -34.000000
v 6.000000 -7.500002 -34.000000
v 2.750000 -7.500002 -34.500000
v -1.250000 -7.500002 -34.500000
v 9.250000 -7.500002 -34.500000
v 4.000000 -7.500002 -34.307693
v 5.663793 -7.500002 -34.051723
v -3.750000 -7.000003 -45.714287
v -3.750000 -7.000004 -50.250000
v -3.750000 -7.000002 -28.000000
v -3.750000 -2.500003 -45.714287
v -4.111111 -7.000002 -28.000000
v -5.000000 -7.000002 -28.000000
v -5.250000 -7.000003 -47.000000
v -6.000000 -7.000004 -47.642857
v -6.000000 -7.000004 -48.000000
v -6.000000 -7.000003 -47.000000
v -6.000000 -2.500004 -47.000000
v -5.250000 -2.500004 -47.000000
v -5.000000 -2.500002 -28.000000
v -5.888889 -7.750001 -20.000000
v -2.500000 -7.750001 -20.000000
v -2.500000 -7.750001 -15.999999
v -2.500000 -7.750001 -15.499999
v -5.777778 4.499999 -20.500000
v -5.777778 -2.500001 -20.500000
v -5.777778 -7.500001 -20.500000
v -5.666667 4.499999 -21.000000
v -5.500000 4.499999 -21.750000
v -5.500000 -2.500002 -21.750000
v -5.500000 -7.187501 -21.750000
v -5.555555 -7.250001 -21.500000
v -5.611111 -7.312501 -21.250000
v -2.500000 -7.500001 -20.000000
v -2.500000 -7.500001 -20.500000
v 1.222222 -7.500001 -20.500000
v 1.500000 -7.500001 -20.500000
v 1.500000 -7.500001 -20.000000
v 2.000000 -7.500001 -20.000000
v 2.000000 -7.500001 -15.999999
v -2.000000 -7.500001 -15.999999
v -2.500000 -7.500001 -15.999999
v 6.500000 3.999999 -16.000000
v 6.500000 -0.000001 -16.000000
v 6.500000 -0.000002 -20.500000
v 6.500000 -0.000002 -20.000000
v 6.500000 3.999999 -20.000000
v 6.500000 3.999998 -22.000000
v 6.500000 -0.000002 -22.000000
v 6.500000 -7.000002 -26.000000
v 7.625000 -7.000002 -26.000000
v 7.250000 -7.000002 -25.250000
v 6.500000 -7.000002 -23.750000
v 9.500000 -7.000002 -25.250000
v 10.250000 -7.000002 -26.000000
v 13.018518 -7.000002 -26.848766
v 12.000000 -7.000002 -26.000000
v 12.000000 4.499998 -26.000000
v 10.250000 4.499998 -26.000000
v 10.250000 -0.000002 -26.000000
v 10.250000 -2.500002 -26.000000
v 12.000000 -2.500002 -26.000000
v 10.000000 4.499998 -26.000000
v 13.018518 4.499998 -26.848766
v 6.500000 4.499998 -26.000000
v 13.018518 -2.500002 -26.848766
v 16.000000 -0.000002 -22.500000
v 16.000000 -0.000002 -24.000000
v 18.000000 -0.000002 -24.000000
v 18.000000 -0.000002 -22.000000
v 16.000000 -0.000002 -22.000000
v 18.000000 -0.000002 -21.000000
v 15.500000 -0.000002 -21.000000
v 15.500000 -0.000002 -22.000000
v 12.250000 -0.000002 -24.000000
v 15.500000 -0.000002 -22.500000
v 12.500000 -0.000002 -22.500000
v 12.000000 -0.000002 -22.500000
v 12.000000 -0.000002 -24.000000
v 12.500000 -0.000002 -21.000000
v 12.500000 -0.000002 -22.000000
v 12.000000 -0.000002 -21.000000
v 12.000000 -0.000002 -21.500000
v 10.000000 -0.000002 -24.000000
v 12.000000 -0.000002 -22.000000
v 11.500000 -0.000002 -22.000000
v 10.000000 -0.000002 -22.000000
v 11.500000 -0.000002 -21.000000
v 11.500000 -0.000002 -21.500000
v 10.000000 -0.000002 -20.500000
v 10.000000 -0.000002 -21.500000
v 11.500000 -0.000002 -20.500000
v 11.500000 -0.000002 -20.000000
v 10.000000 -0.000002 -20.000000
v 8.750000 -0.000002 -24.500000
v 8.750000 -0.000002 -25.250000
v 9.500000 -0.000002 -25.250000
v 9.312500 -0.000002 -23.000000
v 8.750000 -0.000002 -23.000000
v 8.750000 -0.000002 -23.750000
v 8.750000 -0.000002 -24.000000
v 8.500000 -0.000002 -23.000000
v 7.250000 -0.000002 -23.000000
v 6.500000 -0.000002 -23.000000
v 6.500000 -0.000002 -23.500000
v 6.500000 -0.000002 -23.750000
v 7.250000 -0.000002 -25.250000
v 7.500000 -0.000002 -22.000000
v 7.500000 -0.000002 -20.500000
v 8.000000 -0.000002 -22.000000
v 8.000000 -0.000002 -20.500000
v 8.000000 -0.000002 -20.000000
v 7.500000 -0.000002 -20.000000
v 18.000000 -0.000002 -20.500000
v 12.000000 -0.000002 -20.500000
v 12.000000 -0.000001 -16.000000
v 12.000000 -0.000002 -20.000000
v 18.000000 -0.000001 -18.500000
v 18.000000 -0.000001 -14.000000
v 12.000000 -0.000001 -14.000000
v 8.500000 -0.000002 -20.000000
v 9.500000 -0.000002 -20.000000
v 10.000000 -0.000001 -16.000000
v 9.500000 -0.000001 -16.000000
v 8.500000 -0.000001 -16.000000
v 8.000000 -0.000001 -16.000000
v 10.000000 4.499998 -25.750000
v 8.750000 4.499998 -24.500000
v 13.250000 1.999998 -24.750000
v 12.500000 1.999998 -24.750000
v 12.000000 0.999998 -24.000000
v 12.375000 0.999998 -24.000000
v 10.000000 0.999998 -24.000000
v 12.000000 1.499998 -24.000000
v 12.437500 1.499998 -24.000000
v 12.000000 1.999998 -24.000000
v 10.000000 1.499998 -24.000000
v 15.500000 1.999998 -24.000000
v 13.750000 1.999998 -24.000000
v 13.750000 2.499998 -24.000000
v 15.500000 2.499998 -24.000000
v 16.000000 2.499998 -24.000000
v 16.000000 1.499998 -24.000000
v 18.000000 1.499998 -24.000000
v 18.000000 0.499998 -24.000000
v 19.000000 1.499998 -24.000000
v 19.000000 0.499998 -24.000000
v 15.500000 4.999998 -24.000000
v 13.750000 5.499998 -24.000000
v 14.500000 5.499998 -24.000000
v 15.500000 5.499998 -24.000000
v 14.500000 5.999998 -24.000000
v 19.000000 4.999998 -24.000000
v 15.500000 5.999998 -24.000000
v 19.000000 2.499998 -24.000000
v 13.250000 1.999998 -24.000000
v 12.500000 1.999998 -24.000000
v 12.750000 3.999998 -24.250000
v 12.750000 3.999998 -24.500000
v 13.000000 3.999998 -24.500000
v 13.000000 3.999998 -24.250000
v 8.500000 4.499998 -24.000000
v 8.750000 4.499998 -24.000000
v 8.250000 4.499998 -24.000000
v 8.500000 5.999999 -19.500000
v 8.500000 5.499999 -20.000000
v 8.500000 5.499999 -19.500000
v 8.500000 4.499999 -18.500000
v 8.500000 4.499999 -20.000000
v 8.500000 3.999999 -20.000000
v 8.500000 3.999999 -16.000000
v 8.500000 4.499999 -16.000000
v 8.500000 5.499999 -18.500000
v 8.500000 5.999999 -18.500000
v 19.000000 1.499998 -22.000000
v 19.000000 1.999998 -22.000000
v 19.000000 2.499998 -22.000000
v 19.000000 4.999999 -22.000000
v 19.000000 5.499999 -21.000000
v 19.000000 4.999999 -21.000000
v 19.000000 0.499998 -21.000000
v 19.000000 0.499998 -22.000000
v 19.000000 5.999999 -19.500000
v 19.000000 5.499999 -19.500000
v 19.000000 5.499999 -18.500000
v 19.000000 4.999999 -18.500000
v 19.000000 5.499999 -16.500000
v 19.000000 4.999999 -16.500000
v 19.000000 4.999999 -17.500000
v 19.000000 5.999999 -18.500000
v 19.000000 5.999999 -15.500000
v 19.000000 5.499999 -15.500000
v 19.000000 5.499999 -14.500000
v 19.000000 5.499999 -14.000000
v 19.000000 0.999999 -14.000000
v 19.000000 0.999999 -16.500000
v 19.000000 5.999999 -14.500000
v 19.000000 0.999999 -17.500000
v 19.000000 0.499999 -17.500000
v 19.000000 0.499999 -18.500000
v 19.000000 0.499999 -14.000000
v 19.250000 4.999999 -17.500000
v 19.250000 4.999999 -16.500000
v 19.250000 0.999999 -17.500000
v 19.250000 0.999999 -16.500000
v 9.000000 5.999999 -18.500000
v 18.500000 5.999999 -18.500000
v 15.500000 5.999999 -18.500000
v 12.000000 5.999999 -18.500000
v 18.500000 5.999999 -19.500000
v 12.000000 1.499998 -22.500000
v 12.000000 1.999998 -22.000000
v 12.000000 1.499998 -22.000000
v 12.000000 1.499998 -21.500000
v 12.000000 0.999998 -21.500000
v 12.000000 0.999998 -21.000000
v 12.000000 0.999998 -20.500000
v 12.000000 0.999999 -20.000000
v 12.000000 1.499998 -20.000000
v 12.000000 0.999998 -22.500000
v 12.000000 0.999998 -22.000000
v 16.000000 2.499998 -22.000000
v 16.250000 5.999999 -19.500000
v 13.750000 5.999999 -19.500000
v 12.000000 5.999999 -19.500000
v 15.500000 5.999998 -23.500000
v 15.500000 5.999999 -20.250000
v 15.500000 5.999999 -19.500000
v 14.500000 5.999998 -23.500000
v 14.500000 5.999999 -20.250000
v 14.500000 5.999999 -19.500000
v 16.000000 1.499998 -22.500000
v 16.000000 1.499998 -22.000000
v 12.500000 1.499998 -22.500000
v 15.500000 1.499998 -22.500000
v 15.500000 1.499998 -22.000000
v 12.500000 1.499998 -22.000000
v 16.000000 1.999998 -22.000000
v 15.500000 1.999998 -22.000000
v 18.000000 0.499998 -22.000000
v 18.000000 0.499999 -18.500000
v 9.500000 3.999999 -20.000000
v 9.500000 1.499998 -20.000000
v 9.500000 0.999999 -20.000000
v 11.500000 0.999999 -20.000000
v 10.000000 0.999999 -20.000000
v 10.000000 1.499998 -20.000000
v 10.000000 0.999998 -20.500000
v 10.000000 1.499998 -20.500000
v 10.000000 0.999998 -22.000000
v 10.000000 0.999998 -21.500000
v 10.000000 0.999998 -21.000000
v 10.000000 1.499998 -21.500000
v 11.500000 0.999998 -22.000000
v 11.500000 0.999998 -21.500000
v 11.500000 0.999998 -21.000000
v 11.500000 0.999998 -20.500000
v 8.750000 4.499998 -23.000000
v 9.312500 4.499998 -23.000000
v 8.750000 4.499998 -23.750000
v 8.500000 4.499998 -23.000000
v 9.000000 5.999999 -19.500000
v 10.000000 5.499999 -14.000000
v 10.000000 5.499999 -14.500000
v 10.000000 5.499999 -15.500000
v 10.000000 0.999999 -15.500000
v 10.000000 0.999999 -14.000000
v 10.000000 5.999999 -14.500000
v 10.000000 5.999999 -15.500000
v 10.000000 0.999999 -16.000000
v 12.000000 0.999999 -16.000000
v 12.000000 0.999999 -14.000000
v 17.500000 5.999999 -15.500000
v 17.000000 5.999999 -15.500000
v 10.500000 5.999999 -15.500000
v 10.500000 5.999999 -14.500000
v 17.000000 5.999999 -14.500000
v 17.500000 5.999999 -14.500000
v 18.500000 5.999999 -14.500000
v 18.500000 5.999999 -15.500000
v 18.000000 0.499999 -14.000000
v 9.500000 0.999999 -16.000000
v 8.000000 3.999999 -20.000000
v 8.000000 3.999998 -22.000000
v 7.250000 4.499998 -23.000000
v 8.000000 3.999999 -20.500000
v 8.000000 3.999999 -16.000000
v 6.500000 4.499998 -24.500000
v 6.500000 4.499998 -23.500000
v 6.500000 4.499998 -23.000000
v 1.500000 -5.000001 -20.500000
v 1.500000 -4.500001 -20.500000
v 1.000000 -4.500001 -20.500000
v -2.000000 -2.500001 -20.500000
v -2.000000 4.499999 -20.500000
v -2.500000 4.499999 -20.500000
v -2.500000 -2.500001 -20.500000
v -2.500000 -4.500001 -20.500000
v -2.000000 -4.500001 -20.500000
v 2.000000 -0.000002 -20.500000
v 2.000000 4.499999 -20.500000
v 1.750000 4.499999 -20.500000
v 1.750000 -0.000002 -20.500000
v 6.000000 -0.000002 -20.500000
v 6.000000 4.499999 -20.500000
v 1.750000 -2.500001 -20.500000
v 1.500000 4.499999 -20.500000
v 1.500000 -2.500001 -20.500000
v 1.750000 -7.500001 -20.500000
v -3.750000 4.499998 -24.750000
v -3.750000 4.499998 -23.500000
v -4.500000 4.499998 -23.500000
v -4.166667 4.499998 -24.750000
v -4.500000 4.499998 -24.750000
v -4.500000 4.499998 -25.250000
v -4.666667 4.499998 -25.500000
v -4.500000 4.499998 -23.250000
v -4.500000 4.499998 -23.000000
v 6.000000 4.499998 -23.000000
v -4.666667 4.499998 -23.000000
v -5.000000 4.499998 -22.500000
v 2.000000 4.499999 -21.000000
v 6.000000 4.499999 -21.000000
v 6.000000 -7.000002 -23.500000
v 6.375000 -7.000002 -23.500000
v 6.375000 -0.000002 -23.500000
v 6.000000 -0.000002 -23.500000
v -3.750000 -7.000002 -24.125000
v -4.500000 -7.000002 -25.250000
v -4.666667 -7.000002 -25.500000
v -4.333333 -7.000002 -23.500000
v -4.500000 -7.000002 -23.500000
v -3.750000 -7.000002 -23.500000
v 2.500000 -7.000002 -23.500000
v 3.250000 -7.000002 -23.500000
v 4.000000 -7.000002 -23.500000
v -4.500000 -2.500002 -25.250000
v -4.500000 -2.500002 -23.500000
v -4.666667 -2.500002 -25.500000
v 6.000000 -0.000002 -21.250000
v 6.000000 -0.000002 -21.500000
v 6.000000 -0.000002 -23.000000
v 6.000000 -0.000002 -21.000000
v 4.000000 -0.000002 -21.250000
v 2.000000 -0.000002 -21.250000
v 2.000000 -7.312501 -21.250000
v 4.000000 -7.312501 -21.250000
v 4.000000 -4.500001 -21.500000
v 4.000000 -7.250001 -21.500000
v 2.000000 -7.250001 -21.500000
v 2.000000 -4.500001 -21.500000
v 4.000000 -4.500001 -22.000000
v 4.000000 -0.000002 -22.000000
v 4.000000 -0.000002 -21.500000
v 4.000000 -0.000002 -22.500000
v 4.000000 -7.125001 -22.000000
v 4.000000 -7.000002 -22.500000
v 5.000000 -0.000002 -23.000000
v 5.000000 -7.000002 -23.000000
v 4.000000 -7.000002 -23.000000
v -5.000000 -2.500002 -22.500000
v -5.000000 -7.000002 -22.500000
v -5.333333 -7.125001 -22.000000
v -4.500000 -2.500002 -23.250000
v -4.500000 -7.000002 -23.250000
v -4.666667 -7.000002 -23.000000
v 2.000000 -4.500001 -22.000000
v 2.000000 -7.125001 -22.000000
v 2.000000 -7.000002 -22.500000
v 1.666667 -7.000002 -22.500000
v -4.500000 -7.000002 -23.000000
v 2.000000 -7.000002 -23.000000
v 2.500000 -7.000002 -23.000000
v 1.666667 -7.125001 -22.000000
v 1.444445 -7.125001 -22.000000
v 1.444445 -7.250001 -21.500000
v 1.388889 -7.250001 -21.500000
v 1.222222 -7.312501 -21.250000
v 1.388889 -7.312501 -21.250000
v 2.000000 -0.000002 -21.000000
v 1.916667 -0.000002 -21.000000
v -2.500000 -5.000001 -16.000000
v -2.500000 -4.500001 -16.000000
v -2.500000 -4.500001 -15.500000
v -2.500000 -7.500001 -15.499999
v -2.500000 -4.500001 -16.500000
v -2.500000 4.499999 -15.500000
v -2.500000 -2.500001 -15.500000
v -2.500000 -4.500001 -20.000000
v 2.000000 4.499999 -15.500000
v 6.000000 4.499999 -15.500000
v 6.000000 4.499999 -16.000000
v 2.000000 4.499999 -16.000000
v -1.000000 4.499999 -17.000000
v -1.000000 4.499999 -16.000000
v 1.000000 4.499999 -16.000000
v 1.000000 4.499999 -17.000000
v 1.000000 4.499999 -19.000000
v -1.000000 4.499999 -19.000000
v -1.000000 4.499999 -20.000000
v -2.000000 4.499999 -20.000000
v -2.000000 4.499999 -18.500000
v -2.000000 4.499999 -17.500000
v -2.000000 4.499999 -16.000000
v 6.000000 4.499999 -19.000000
v 6.000000 4.499999 -20.000000
v 2.000000 4.499999 -20.000000
v 1.500000 4.499999 -20.000000
v 2.000000 -0.000002 -20.000000
v 2.000000 -0.500001 -20.000000
v 2.000000 -0.000001 -16.000000
v 2.000000 -0.500001 -16.000000
v 2.000000 -2.500001 -20.000000
v 2.000000 -2.500001 -16.000000
v 2.000000 -0.000001 -15.500000
v 6.000000 -0.000001 -16.000000
v 6.000000 -0.000002 -20.000000
v 6.000000 -0.000001 -15.500000
v 6.000000 3.999999 -16.000000
v 6.000000 3.999999 -20.000000
v -2.000000 -2.500001 -16.000000
v -2.000000 -4.500001 -16.000000
v -2.000000 -5.000001 -16.000000
v 1.500000 -4.500001 -20.000000
v 1.500000 -5.000001 -20.000000
v 1.000000 -4.500001 -20.000000
v 1.500000 -2.500001 -20.000000
v -2.000000 -2.500001 -20.000000
v -2.000000 -4.500001 -20.000000
v -2.000000 -4.500001 -17.500000
v -2.000000 -4.500001 -18.500000
v -2.000000 -4.500001 -16.500000
v -2.000000 0.999999 -17.500000
v -2.000000 1.999999 -17.500000
v -2.250000 1.999999 -17.500000
v -2.250000 0.999999 -17.500000
v -2.000000 0.999999 -18.500000
v -2.000000 1.999999 -18.500000
v -2.000000 -2.500001 -18.500000
v -2.000000 -2.500001 -17.500000
v -2.250000 1.999999 -18.500000
v -2.250000 0.999999 -18.500000
v -5.000000 4.499998 -26.000000
v -5.000000 -7.000002 -26.000000
v -5.000000 -2.500002 -26.000000
v 13.750000 -10.500003 -40.500000
v 13.750000 -10.500003 -40.000000
v 13.750000 -10.500003 -36.000000
v 13.750000 -10.500003 -35.000000
v 27.000000 -10.500001 -17.000000
v 23.500000 -10.500001 -17.000000
v 18.000000 -10.500003 -40.500000
v 31.500000 -9.500002 -26.000000
v 31.500000 -9.500002 -28.000000
v 31.500000 -9.500002 -29.000000
v 31.500000 -10.500002 -26.000000
v 31.500000 -10.500002 -27.000000
v 31.500000 -10.000002 -27.000000
v 31.500000 -10.000002 -26.000000
v 31.500000 -10.000002 -28.000000
v 31.500000 -11.500002 -25.000000
v 31.500000 -11.000002 -25.000000
v 31.500000 -11.000002 -26.000000
v 27.750000 -11.500002 -25.250000
v 28.000000 -11.500002 -25.000000
v 28.000000 -11.500002 -24.500000
v 26.000000 -11.500002 -24.500000
v 24.000000 -11.500002 -25.250000
v 28.000000 -11.500002 -22.000000
v 21.500000 -11.500002 -31.250000
v 21.750000 -11.500002 -31.250000
v 22.000000 -11.500002 -31.000000
v 22.000000 -11.500002 -27.000000
v 21.000000 -11.500002 -28.000000
v 21.000000 -11.500002 -31.250000
v 22.750000 -11.500002 -25.250000
v 22.000000 -11.500002 -26.000000
v 28.000000 -11.500002 -20.000000
v 20.750000 -11.500003 -32.000000
v 21.000000 -11.500003 -31.750000
v 20.750000 -11.500002 -28.000000
v 17.500000 -11.500002 -28.000000
v 16.000000 -11.500002 -29.250000
v 16.000000 -11.500003 -32.000000
v 20.000000 -10.500003 -39.000000
v 28.000000 -11.000002 -25.000000
v 29.000000 -11.000002 -25.000000
v 20.750000 -10.500003 -35.000000
v 20.750000 -10.500003 -36.000000
v 20.750000 -9.500003 -36.000000
v 20.750000 -10.500003 -34.000000
v 21.750000 -11.000002 -31.250000
v 28.000000 -10.500002 -26.000000
v 28.000000 -11.000002 -26.000000
v 22.750000 -11.000002 -31.250000
v 22.750000 -10.500002 -31.250000
v 23.750000 -10.500002 -31.250000
v 28.000000 -10.500002 -27.000000
v 28.000000 -10.000002 -27.000000
v 23.750000 -10.000002 -31.250000
v 24.000000 -10.000002 -31.250000
v 24.750000 -10.000002 -31.250000
v 28.000000 -10.000002 -28.000000
v 24.299999 -10.000003 -31.700001
v 24.299999 -9.500003 -31.700001
v 25.000000 -9.500003 -32.750000
v 24.500000 -9.500003 -32.000000
v 28.000000 -9.500002 -28.000000
v 29.000000 -9.500002 -28.000000
v 28.000000 -9.500002 -29.000000
v 25.000000 -9.500003 -32.000000
v 15.000000 -10.500003 -35.000000
v 16.000000 -10.500003 -35.000000
v 16.000000 -10.500003 -34.000000
v 28.000000 -10.500001 -18.000000
v 28.000000 -10.500001 -17.000000
v 23.500000 -10.500001 -14.999999
v 23.500000 -10.500001 -15.499999
v 23.500000 -10.500001 -16.500000
v 28.000000 -10.500001 -14.999999
v 28.000000 -10.500001 -15.499999
v 28.000000 -10.500001 -16.500000
v 23.625000 -10.500001 -15.499999
v 23.625000 -10.500001 -16.500000
v -3.000000 -10.000003 -34.000000
v 4.000000 -10.000003 -34.000000
v 11.250000 -10.000003 -34.000000
v 3.625000 -10.000003 -41.500000
v -3.375000 -10.000003 -41.500000
v 10.625000 -10.000003 -41.500000
v 11.700000 -10.000003 -41.500000
v 11.250000 -10.500003 -41.000000
v 11.400000 -10.500003 -41.000000
v 11.250000 -10.500003 -40.750000
v 11.250000 -10.500003 -36.000000
v 11.250000 -10.500003 -40.000000
v 4.000000 -10.500003 -34.500000
v -3.000000 -10.500003 -34.500000
v -3.000000 -10.500003 -40.000000
v -3.000000 -10.500003 -41.000000
v 3.625000 -10.500003 -41.000000
v 4.000000 -10.500003 -41.000000
v 10.625000 -10.500003 -41.000000
v 11.250000 -10.500003 -34.500000
v -3.250000 -10.500003 -41.000000
v -4.000000 -0.000004 -52.000000
v -6.000000 -0.000004 -52.000000
v -6.000000 -0.000004 -51.500000
v -1.000000 -0.000004 -53.500000
v -6.000000 -0.000004 -53.500000
v -5.000000 -0.000004 -53.000000
v -5.500000 -0.000004 -53.500000
v -5.000000 -0.000004 -53.500000
v -6.000000 4.499996 -51.500000
v -1.000000 -7.000004 -53.500000
v -6.000000 -7.000004 -53.500000
v -5.500000 -7.000004 -53.500000
v -5.000000 -7.000004 -53.000000
v -4.000000 -7.000004 -52.000000
v -3.500000 -7.000004 -51.500000
v -5.000000 -7.000004 -53.500000
v 29.000000 -14.000004 -52.500000
v 29.000000 -14.000004 -52.750000
v 29.000000 -14.000004 -53.000000
v 33.000000 -14.000004 -53.000000
v 30.000000 -14.000004 -53.000000
v 33.000000 -14.000004 -52.500000
v 30.000000 -14.000004 -52.500000
v 24.000000 -14.000004 -53.000000
v 12.000000 -0.000001 -12.000000
v 18.000000 0.499999 -12.000000
v 18.000000 -0.000001 -12.000000
v 19.000000 0.499999 -13.000000
v 19.000000 0.499999 -12.000000
v 10.000000 0.999999 -13.000000
v -10.500000 -7.000004 -51.500000
v -9.500000 -7.000003 -47.000000
v -10.500000 -7.000004 -48.166668
v -9.500000 4.499997 -47.000000
v -10.000000 4.499996 -53.500000
v -10.500000 4.499996 -48.166668
v -10.000000 -0.000004 -53.500000
v -9.500000 -2.500004 -47.000000
v -10.500000 -2.500004 -48.166668
v -14.111111 4.499996 -53.500000
v -13.076923 4.499996 -51.173077
v -13.000000 4.499996 -51.000000
v -12.000000 4.499996 -48.750000
v -11.000000 4.499996 -48.750000
v -13.000000 -7.000004 -51.000000
v -13.076923 -7.000004 -51.173077
v -11.000000 -7.000004 -48.750000
v -12.000000 -7.000004 -48.750000
v -13.000000 -2.500004 -51.000000
v -12.000000 -2.500004 -48.750000
v -11.000000 -2.500004 -48.750000
v -18.000000 4.999995 -72.000000
v -18.200001 4.799995 -72.000000
v -18.200001 0.999995 -72.000000
v -17.750000 -4.000006 -82.000000
v -18.250000 -0.000006 -82.000000
v -18.375000 0.999994 -82.000000
v -18.000000 4.999993 -88.000000
v -17.750000 -4.000006 -84.000000
v -18.000000 -2.000007 -88.000000
v -18.375000 0.999995 -72.875000
v -18.375000 0.999994 -75.000000
v -15.750000 -4.500005 -64.000000
v -15.750000 -4.500005 -65.000000
v -15.750000 -0.500005 -65.000000
v -15.750000 -0.500005 -64.000000
v -18.200001 4.999995 -72.000000
v -16.500000 6.999993 -86.000000
v -16.500000 6.999994 -83.500000
v -16.500000 6.999994 -74.000000
v -16.500000 6.999994 -75.000000
v -16.500000 6.999994 -81.000000
v -16.500000 6.999994 -82.500000
v -18.250000 -2.000007 -87.500000
v -18.250000 -2.000007 -87.750000
v 44.000000 -16.500006 -82.000000
v 42.000000 -16.500006 -82.000000
v 40.000000 -16.500006 -82.000000
v 36.000000 -16.500006 -82.000000
v 34.000000 -16.500006 -82.000000
v 30.000000 -16.500006 -82.000000
v 28.000000 -16.500006 -82.000000
v 24.250000 -16.500006 -82.000000
v 22.250000 -16.500006 -82.000000
v 20.500000 -16.500006 -82.000000
v 20.500000 -16.500006 -81.500000
v 20.500000 -16.500006 -78.500000
v 20.500000 -16.500006 -78.000000
v 20.500000 -16.500006 -76.000000
v 20.500000 -16.500006 -75.500000
v 20.500000 -16.500006 -74.500000
v 20.500000 -16.500006 -72.000000
v 20.500000 -16.500006 -70.000000
v 20.500000 -16.500006 -68.000000
v 20.500000 -16.500006 -66.000000
v 20.500000 -16.500006 -64.000000
v 20.500000 -16.500004 -60.000000
v 20.500000 -16.500004 -59.500000
v 44.000000 -16.500006 -79.500000
v 44.000000 -16.500006 -81.500000
v 44.000000 -16.500006 -78.000000
v 44.000000 -16.500006 -74.500000
v 44.000000 -16.500006 -76.000000
v 44.000000 -16.500006 -72.000000
v 44.000000 -16.500006 -68.000000
v 44.000000 -16.500006 -70.000000
v 44.000000 -16.500006 -66.000000
v 44.000000 -16.500004 -61.500000
v 44.000000 -16.500006 -64.000000
v 44.000000 -16.500004 -59.500000
v 29.000000 -16.500004 -52.000000
v 29.000000 -16.833338 -52.000000
v 24.000000 -16.500004 -52.000000
v 28.000000 -16.500004 -52.000000
v 28.500000 -16.500004 -52.000000
v 28.500000 -16.666670 -52.000000
v 23.000000 -16.500004 -52.000000
v 33.000000 -14.500005 -68.000000
v 32.000000 -14.500005 -68.000000
v 34.000000 -16.500006 -68.000000
v 33.000000 -16.500006 -68.000000
v 29.500000 -16.500006 -68.000000
v 30.500000 -16.500006 -68.000000
v 31.500000 -16.500006 -68.000000
v 32.000000 -16.500006 -68.000000
v 39.500000 -16.500006 -74.500000
v 37.500000 -16.500006 -74.500000
v 29.000000 -16.500006 -74.500000
v 31.000000 -16.500006 -74.500000
v 27.000000 -16.500006 -74.500000
v 25.000000 -16.500006 -74.500000
v 42.000000 -16.500006 -81.500000
v 43.500000 -16.500006 -79.500000
v 40.500000 -16.500006 -79.500000
v 40.000000 -16.500006 -79.500000
v 40.000000 -16.500006 -81.500000
v 36.500000 -16.500006 -79.500000
v 36.000000 -16.500006 -79.500000
v 36.000000 -16.500006 -81.500000
v 35.500000 -16.500006 -79.500000
v 34.000000 -16.500006 -79.500000
v 34.000000 -16.500006 -81.500000
v 30.000000 -16.500006 -79.500000
v 30.000000 -16.500006 -81.500000
v 28.500000 -16.500006 -79.500000
v 28.500000 -16.500006 -81.500000
v 43.500000 -16.500006 -78.000000
v 43.500000 -16.500006 -76.000000
v 41.000000 -16.500006 -76.000000
v 40.500000 -16.500006 -76.000000
v 40.500000 -16.500006 -77.500000
v 40.500000 -16.500006 -78.500000
v 40.500000 -16.500006 -75.500000
v 43.500000 -16.500006 -74.500000
v 39.500000 -16.500006 -78.500000
v 37.500000 -16.500006 -78.500000
v 36.500000 -16.500006 -78.500000
v 36.500000 -16.500006 -77.500000
v 36.500000 -16.500006 -75.500000
v 36.500000 -16.500006 -74.500000
v 35.500000 -16.500006 -74.500000
v 28.500000 -16.500006 -74.500000
v 28.500000 -16.500006 -75.500000
v 28.500000 -16.500006 -77.000000
v 28.000000 -16.500006 -81.500000
v 24.250000 -16.500006 -81.500000
v 22.250000 -16.500006 -81.500000
v 24.000000 -16.500006 -81.500000
v 27.000000 -16.500006 -78.500000
v 25.000000 -16.500006 -78.500000
v 28.000000 -16.500006 -77.500000
v 24.000000 -16.500006 -78.000000
v 21.000000 -16.500006 -78.000000
v 24.500000 -16.500006 -78.000000
v 24.000000 -16.500006 -77.500000
v 24.000000 -16.500006 -76.000000
v 21.000000 -16.500006 -76.000000
v 28.000000 -16.500006 -75.500000
v 24.000000 -16.500006 -75.500000
v 27.500000 -16.500006 -74.500000
v 28.500000 -16.500006 -73.000000
v 28.500000 -16.500006 -74.000000
v 43.500000 -16.500006 -70.000000
v 43.500000 -16.500006 -72.000000
v 43.500000 -16.500006 -68.000000
v 37.000000 -16.500006 -68.000000
v 36.500000 -16.500006 -68.000000
v 36.500000 -16.500006 -74.000000
v 31.500000 -16.500006 -74.000000
v 31.500000 -16.500006 -73.000000
v 29.000000 -16.500006 -72.500000
v 28.500000 -16.500006 -72.500000
v 31.000000 -16.500006 -72.500000
v 30.500000 -16.500006 -72.000000
v 28.500000 -16.500006 -72.000000
v 29.000000 -16.500006 -68.000000
v 28.500000 -16.500006 -68.000000
v 28.500000 -16.500006 -70.000000
v 21.000000 -16.500006 -72.000000
v 27.500000 -16.500006 -72.000000
v 21.000000 -16.500006 -70.000000
v 27.500000 -16.500006 -70.000000
v 27.500000 -16.500006 -68.000000
v 34.000000 -14.500005 -67.000000
v 34.000000 -16.500006 -67.000000
v 34.000000 -16.500006 -66.000000
v 34.000000 -14.500005 -66.000000
v 34.000000 -16.500006 -65.000000
v 34.000000 -16.500006 -67.500000
v 34.000000 -16.500004 -59.500000
v 34.000000 -16.500004 -60.000000
v 40.000000 -16.500004 -59.500000
v 36.000000 -16.500004 -59.500000
v 42.000000 -16.500004 -59.500000
v 36.000000 -16.500006 -65.500000
v 36.000000 -16.500004 -61.500000
v 36.000000 -16.500004 -60.000000
v 36.500000 -16.500006 -65.000000
v 36.500000 -16.500004 -63.000000
v 36.500000 -16.500004 -61.500000
v 37.000000 -16.500004 -62.500000
v 37.000000 -16.500004 -62.000000
v 37.000000 -16.500004 -61.500000
v 37.000000 -16.500006 -66.000000
v 37.000000 -16.500006 -65.500000
v 40.000000 -16.500004 -61.500000
v 40.000000 -16.500004 -60.000000
v 42.000000 -16.500004 -60.000000
v 42.000000 -16.500004 -61.500000
v 40.500000 -16.500004 -61.500000
v 37.500000 -16.500004 -62.000000
v 39.500000 -16.500004 -62.000000
v 40.500000 -16.500004 -62.000000
v 39.500000 -16.500006 -66.000000
v 40.500000 -16.500006 -66.000000
v 40.500000 -16.500006 -65.000000
v 40.500000 -16.500004 -63.000000
v 37.500000 -16.500006 -66.000000
v 43.500000 -16.500006 -64.000000
v 40.500000 -16.500006 -64.000000
v 43.500000 -16.500006 -66.000000
v 29.000000 -16.500004 -60.000000
v 30.000000 -16.500004 -60.000000
v 28.000000 -16.500004 -60.000000
v 21.000000 -16.500006 -64.000000
v 21.000000 -16.500004 -60.000000
v 24.000000 -16.500006 -66.000000
v 24.000000 -16.500006 -65.000000
v 24.000000 -16.500004 -63.000000
v 24.000000 -16.500004 -62.000000
v 24.000000 -16.500004 -60.000000
v 21.000000 -16.500006 -66.000000
v 25.000000 -16.500004 -62.000000
v 27.000000 -16.500004 -62.000000
v 28.000000 -16.500004 -62.000000
v 28.000000 -16.500004 -63.000000
v 25.000000 -16.500006 -66.000000
v 28.000000 -16.500006 -65.000000
v 27.000000 -16.500006 -66.000000
v 27.500000 -16.500006 -66.000000
v 28.000000 -16.500006 -66.000000
v 29.000000 -16.500006 -66.000000
v 29.000000 -16.500006 -65.000000
v 29.500000 -16.500006 -65.000000
v 30.000000 -16.500006 -65.000000
v 32.000000 -16.500006 -65.000000
v 33.000000 -16.500006 -65.000000
v 32.000000 -14.500005 -65.000000
v 33.000000 -14.500005 -65.000000
v 28.500000 -16.500004 -58.000000
v 28.500000 -16.666670 -58.000000
v 28.500000 -16.500004 -58.250000
v 28.500000 -16.500004 -58.500000
v 30.000000 -16.500004 -59.500000
v 28.000000 -16.500004 -59.500000
v 28.000000 -16.500004 -59.000000
v 28.000000 -16.500004 -58.250000
v 24.000000 -16.500004 -58.250000
v 24.000000 -16.500004 -59.000000
v 24.000000 -16.500004 -59.500000
v 21.000000 -16.500004 -59.500000
v 23.000000 -16.500004 -58.250000
v 23.000000 -16.500004 -59.000000
v 42.250000 -14.750002 -26.499998
v 39.750000 -14.750002 -26.499998
v 39.750000 -14.750002 -29.499998
v 39.750000 -14.750002 -26.999998
v 42.250000 -14.750002 -29.999998
v 39.750000 -14.750002 -29.999998
v 42.750000 -14.750002 -29.499998
v 42.750000 -14.750002 -26.999998
v 42.250000 -14.750002 -29.499998
v 42.250000 -14.750002 -26.999998
v 39.250000 -14.750002 -29.499998
v 39.250000 -14.750002 -26.999998
v 24.500000 1.500000 -1.500000
v 24.500000 3.500000 -1.500000
v 24.500000 3.500000 -1.000000
v 24.500000 1.500000 -1.000000
v 22.500000 3.500000 -6.000000
v 22.500000 1.500000 -6.000000
v 22.500000 1.499999 -8.000000
v 22.500000 3.499999 -8.000000
v 22.500000 1.500000 -3.000000
v 22.500000 1.500000 -4.000000
v 22.500000 3.500000 -4.000000
v 22.500000 3.500000 -3.000000
v 22.500000 3.500000 -1.500000
v 22.500000 1.500000 -1.500000
v 22.500000 1.499999 -10.000000
v 22.500000 3.499999 -10.000000
v 22.500000 3.500000 1.500000
v 22.500000 1.500000 1.500000
v 22.500000 1.500000 -1.000000
v 22.500000 3.500000 -1.000000
v 23.000000 3.500000 -1.000000
v 23.000000 3.500000 -1.500000
v 23.000000 1.500000 -1.500000
v 23.000000 1.500000 -1.000000
v 20.500000 1.500000 0.500000
v 20.500000 3.500000 0.500000
v 20.500000 3.500000 -2.000000
v 20.500000 1.500000 -2.000000
v 20.500000 1.500000 1.500000
v 20.500000 3.500000 1.500000
v 20.500000 1.499999 -10.000000
v 20.500000 3.499999 -10.000000
v 20.500000 1.500000 -3.000000
v 20.500000 3.500000 -3.000000
v 20.000000 3.499999 -10.000000
v 20.000000 1.499999 -10.000000
v 20.000000 0.499999 -10.000000
v 20.000000 0.499999 -10.500000
v 20.000000 5.499999 -10.500000
v 20.000000 5.499999 -10.000000
v 20.000000 0.500000 -1.500000
v 20.000000 0.500000 -2.000000
v 20.000000 1.500000 -2.000000
v 20.000000 3.500000 -2.000000
v 20.000000 5.500000 -2.000000
v 20.000000 5.500000 -1.500000
v 20.000000 5.500000 -9.000000
v 20.000000 5.500000 -3.500000
v 20.000000 3.500000 -3.000000
v 20.000000 3.499999 -9.000000
v 20.000000 1.499999 -9.000000
v 20.000000 1.500000 -3.000000
v 20.000000 0.500000 -3.500000
v 20.000000 0.499999 -9.000000
v 10.000000 1.499999 -10.000000
v 10.000000 3.499999 -10.000000
v 10.000000 5.499999 -10.000000
v 10.000000 5.499999 -10.500000
v 10.000000 4.999999 -10.500000
v 10.000000 3.999999 -10.500000
v 10.000000 0.499999 -10.500000
v 10.000000 0.499999 -10.000000
v 10.000000 3.499999 -8.500000
v 10.000000 3.500000 -3.000000
v 10.000000 3.500000 -2.000000
v 10.000000 3.500000 -1.500000
v 10.000000 5.500000 -1.500000
v 10.000000 5.500000 -3.500000
v 10.000000 5.500000 -8.500000
v 10.000000 0.499999 -8.500000
v 10.000000 0.500000 -5.000000
v 10.000000 0.500000 -1.500000
v 10.000000 1.500000 -1.500000
v 10.000000 1.500000 -2.000000
v 10.000000 1.500000 -3.000000
v 10.000000 1.499999 -8.500000
v 13.000000 0.000000 0.000000
v 17.000000 0.000000 0.000000
v 17.000000 0.000000 0.500000
v 13.000000 0.000000 0.500000
v 18.000000 -0.000001 -7.000000
v 18.000000 -0.000000 -5.000000
v 12.000000 -0.000000 -5.000000
v 12.000000 -0.000001 -7.000000
v 18.000000 0.000000 0.000000
v 12.000000 0.000000 0.000000
v 17.000000 3.000000 -0.000000
v 17.000000 4.000000 -0.000000
v 16.000000 4.000000 -0.000000
v 13.000000 5.500000 -0.000000
v 13.000000 4.000000 -0.000000
v 14.000000 4.000000 -0.000000
v 17.000000 5.500000 -0.000000
v 18.000000 0.500000 -0.000000
v 17.000000 0.500000 -0.000000
v 13.000000 0.500000 -0.000000
v 12.000000 0.500000 -0.000000
v 11.000000 0.500000 -0.000000
v 13.000000 3.000000 -0.000000
v 11.000000 5.500000 -0.000000
v 19.000000 0.500000 -0.000000
v 19.000000 5.500000 -0.000000
v 18.000000 5.500000 -0.000000
v 19.000000 0.499999 -10.500000
v 18.000000 0.499999 -10.500000
v 18.000000 0.499999 -7.000000
v 18.000000 0.500000 -3.500000
v 19.000000 0.500000 -1.500000
v 18.000000 0.500000 -1.500000
v 12.000000 0.499999 -7.000000
v 12.000000 0.500000 -5.000000
v 12.000000 0.500000 -1.500000
v 11.000000 0.500000 -1.500000
v 19.000000 6.500000 -5.000000
v 19.000000 6.500000 -8.500001
v 16.000000 6.500000 -8.500001
v 16.000000 6.500000 -8.000001
v 16.000000 6.500000 -4.000000
v 16.000000 6.500000 -2.000000
v 16.000000 6.500000 -1.000000
v 17.500000 6.500000 -1.000000
v 19.000000 6.500000 -1.000000
v 17.000000 6.499999 -10.500001
v 16.000000 6.499999 -10.500001
v 16.000000 6.499999 -10.000001
v 16.000000 6.499999 -9.500001
v 19.000000 6.499999 -9.500001
v 19.000000 6.499999 -10.500001
v 14.000000 6.499999 -10.000001
v 14.000000 6.499999 -10.500001
v 12.000000 6.500000 -8.000001
v 14.000000 6.500000 -8.000001
v 12.000000 6.499999 -10.500001
v 15.500000 6.500000 -4.000000
v 15.500000 6.500000 -8.000001
v 12.000000 6.500000 -4.000000
v 14.000000 6.500000 -4.000000
v 14.500000 6.500000 -4.000000
v 14.500000 6.500000 -8.000001
v 12.000000 6.500000 -3.500000
v 14.000000 6.500000 -3.500000
v 12.000000 6.500000 -2.000000
v 14.000000 6.500000 -2.000000
v 14.000000 6.500000 -2.500000
v 12.000000 6.500000 -2.500000
v 12.000000 6.500000 -1.000000
v 11.000000 6.499999 -10.500001
v 11.000000 6.500000 -3.500000
v 11.000000 6.500000 -2.500000
v 11.000000 6.500000 -1.000000
v 19.500000 5.999999 -10.500000
v 19.500000 6.000000 -5.000000
v 19.500000 6.000000 -3.500000
v 19.500000 6.000000 -1.500000
v 19.500000 6.000000 -0.500000
v 17.000000 4.999999 -10.500000
v 11.000000 4.999999 -10.500000
v 10.500000 5.999999 -10.500000
v 19.000000 5.999999 -10.500000
v 19.000000 4.999999 -10.500000
v 18.000000 4.999999 -10.500000
v 19.000000 3.999999 -10.500000
v 19.000000 5.999999 -9.500000
v 16.000000 5.999999 -9.500000
v 16.000000 6.000000 -8.500000
v 19.000000 6.000000 -8.500000
v 14.000000 5.999999 -10.000000
v 14.000000 6.000000 -8.000000
v 14.500000 6.000000 -8.000000
v 15.500000 6.000000 -8.000000
v 16.000000 6.000000 -8.000000
v 16.000000 5.999999 -10.000000
v 19.000000 6.000000 -0.500000
v 19.000000 6.000000 -1.500000
v 14.500000 6.000000 -4.000000
v 15.500000 6.000000 -4.000000
v 14.000000 6.000000 -2.500000
v 14.000000 6.000000 -3.500000
v 11.000000 6.000000 -3.500000
v 11.000000 6.000000 -2.500000
v 14.000000 6.000000 -4.000000
v 14.000000 6.000000 -2.000000
v 16.000000 6.000000 -2.000000
v 16.000000 6.000000 -4.000000
v 10.500000 6.000000 -1.500000
v 11.000000 6.000000 -1.500000
v 11.000000 6.000000 -0.500000
v 10.500000 6.000000 -0.500000
v 10.500000 6.000000 -3.500000
v 17.500000 6.000000 -0.500000
v 18.000000 6.000000 -0.500000
v 12.000000 6.000000 0.500000
v 12.000000 0.000000 0.500000
v 18.000000 6.000000 0.500000
v 17.000000 6.000000 0.500000
v 13.000000 6.000000 0.500000
v 18.000000 0.242424 1.469697
v 18.000000 0.064516 0.758065
v 18.000000 0.000000 0.500000
v 16.000000 4.000000 0.500000
v 14.000000 4.000000 0.500000
v 13.000000 4.000000 0.500000
v 17.000000 4.000000 0.500000
v 17.000000 3.000000 0.500000
v 13.000000 3.000000 0.500000
v 12.250000 0.000000 0.500000
v 12.500000 2.000000 1.250000
v 12.500000 2.000000 1.000000
v 12.750000 2.000000 1.000000
v 12.750000 2.000000 1.250000
v 17.250000 2.000000 1.250000
v 17.250000 2.000000 1.000000
v 17.500000 2.000000 1.000000
v 17.500000 2.000000 1.250000
v 12.258064 0.064516 0.758065
v 12.280303 0.242424 1.469697
v 17.008064 0.064516 0.758065
v 17.030304 0.242424 1.469697
v 12.969697 0.242424 1.469697
v 12.991936 0.064516 0.758065
v 17.741936 0.064516 0.758065
v 17.719696 0.242424 1.469697
v 9.500000 3.500000 -2.000000
v 9.500000 1.500000 -2.000000
v 7.500000 1.500000 -2.000000
v 7.500000 3.500000 -2.000000
v 9.500000 1.499999 -10.000000
v 9.500000 3.499999 -10.000000
v 7.500000 1.499999 -10.000000
v 7.500000 3.499999 -10.000000
v 7.500000 3.500000 -6.000000
v 7.500000 1.500000 -6.000000
v 7.500000 1.500000 -4.000000
v 7.500000 3.500000 -4.000000
v 7.500000 1.499999 -8.000000
v 7.500000 3.499999 -8.000000
v 7.500000 3.500000 -3.000000
v 7.500000 1.500000 -3.000000
v 9.500000 3.500000 -3.000000
v 9.500000 1.500000 -3.000000
v 12.750000 4.000000 7.000000
v 12.750000 5.000000 7.000000
v 13.750000 5.000000 7.000000
v 17.250000 6.000000 7.000000
v 17.250000 5.000000 7.000000
v 16.250000 5.000000 7.000000
v 12.750000 6.000000 7.000000
v 12.750000 1.500000 7.000000
v 12.000000 1.500000 7.000000
v 12.000000 6.000000 7.000000
v 18.000000 1.500000 7.000000
v 17.250000 1.500000 7.000000
v 17.250000 4.000000 7.000000
v 18.000000 6.000000 7.000000
v 12.000000 6.000000 6.000000
v 12.000000 6.000000 3.000000
v 12.000000 0.625000 3.000000
v 12.000000 1.375000 6.000000
v 18.000000 6.000000 3.000000
v 18.000000 6.000000 6.000000
v 18.000000 1.375000 6.000000
v 18.000000 0.625000 3.000000
v 12.750000 6.000000 3.000000
v 13.000000 6.000000 3.000000
v 13.000000 5.000000 3.000000
v 13.000000 4.250000 3.000000
v 12.750000 4.000000 3.000000
v 12.750000 0.625000 3.000000
v 13.750000 5.000000 3.000000
v 17.250000 6.000000 3.000000
v 17.250000 5.000000 3.000000
v 16.250000 5.000000 3.000000
v 17.250000 4.000000 3.000000
v 17.250000 0.625000 3.000000
v 12.750000 6.000000 6.000000
v 13.000000 6.000000 6.000000
v 17.250000 6.000000 6.000000
v 13.000000 4.250000 6.000000
v 13.750000 5.000000 6.000000
v 13.000000 5.000000 6.000000
v 16.250000 5.000000 6.000000
v 17.250000 5.000000 6.000000
v 17.250000 4.000000 6.000000
v 17.250000 1.500000 6.000000
v 17.250000 1.375000 6.000000
v 12.750000 4.000000 6.000000
v 12.750000 1.500000 6.000000
v 12.750000 1.375000 6.000000
v 17.250000 1.500000 6.500000
v 12.750000 1.500000 6.500000
v 12.000000 1.500001 10.000000
v 12.750000 1.500001 10.000000
v 12.750000 4.000001 10.000000
v 12.750000 5.000001 10.000000
v 12.750000 6.000001 10.000000
v 12.000000 6.000001 10.000000
v 13.500000 2.000001 10.000000
v 13.500000 1.500001 10.000000
v 14.000000 1.500001 10.000000
v 14.000000 2.000001 10.000000
v 13.750000 5.000001 10.000000
v 17.250000 4.000001 10.000000
v 17.250000 5.000001 10.000000
v 16.250000 5.000001 10.000000
v 17.250000 1.500001 10.000000
v 18.000000 1.500001 10.000000
v 18.000000 6.000001 10.000000
v 17.250000 6.000001 10.000000
v 16.000000 1.500001 10.000000
v 16.000000 2.000001 10.000000
v 16.500000 1.500001 10.000000
v 16.500000 2.000001 10.000000
v 18.000000 6.000001 11.000000
v 18.000000 6.000001 13.000000
v 18.000000 1.500001 13.000000
v 18.000000 1.500001 12.000000
v 18.000000 1.500001 11.000000
v 12.000000 6.000001 13.000000
v 12.000000 6.000001 11.000000
v 12.000000 1.500001 11.000000
v 12.000000 1.500001 11.500000
v 12.000000 1.500001 13.000000
v 17.250000 6.000001 11.000000
v 12.750000 6.000001 11.000000
v 17.250000 1.500001 12.000000
v 17.250000 1.500001 11.000000
v 16.500000 1.500001 11.500000
v 16.500000 1.500001 10.500000
v 16.500000 1.500001 12.000000
v 16.000000 1.500001 11.500000
v 16.000000 1.500001 10.500000
v 14.000000 1.500001 12.000000
v 16.000000 1.500001 12.000000
v 13.500000 1.500001 13.000000
v 13.500000 1.500001 12.000000
v 13.500000 1.500001 10.500000
v 12.750000 1.500001 10.500000
v 14.000000 1.500001 11.500000
v 13.500000 1.500001 11.500000
v 12.750000 1.500001 11.500000
v 12.750000 1.500001 11.000000
v 14.000000 1.500001 10.500000
v 14.000000 2.000001 12.000000
v 13.500000 2.000001 12.000000
v 16.000000 2.000001 12.000000
v 16.500000 2.000001 12.000000
v 12.750000 4.000001 11.000000
v 17.250000 4.000001 11.000000
v 17.250000 5.000001 11.000000
v 16.250000 5.000001 11.000000
v 13.750000 5.000001 11.000000
v 12.750000 5.000001 11.000000
v 14.000000 2.000001 10.500000
v 14.000000 2.000001 11.500000
v 16.000000 2.000001 11.500000
v 16.000000 2.000001 10.500000
v 16.500000 2.000001 10.500000
v 16.500000 2.000001 11.500000
v 13.500000 2.000001 11.500000
v 13.500000 2.000001 10.500000
v 6.500000 0.499994 -76.000000
v 6.000000 0.499994 -76.000000
v 6.000000 0.499995 -72.000000
v 6.500000 0.499995 -72.000000
v 6.000000 4.499994 -76.000000
v 6.500000 4.499994 -76.000000
v 6.000000 4.499995 -72.000000
v 6.500000 4.499995 -72.000000
v 24.000000 -0.000006 -76.000000
v 23.500000 -0.000006 -76.000000
v 23.500000 -0.000006 -79.000000
v 24.000000 -0.000006 -79.000000
v 23.500000 -3.500006 -76.000000
v 24.000000 -3.500006 -76.000000
v 24.000000 -3.500006 -79.000000
v 23.500000 -3.500006 -79.000000
v 23.500000 -1.500006 -77.000000
v 23.500000 -2.500006 -77.000000
v 23.500000 -2.500006 -78.000000
v 23.500000 -1.500006 -78.000000
v 23.500000 -0.000006 -78.000000
v 23.500000 -0.000006 -77.000000
v 23.500000 -3.500006 -78.000000
v 23.500000 -3.500006 -77.000000
v 18.000000 -4.500005 -70.000000
v 18.000000 -4.500005 -70.500000
v 16.000000 -4.500005 -70.500000
v 16.000000 -4.500005 -70.000000
v 18.000000 -1.500005 -70.500000
v 18.000000 -1.500005 -70.000000
v 16.000000 -1.500005 -70.000000
v 16.000000 -1.500005 -70.500000
v 17.500000 -2.000005 -70.000000
v 17.500000 -3.000005 -70.000000
v 16.500000 -3.000005 -70.000000
v 16.500000 -2.000005 -70.000000
v 16.500000 -1.500005 -70.000000
v 17.500000 -1.500005 -70.000000
v 16.500000 -4.500005 -70.000000
v 17.500000 -4.500005 -70.000000
v 16.500000 -2.000005 -70.500000
v 16.500000 -3.000005 -70.500000
v 17.500000 -3.000005 -70.500000
v 17.500000 -2.000005 -70.500000
v 17.500000 -1.500005 -70.500000
v 16.500000 -1.500005 -70.500000
v 16.500000 -4.500005 -70.500000
v 17.500000 -4.500005 -70.500000
v 16.000000 -3.937505 -68.000000
v 16.000000 -4.500005 -68.000000
v 18.000000 -4.500005 -68.000000
v 18.000000 -3.937505 -68.000000
v 16.500000 -4.500005 -68.000000
v 16.500000 -6.250005 -68.000000
v 18.000000 -6.250005 -68.000000
v 18.000000 -3.937505 -60.000000
v 18.000000 -4.500004 -60.000000
v 16.000000 -4.500004 -60.000000
v 16.000000 -3.937505 -60.000000
v 16.000000 -4.500005 -60.500000
v 18.000000 -4.500005 -60.500000
v 16.500000 -4.500005 -60.500000
v 18.000000 -4.500005 -67.000000
v 18.000000 -3.937505 -67.000000
v 16.000000 -4.500005 -67.000000
v 16.000000 -3.937505 -67.000000
v 16.000000 -3.937505 -61.000000
v 18.000000 -3.937505 -61.000000
v 18.000000 -6.250005 -60.500000
v 16.500000 -6.250005 -60.500000
v 18.000000 -0.000006 -76.000000
v 18.000000 -0.000006 -79.500000
v 18.500000 -0.000006 -79.500000
v 18.500000 -0.000006 -76.000000
v 18.500000 -4.000006 -79.500000
v 18.000000 -4.000006 -79.500000
v 18.000000 -4.000006 -76.000000
v 18.500000 -4.000006 -76.000000
v 2.500000 -5.000001 -22.000000
v 2.500000 -5.000002 -22.250000
v 3.500000 -5.000002 -22.250000
v 3.500000 -5.000001 -22.000000
v 3.500000 -6.000002 -22.250000
v 3.500000 -6.000001 -22.000000
v 2.500000 -6.000002 -22.250000
v 2.500000 -6.000001 -22.000000
v 8.000000 -0.000002 -20.000000
v 6.500000 -0.000002 -20.000000
v 6.500000 -0.000001 -17.000000
v 8.000000 -0.000001 -17.000000
v 6.500000 3.999999 -19.250000
v 6.500000 3.999999 -20.000000
v 8.000000 3.999999 -20.000000
v 8.000000 3.999999 -19.250000
v 6.500000 2.499999 -17.455357
v 6.500000 2.499999 -18.375000
v 8.000000 2.499999 -18.375000
v 8.000000 2.499999 -17.455357
v 8.000000 2.499999 -20.000000
v 6.500000 2.499999 -20.000000
v 8.000000 1.499999 -16.812500
v 8.000000 2.499999 -18.458334
v 8.000000 1.499999 -17.875000
v 6.500000 1.499999 -16.812500
v 6.500000 1.499999 -17.875000
v 6.500000 2.499999 -18.458334
v 34.500000 -5.000002 -31.000000
v 34.500000 -5.000002 -33.000000
v 35.000000 -5.000002 -33.000000
v 35.000000 -5.000002 -31.000000
v 35.000000 -8.500003 -33.000000
v 34.500000 -8.500003 -33.000000
v 34.500000 -8.500002 -31.000000
v 35.000000 -8.500002 -31.000000
v 23.500000 2.499999 -15.000000
v 23.500000 1.999999 -15.000000
v 23.500000 1.999999 -17.000000
v 23.500000 2.499999 -17.000000
v 26.000000 1.999999 -16.500000
v 26.000000 1.999999 -15.500000
v 26.000000 2.499999 -15.500000
v 26.000000 2.499999 -16.500000
v 25.500000 1.999999 -17.000000
v 25.500000 2.499999 -17.000000
v 25.500000 1.999999 -15.000000
v 25.500000 2.499999 -15.000000
v 23.000000 5.999999 -15.000000
v 23.000000 5.999999 -17.000000
v 23.500000 5.999999 -17.000000
v 23.500000 5.999999 -15.000000
v 23.500000 2.499999 -17.000000
v 23.000000 2.499999 -17.000000
v 23.000000 2.499999 -15.000000
v 23.500000 2.499999 -15.000000
v 40.500000 -6.500005 -64.500000
v 40.250000 -6.500005 -64.500000
v 40.250000 -6.500005 -63.500000
v 40.500000 -6.500005 -63.500000
v 40.250000 -5.500005 -64.500000
v 40.500000 -5.500005 -64.500000
v 40.500000 -5.500005 -63.500000
v 40.250000 -5.500005 -63.500000
v 39.000000 -7.500006 -78.500000
v 39.000000 -7.500006 -78.250000
v 38.000000 -7.500006 -78.250000
v 38.000000 -7.500006 -78.500000
v 38.000000 -8.500006 -78.500000
v 38.000000 -8.500006 -78.250000
v 39.000000 -8.500006 -78.250000
v 39.000000 -8.500006 -78.500000
v 25.500000 -4.500005 -62.250000
v 24.500000 -4.500005 -62.250000
v 24.500000 -4.500005 -62.000000
v 25.500000 -4.500005 -62.000000
v 25.500000 -3.500005 -62.250000
v 25.500000 -3.500005 -62.000000
v 24.500000 -3.500005 -62.000000
v 24.500000 -3.500005 -62.250000
v 25.250000 -4.500005 -61.000000
v 24.750000 -4.500005 -61.000000
v 24.750000 -4.500005 -60.500000
v 25.250000 -4.500005 -60.500000
v 24.750000 -3.500005 -60.500000
v 24.750000 -3.500005 -61.000000
v 25.250000 -3.500005 -61.000000
v 25.250000 -3.500005 -60.500000
v 23.500000 -13.500005 -58.500000
v 23.500000 -13.500005 -59.000000
v 23.500000 -10.000005 -59.000000
v 23.500000 -10.000005 -58.500000
v 28.000000 -13.500005 -59.000000
v 28.000000 -13.500005 -58.500000
v 28.000000 -10.000005 -58.500000
v 28.000000 -10.000005 -59.000000
v 25.000000 -11.000005 -59.000000
v 25.000000 -13.000005 -59.000000
v 27.000000 -13.000005 -59.000000
v 27.000000 -11.000005 -59.000000
v 27.000000 -10.000005 -59.000000
v 25.000000 -10.000005 -59.000000
v 25.000000 -13.500005 -59.000000
v 27.000000 -13.500005 -59.000000
v -2.000000 -0.500001 -16.500000
v -2.000000 -0.500001 -16.000000
v 2.000000 -0.500001 -16.000000
v 2.000000 -0.500001 -16.500000
v 1.500000 -0.500001 -20.000000
v -2.000000 -0.500001 -20.000000
v -2.000000 -0.500001 -19.500000
v 1.500000 -0.500001 -19.500000
v -1.500000 -0.500001 -16.500000
v -1.500000 -0.500001 -19.500000
v 2.000000 -0.500001 -20.000000
v 1.500000 -0.500001 -16.500000
v 2.000000 -0.000002 -20.000000
v 2.000000 -0.000001 -16.000000
v -2.000000 -0.000002 -20.000000
v -2.000000 -0.000001 -16.000000
v 1.500000 -7.500001 -19.500000
v -1.500000 -7.500001 -19.500000
v -1.500000 -7.500001 -16.500000
v 1.500000 -7.500001 -16.500000
v 23.500000 -3.500005 -62.250000
v 23.250000 -3.500005 -62.250000
v 23.250000 -3.500005 -62.500000
v 23.500000 -3.500005 -62.500000
v 23.593750 -4.250005 -62.593750
v 23.156250 -4.250005 -62.593750
v 23.156250 -4.250005 -62.156250
v 23.593750 -4.250005 -62.156250
v 40.250000 -5.500005 -62.250000
v 40.000000 -5.500005 -62.250000
v 40.000000 -5.500005 -62.500000
v 40.250000 -5.500005 -62.500000
v 40.343750 -6.250005 -62.593750
v 39.906250 -6.250005 -62.593750
v 39.906250 -6.250005 -62.156250
v 40.343750 -6.250005 -62.156250
v 40.250000 -7.500006 -78.000000
v 40.000000 -7.500006 -78.000000
v 40.000000 -7.500006 -78.250000
v 40.250000 -7.500006 -78.250000
v 40.343750 -8.250006 -78.343750
v 39.906250 -8.250006 -78.343750
v 39.906250 -8.250006 -77.906250
v 40.343750 -8.250006 -77.906250
v 24.593750 -10.250006 -78.343750
v 24.156250 -10.250006 -78.343750
v 24.156250 -10.250006 -77.906250
v 24.593750 -10.250006 -77.906250
v 24.500000 -9.500006 -78.000000
v 24.250000 -9.500006 -78.000000
v 24.250000 -9.500006 -78.250000
v 24.500000 -9.500006 -78.250000
v 34.000000 -8.500003 -34.000000
v 34.500000 -8.500003 -34.000000
v 34.500000 -5.000002 -34.000000
v 34.000000 -5.000002 -34.000000
v 34.000000 -8.500002 -30.000000
v 34.000000 -5.000002 -30.000000
v 34.500000 -5.000002 -30.000000
v 34.500000 -8.500002 -30.000000
v 34.000000 -6.000002 -31.000000
v 34.000000 -8.000002 -31.000000
v 34.000000 -8.000003 -33.000000
v 34.000000 -6.000002 -33.000000
v 34.000000 -5.000002 -33.000000
v 34.000000 -5.000002 -31.000000
v 34.000000 -8.500003 -33.000000
v 34.000000 -8.500002 -31.000000
v -1.875000 1.999999 -17.500000
v -1.875000 0.999999 -17.500000
v -2.125000 0.999999 -17.500000
v -2.125000 1.999999 -17.500000
v -2.125000 1.999999 -18.500000
v -2.125000 0.999999 -18.500000
v -1.875000 0.999999 -18.500000
v -1.875000 1.999999 -18.500000
v -10.000000 -0.000007 -90.000000
v -10.000000 -0.000007 -92.000000
v -9.500000 -0.000007 -92.000000
v -9.500000 -0.000007 -90.000000
v -9.500000 -2.500007 -92.000000
v -10.000000 -2.500007 -92.000000
v -10.000000 -2.500007 -90.000000
v -9.500000 -2.500007 -90.000000
v 22.500000 3.500000 -2.000000
v 22.500000 1.500000 -2.000000
v 22.500000 1.500000 -1.500000
v 22.500000 3.500000 -1.500000
v 20.500000 3.500000 -1.500000
v 20.500000 1.500000 -1.500000
v 20.500000 1.500000 -2.000000
v 20.500000 3.500000 -2.000000
v 3.875000 -5.000004 -55.500000
v 2.812500 -5.000004 -55.500000
v 2.812500 -5.000004 -57.000000
v 3.875000 -5.000004 -57.000000
v 2.000000 -4.000004 -55.500000
v 2.000000 -4.000004 -57.000000
v 2.000000 -2.500004 -57.000000
v 2.000000 -2.500004 -55.500000
v 2.000000 -5.000004 -55.500000
v 2.000000 -5.000004 -57.000000
v 4.375000 -4.000004 -57.000000
v 3.455357 -4.000004 -57.000000
v 3.455357 -4.000004 -55.500000
v 4.375000 -4.000004 -55.500000
v 5.250000 -2.500004 -57.000000
v 5.250000 -2.500004 -55.500000
v 2.000000 -6.500004 -55.500000
v 2.000000 -6.500004 -57.000000
v 3.000000 -6.500004 -57.000000
v 3.000000 -6.500004 -55.500000
v 39.000000 -8.750001 -18.500000
v 39.000000 -7.750001 -18.500000
v 39.000000 -7.750001 -15.999999
v 39.000000 -8.750001 -15.999999
v 43.000000 -7.750001 -18.500000
v 43.000000 -8.750001 -18.500000
v 43.000000 -8.750001 -15.999999
v 43.000000 -7.750001 -15.999999
v 42.500000 -8.750001 -18.000000
v 39.500000 -8.750001 -18.000000
v 39.500000 -7.750001 -18.000000
v 42.500000 -7.750001 -18.000000
v 39.000000 -7.750001 -18.000000
v 43.000000 -7.750001 -18.000000
v 39.000000 -8.750001 -18.000000
v 43.000000 -8.750001 -18.000000
v 42.500000 -7.750001 -15.999999
v 42.500000 -8.750001 -15.999999
v 39.500000 -8.750001 -15.999999
v 39.500000 -7.750001 -15.999999
v 41.500000 -8.750001 -18.750000
v 40.500000 -8.750001 -18.750000
v 40.500000 -8.750001 -18.500000
v 41.500000 -8.750001 -18.500000
v 40.500000 -7.750001 -18.500000
v 40.500000 -7.750001 -18.750000
v 41.500000 -7.750001 -18.750000
v 41.500000 -7.750001 -18.500000
v 3.000000 -6.500004 -55.500000
v 6.000000 -6.500004 -55.500000
v 6.000000 -6.500004 -57.000000
v 3.000000 -6.500004 -57.000000
v 5.250000 -2.500004 -57.000000
v 6.000000 -2.500004 -57.000000
v 6.000000 -2.500004 -55.500000
v 5.250000 -2.500004 -55.500000
v 3.455357 -4.000004 -57.000000
v 4.375000 -4.000004 -57.000000
v 4.375000 -4.000004 -55.500000
v 3.455357 -4.000004 -55.500000
v 6.000000 -4.000004 -55.500000
v 6.000000 -4.000004 -57.000000
v 2.812500 -5.000004 -55.500000
v 4.458333 -4.000004 -55.500000
v 3.875000 -5.000004 -55.500000
v 2.812500 -5.000004 -57.000000
v 3.875000 -5.000004 -57.000000
v 4.458333 -4.000004 -57.000000
v -15.500000 0.499994 -84.000000
v -16.000000 0.499994 -84.000000
v -16.000000 0.499994 -82.000000
v -15.500000 0.499994 -82.000000
v -18.500000 0.499994 -84.000000
v -18.500000 0.499994 -83.500000
v -16.000000 0.499994 -83.500000
v -15.500000 0.999994 -84.000000
v -15.500000 0.999994 -82.000000
v -18.500000 0.999994 -82.000000
v -18.500000 0.499994 -82.000000
v -18.500000 0.999994 -84.000000
v -16.000000 -4.000006 -83.500000
v -18.500000 -4.000006 -83.500000
v -18.500000 -4.000006 -82.000000
v -16.000000 -4.000006 -82.000000
v 10.000000 -2.500007 -90.000000
v 10.000000 -3.000007 -90.000000
v 10.000000 -3.000007 -89.250000
v 10.000000 -2.500007 -89.250000
v 10.000000 -3.000006 -82.250000
v 10.000000 -2.500006 -82.250000
v 0.000000 -3.000007 -89.250000
v 0.000000 -3.000007 -90.000000
v 0.000000 -2.500007 -90.000000
v 0.000000 -2.500007 -89.250000
v 0.000000 -2.500006 -82.250000
v 0.000000 -3.000006 -82.250000
v 7.000000 -3.000007 -90.000000
v 7.000000 -2.500007 -90.000000
v 7.000000 -3.000006 -82.250000
v 7.000000 -2.500006 -82.250000
v 7.000000 -3.000006 -83.000000
v 10.000000 -3.000006 -83.000000
v 0.000000 -3.000006 -83.000000
v 10.000000 -2.500006 -83.000000
v 7.000000 -2.500006 -83.000000
v 0.000000 -2.500006 -83.000000
v -2.000000 -0.500006 -83.000000
v -2.000000 -0.500006 -83.250000
v -1.000000 -0.500006 -83.250000
v -1.000000 -0.500006 -83.000000
v -1.000000 -1.500006 -83.250000
v -1.000000 -1.500006 -83.000000
v -2.000000 -1.500006 -83.000000
v -2.000000 -1.500006 -83.250000
s 0
usemtl Material.001
f 11 9 12
f 19 17 20
f 14 17 13
f 25 23 26
f 19 23 18
f 25 9 24
f 15 13 16
f 16 11 15
f 15 20 14
f 16 17 22
f 23 22 18
f 21 26 19
f 27 9 10
f 28 12 25
f 33 31 29
f 29 36 35
f 35 38 37
f 36 40 39
f 43 40 42
f 39 40 43
f 271 269 272
f 275 274 273
f 278 277 276
f 275 280 279
f 279 282 278
f 725 723 726
f 1035 1034 1033
f 1040 1039 1037
f 1044 1042 1033
f 1048 1046 1045
f 1039 1048 1038
f 1051 1050 1049
f 1054 1053 1052
f 1056 1052 1053
f 1059 1057 1049
f 1031 1051 1057
f 1068 1066 1029
f 1036 1066 1067
f 1069 1029 1066
f 1076 1023 1024
f 1055 1083 1052
f 1080 1022 1084
f 1087 1083 1084
f 1090 1089 1088
f 1022 1075 1090
f 1079 1088 1089
f 1090 1054 1087
f 1078 1050 1088
f 1054 1083 1087
f 1090 1050 1051
f 1217 1215 1216
f 1220 1219 1218
f 1035 1222 1039
f 1219 1042 1193
f 1195 1048 1216
f 1033 1220 1223
f 1222 1216 1048
f 1360 724 725
f 1385 1356 1384
f 1388 1395 1386
f 1386 1359 1385
f 1360 1384 1356
f 1422 724 1356
f 726 1422 1424
f 1519 1517 1520
f 1522 1521 1523
f 1539 1537 1536
f 1541 1539 1520
f 1545 1544 1543
f 1545 1546 1519
f 1547 1546 129
f 1547 127 1548
f 1562 1543 1544
f 126 1564 1563
f 1564 1565 1539
f 1565 1561 1562
f 1563 1555 1553
f 1547 1566 1563
f 125 1549 127
f 1545 1561 1565
f 1564 1547 1563
f 124 1565 123
f 1564 1521 1546
f 1579 1577 1580
f 1582 1578 1581
f 1587 1585 1584
f 1583 1587 1588
f 1589 1586 1590
f 1593 1591 1594
f 1597 1595 1598
f 1601 1599 1602
f 1657 1656 1655
f 1668 1667 1666
f 1670 1657 1668
f 1668 1673 1672
f 1677 1675 1674
f 1669 1681 1680
f 1672 1684 1683
f 1788 1076 1024
f 1826 1824 1827
f 2090 1787 1788
f 2093 2091 2094
f 2227 2196 2233
f 2241 2250 2249
f 2228 2249 2199
f 2250 2233 2196
f 2259 2258 2257
f 2271 2270 2269
f 2274 2273 2272
f 2270 2142 2278
f 2253 2280 2272
f 2280 2092 2271
f 2252 2289 2288
f 2287 2292 2147
f 2292 2294 2291
f 2293 2288 2289
f 2286 2147 2291
f 2271 2293 2274
f 2273 2290 2283
f 2279 2295 2294
f 2269 2292 2271
f 2274 2289 2273
f 2297 2277 2266
f 2306 2159 2165
f 2311 2310 2309
f 2310 2301 2307
f 2255 2300 2313
f 2315 2312 2313
f 2314 2311 2145
f 2316 2315 2317
f 2308 2305 2319
f 2304 2257 2320
f 2319 2301 2310
f 2320 2313 2300
f 2317 2313 2321
f 2318 2311 2316
f 2159 2319 2320
f 2323 2266 2277
f 2595 2593 2592
f 2659 2657 2660
f 2663 2661 2664
f 2675 2666 2674
f 2658 2678 2677
f 2674 2678 2673
f 2657 2677 2666
f 2663 2680 2679
f 2680 2676 2679
f 2672 2675 2680
f 2663 2678 2658
f 2688 2683 2689
f 2685 2690 2684
f 2663 2658 2688
f 2691 2692 2593
f 2691 2693 2692
f 2592 2693 2591
f 2594 2694 2688
f 2688 2694 2695
f 2694 2596 2695
f 2688 2693 2691
f 2796 2678 2679
f 2676 2796 2679
f 2678 2789 2673
f 2673 2795 2676
f 2596 2787 2695
f 2787 2693 2695
f 2693 2784 2591
f 2591 2785 2596
f 481 2816 459
f 2817 489 460
f 2814 456 457
f 452 2810 2811
f 456 2810 453
f 481 2821 2820
f 2817 452 2811
f 2816 457 459
f 2848 2265 2323
f 2856 2855 2854
f 2859 2857 2860
f 2863 2862 2861
f 2865 2858 2864
f 2856 2868 2862
f 2913 1641 2877
f 2870 2912 2914
f 1645 2914 2912
f 2925 2930 2928
f 2934 2932 2931
f 2854 2936 2935
f 2939 2925 2937
f 2941 2940 2880
f 2941 2901 2937
f 2882 2942 2887
f 2939 2929 2930
f 2945 2944 2874
f 2948 2947 2911
f 2928 2946 2949
f 2944 2948 2943
f 2952 2950 1591
f 2913 2951 2952
f 2951 2953 2954
f 2950 2954 2955
f 2877 2954 2953
f 2955 2878 2879
f 2875 2952 2945
f 2876 2914 2952
f 2911 2939 2902
f 2940 2948 2944
f 2908 2874 2943
f 2945 2940 2944
f 2937 2948 2941
f 2937 2949 2947
f 2928 2939 2946
f 2900 2856 2869
f 2904 2963 2899
f 2963 2933 2934
f 2931 2932 2964
f 2932 2963 2964
f 2935 2936 2962
f 2936 2856 2962
f 2897 2885 2965
f 2866 2888 2896
f 2898 2966 2967
f 2894 2968 2893
f 2967 2969 2889
f 2963 2917 2970
f 1600 2942 1599
f 2971 2969 2972
f 2971 2972 2885
f 2887 2971 2886
f 2974 2906 2965
f 2974 2975 2905
f 2916 2964 2905
f 2966 2974 2967
f 2969 2974 2972
f 2966 2973 2975
f 2858 2978 2979
f 2896 2891 2979
f 2980 2858 2979
f 1596 2968 1595
f 2891 2980 2979
f 2968 2892 2893
f 2982 2918 2962
f 2982 2895 2978
f 2862 2978 2861
f 2862 2981 2982
f 444 1844 3005
f 3006 1846 3010
f 1586 2857 1590
f 3014 3012 3015
f 3015 2987 2988
f 2857 2986 2860
f 3012 3019 3017
f 3017 3016 3015
f 3021 1852 3022
f 3023 3019 3020
f 3021 1846 1849
f 3028 1850 2853
f 445 3029 2852
f 3029 451 3019
f 1852 3027 3022
f 3001 3037 3014
f 2988 3001 3014
f 2997 3042 3037
f 3013 3037 3041
f 3040 3042 3039
f 3042 2997 3043
f 3038 3042 3043
f 1580 3009 3034
f 3045 2986 3011
f 3044 3048 3008
f 3046 3047 2995
f 1587 3011 1586
f 1577 3044 1580
f 1581 3046 1587
f 1578 3036 3047
f 1582 3048 1577
f 1584 3045 2992
f 1827 3038 3043
f 1826 3002 1825
f 1827 2997 2998
f 3066 3064 3067
f 3068 3069 2851
f 3085 3082 3068
f 3163 3172 3162
f 3187 3196 3199
f 1679 3245 3246
f 3256 3255 3253
f 3253 3261 3260
f 3262 3259 3260
f 3271 3257 3258
f 3272 3255 3256
f 3275 3268 3269
f 3322 3320 3319
f 3405 3401 3406
f 3397 3411 3396
f 3406 3396 3411
f 3421 3409 3422
f 3405 3423 3410
f 3423 3421 3422
f 3405 3421 3424
f 3410 3422 3409
f 3614 3612 3611
f 3618 3616 3619
f 3246 3245 3616
f 3622 3617 3615
f 3611 3624 3623
f 3623 3624 3625
f 3621 3622 3620
f 1664 1665 3625
f 3301 1655 1660
f 3622 1668 1657
f 1657 3620 3622
f 3623 1667 1668
f 3695 3723 3694
f 3688 3736 3687
f 3739 3682 3683
f 3735 3738 3740
f 3319 3738 3739
f 3740 3320 3382
f 3748 3318 3319
f 3689 3737 3688
f 3723 3689 3694
f 3751 3318 3749
f 3750 3749 3723
f 3698 3323 3751
f 3754 3759 3757
f 3762 3760 3763
f 3766 3765 3761
f 3770 3766 3771
f 3779 3777 3776
f 3776 1679 3246
f 3779 3758 3778
f 3779 3753 3757
f 3254 3266 3783
f 3791 3258 3765
f 3793 3766 3767
f 3791 3794 3792
f 3264 3761 3259
f 3764 3797 3798
f 3797 3799 3796
f 3760 3796 3799
f 3763 3801 3802
f 3795 3791 3770
f 3808 3771 3807
f 3826 3824 3827
f 3830 3828 3831
f 3833 3828 3829
f 3834 3825 3832
f 3831 1601 3835
f 3916 3914 3917
f 3920 3919 3918
f 3914 3922 3919
f 3930 3927 3925
f 3933 3921 3922
f 3928 3933 3927
f 3931 3934 3930
f 3917 3938 3936
f 3937 3942 3941
f 3941 3944 3945
f 3937 3943 3936
f 3950 3947 3945
f 3953 3949 3950
f 4038 4041 4040
f 4043 4039 4044
f 4046 4040 4041
f 1593 4043 4044
f 4063 4061 4064
f 4068 4066 4065
f 4077 4075 4078
f 4082 4080 4079
f 4088 4086 4085
f 4095 4091 4094
f 4100 4066 4098
f 4018 4101 4017
f 4102 4101 4103
f 4100 4070 4065
f 4082 4083 4104
f 4106 4105 3973
f 4106 3974 4107
f 4105 4081 4104
f 4111 4102 4103
f 4114 4108 4113
f 4117 4109 4105
f 4120 4118 4121
f 4095 4096 4122
f 4121 4090 4122
f 4123 4091 4120
f 4123 4097 4094
f 4096 4123 4122
f 3983 4123 3991
f 4124 4084 4079
f 4124 4080 4117
f 4083 4124 4104
f 3972 4124 3981
f 3979 4113 4107
f 3987 4135 4141
f 4143 4142 4135
f 4129 4145 4144
f 4147 4121 3984
f 4147 3985 4141
f 4150 4089 4148
f 4032 4151 4031
f 4145 4151 4144
f 4150 4087 4088
f 4153 4147 4142
f 4152 4153 4138
f 4120 4147 4152
f 3992 4120 4152
f 4133 4154 4132
f 4156 4155 2950
f 4143 4153 4142
f 4140 4156 4139
f 4139 2955 2879
f 4144 4154 4146
f 4042 4043 2950
f 4036 4133 4131
f 4154 4158 4130
f 4145 4130 4159
f 1591 4060 1594
f 4038 4145 4159
f 4159 4158 4162
f 4086 4164 4161
f 4035 4159 4162
f 4148 4162 4151
f 4150 4086 4087
f 4149 4163 4148
f 4151 4158 4144
f 4033 4034 4164
f 4166 4106 4108
f 4165 4166 4126
f 4023 4100 4019
f 4117 4106 4165
f 3982 4117 4165
f 4102 4125 4168
f 4170 4146 4143
f 4114 4166 4108
f 4103 4169 4112
f 4129 4169 4128
f 4134 4170 4137
f 4137 4143 4136
f 4169 4171 4125
f 4168 4173 4026
f 4173 4029 4026
f 4174 4067 4167
f 4098 4173 4101
f 4103 4173 4171
f 4098 4172 4174
f 4068 4069 4167
f 4069 4100 4167
f 4176 4112 4114
f 4180 4179 4177
f 4178 4181 4182
f 4185 4184 4183
f 4185 4186 4050
f 4188 4184 4187
f 4115 4191 4176
f 4182 4190 4191
f 4111 4175 4192
f 4192 4188 4189
f 4188 4176 4190
f 4196 4194 4193
f 4201 4200 4198
f 4200 4194 4195
f 4199 3994 4198
f 4198 3977 4177
f 4202 4198 4177
f 4203 4179 4200
f 4179 4204 4199
f 4197 4208 4207
f 4209 3960 4210
f 4208 4209 4207
f 4210 3960 3959
f 4208 3919 3921
f 3918 3919 4205
f 3915 4207 3922
f 4210 3933 4209
f 4207 3933 3922
f 4211 4005 4011
f 4011 4212 4211
f 4212 4213 4214
f 4217 4215 4214
f 4216 4220 4218
f 4221 4195 4218
f 4215 4195 4196
f 4226 4051 4224
f 4218 4225 4228
f 4226 4227 4228
f 4183 4228 4227
f 4228 4188 4221
f 4187 4225 4223
f 4187 4051 4225
f 3942 4217 4213
f 4211 3941 3945
f 3936 4215 3916
f 4212 3936 3943
f 4217 3938 3939
f 4232 4230 4229
f 4233 4077 4240
f 4237 3935 3931
f 4242 3925 3926
f 4244 4243 4230
f 4204 3993 3994
f 4240 4078 4244
f 4076 4233 4245
f 3978 4180 3977
f 4246 4245 4231
f 4246 4204 4180
f 4075 4244 4078
f 3968 4245 3967
f 4246 4229 4243
f 3935 4247 3934
f 4241 4237 4248
f 4210 4248 4239
f 4247 3930 3934
f 3929 4248 3959
f 4210 3926 3927
f 4254 4253 4255
f 4256 4061 4252
f 3949 4261 4260
f 3947 4262 3946
f 4254 4053 4263
f 4053 4224 4051
f 4063 4256 4263
f 4062 4251 4252
f 4186 4054 4050
f 4266 4250 4265
f 4264 4186 4224
f 4063 4265 4062
f 4264 4253 4266
f 4013 4263 4016
f 3953 4261 3952
f 4267 4259 4260
f 4258 4268 4005
f 3953 4268 4267
f 3945 4262 4211
f 4005 3950 3951
f 4044 1599 1592
f 4037 4280 4042
f 4269 1599 4279
f 4280 4269 4281
f 4272 4280 4277
f 4046 4284 4283
f 4283 4284 4286
f 4281 4287 4274
f 4273 4287 4288
f 4288 4282 4286
f 4288 4039 4040
f 4284 4041 4286
f 4044 4287 4279
f 4040 4285 4288
f 4280 4274 4038
f 4275 4041 4035
f 4318 4317 4316
f 4323 4321 4320
f 4327 4325 4321
f 4326 4328 4325
f 4332 4331 4330
f 4331 4335 4333
f 4339 4338 4335
f 4343 4342 4341
f 4344 4342 3899
f 4329 4343 4341
f 4313 4352 4312
f 4330 4353 3909
f 3940 4344 4314
f 3923 4352 3914
f 3914 4344 3917
f 4354 4324 4355
f 4362 4340 4363
f 4365 3904 4364
f 3904 4367 4364
f 4370 4369 4368
f 4370 4372 4371
f 3890 4370 4368
f 4376 4375 4374
f 4377 4366 4378
f 4378 4379 4374
f 4384 4382 4375
f 4362 4382 4385
f 4369 4371 4386
f 4390 4388 4387
f 4386 4371 4392
f 4354 4394 4395
f 4391 4396 4397
f 4355 4319 4394
f 4321 4390 4320
f 4379 4337 4333
f 4338 4362 4385
f 4332 4365 4377
f 4366 4353 4330
f 4348 3903 4365
f 4331 4366 4330
f 4340 4374 4375
f 4381 4335 4336
f 4331 4380 4378
f 4367 4353 4364
f 4368 4344 4373
f 4329 4326 4393
f 4327 4387 4393
f 4341 4368 4369
f 4388 4328 4386
f 4388 4321 4325
f 4392 4372 3899
f 4395 4391 4322
f 4399 4397 4396
f 4422 4420 4419
f 3865 4423 4424
f 4424 4427 4426
f 4426 4428 1566
f 4419 4367 4428
f 4421 3877 3878
f 1550 1548 3882
f 3882 4426 1550
f 4373 3896 3890
f 4428 3905 3900
f 3902 4428 3901
f 1566 3902 1555
f 4419 4420 3881
f 3867 3886 3872
f 3910 3883 3884
f 3889 3885 4424
f 3866 4422 3865
f 4408 3862 3847
f 1538 4418 4384
f 4410 1517 4441
f 4421 4318 4450
f 4451 4450 4452
f 4456 4454 4453
f 4452 4318 4296
f 4457 4459 4460
f 4456 4461 4455
f 4462 4463 4399
f 4467 4466 4316
f 4466 4467 4468
f 4470 4461 4462
f 4315 4469 4299
f 4454 4468 4452
f 4470 4458 4453
f 4467 4421 4451
f 4454 4461 4469
f 4297 4470 4453
f 4460 4400 4405
f 3850 4473 4401
f 4407 4457 4406
f 4474 4475 4457
f 4477 4478 4481
f 4656 4309 4653
f 4657 4302 4301
f 4728 4726 4725
f 3854 3887 4727
f 4827 4825 4828
f 4836 4835 4833
f 4854 1595 4853
f 4855 4857 4856
f 4857 4858 4856
f 4860 4859 4831
f 3831 4857 4853
f 3831 1595 1600
f 3832 4857 3828
f 3832 4831 4859
f 4860 3824 3834
f 3830 4854 4855
f 4907 4905 4829
f 4909 4906 4910
f 4912 4909 4910
f 4913 1590 4911
f 4922 4921 4923
f 4918 4921 4917
f 4919 4832 4924
f 4923 1597 4914
f 4923 4909 4911
f 4923 1590 1596
f 4924 4909 4921
f 4924 4829 4905
f 4907 4925 4919
f 4922 4913 4912
f 4955 4985 4988
f 4970 4958 4972
f 4951 4974 4950
f 4956 4973 4951
f 4950 4977 4955
f 4991 4989 4992
f 4994 4990 4991
f 4997 4993 4994
f 4944 4996 4989
f 5186 5219 5220
f 5182 5222 5181
f 5221 5186 5220
f 5219 5181 5222
f 4825 5591 4828
f 5596 5594 5593
f 5677 820 5678
f 5678 810 5684
f 5688 5697 819
f 5765 5764 5762
f 5768 5682 5759
f 5626 5769 5768
f 5665 5765 5766
f 5784 5781 5786
f 5786 5725 5770
f 5624 5784 5783
f 5622 5781 5784
f 5619 5780 5781
f 5615 5783 5780
f 5626 5768 5782
f 5625 5785 5629
f 5762 5763 5629
f 5641 5766 5793
f 5670 5794 5792
f 5795 5794 5793
f 5795 836 5790
f 5642 5796 5794
f 5797 814 5795
f 5633 5802 5769
f 5802 5681 5768
f 5637 5763 5803
f 5634 5803 5802
f 5803 5798 5802
f 5804 5799 5803
f 5764 5805 5804
f 5796 5804 5805
f 5640 5793 5805
f 5663 5805 5765
f 5818 843 5817
f 5668 5819 5820
f 5819 5671 5818
f 5830 840 5818
f 5671 5830 5818
f 5597 5656 5832
f 5595 5832 5834
f 5834 5658 5659
f 5673 5835 5719
f 5831 5719 5835
f 4828 5835 4827
f 5674 4827 5835
f 5933 5931 5930
f 5957 5849 5955
f 5940 5967 5966
f 5967 5595 5591
f 5965 5595 5968
f 5592 5967 5591
f 5589 5930 5971
f 5585 5973 5839
f 5977 5846 5847
f 5841 5973 5974
f 5934 5977 5979
f 5934 5971 5930
f 5571 5933 5590
f 6094 4836 4837
f 6101 6106 6099
f 6103 4833 4834
f 6099 6107 6094
f 6111 6110 4908
f 4829 6111 4908
f 6115 3824 4861
f 6110 4925 4908
f 6114 4925 6116
f 4861 6113 6115
f 3826 6115 6113
f 6114 6110 6111
f 269 270 5668
f 517 265 266
f 6349 481 459
f 6347 456 6346
f 452 6342 453
f 489 6350 460
f 6351 489 481
f 6342 456 453
f 6349 457 6347
f 6350 452 460
f 6372 447 444
f 6368 446 445
f 6369 451 446
f 6391 6389 6392
f 6410 6391 6409
f 6412 6389 6411
f 6392 6409 6391
f 6410 6389 6390
f 6424 6420 6423
f 6416 6432 6415
f 271 272 6448
f 6521 6546 6545
f 6549 6547 6516
f 6426 6539 6548
f 6549 6550 6548
f 6545 6447 6448
f 6547 283 6516
f 6122 6550 276
f 284 6547 6539
f 281 6549 6544
f 278 6550 6549
f 6545 274 275
f 6553 6551 6554
f 6542 6561 6543
f 6563 6558 6564
f 6567 6565 6568
f 6575 6573 6576
f 6554 6515 6503
f 6551 6514 6515
f 6553 6503 6504
f 6564 6523 6522
f 6557 6526 6527
f 6567 6537 6536
f 6568 6532 6533
f 6536 6528 6566
f 6454 6455 6574
f 6434 6496 6562
f 6562 6489 6490
f 6501 6575 6488
f 6462 6611 6453
f 6615 6444 6616
f 6631 6630 6629
f 6631 6634 6632
f 6638 6636 6629
f 6633 6641 6639
f 6634 6641 6633
f 6654 6653 6651
f 6656 6655 6644
f 6654 6657 6653
f 6657 6660 6658
f 6650 6658 6659
f 6660 6661 6659
f 6657 39 6660
f 6656 29 6655
f 6662 43 44
f 37 6657 6654
f 39 6661 6660
f 6668 6667 6666
f 6664 6670 6669
f 6671 6670 6648
f 6669 6670 6671
f 6664 6668 6674
f 6646 6663 6674
f 6672 6673 6677
f 6671 6677 6640
f 6678 6674 6629
f 6678 6676 6675
f 6631 6669 6634
f 6674 6666 6631
f 6669 6641 6634
f 6682 6681 6679
f 6689 6681 6682
f 6692 6691 6690
f 6695 6693 6690
f 6683 6691 6692
f 6725 6681 6735
f 6714 6690 6693
f 6705 6711 6737
f 6689 6738 6739
f 6739 6738 6711
f 6738 6736 6737
f 6692 6736 6738
f 6739 6740 6735
f 6739 6681 6689
f 6735 6740 6707
f 53 50 47
f 60 58 57
f 64 63 59
f 67 64 65
f 66 70 69
f 74 71 75
f 80 77 76
f 83 82 84
f 89 86 84
f 71 91 90
f 65 61 92
f 83 85 93
f 877 875 874
f 881 879 875
f 844 877 878
f 883 885 850
f 874 885 883
f 861 885 886
f 884 888 882
f 891 870 890
f 882 894 893
f 895 890 896
f 897 881 893
f 901 899 898
f 903 872 852
f 854 902 898
f 871 903 896
f 1695 1693 1692
f 1700 1698 1697
f 1694 1705 1701
f 1713 1710 1707
f 1717 1715 1714
f 1716 1720 56
f 1722 57 1723
f 58 1724 1723
f 1766 1768 1765
f 1768 88 1765
f 1706 1731 1705
f 1767 1771 1770
f 1769 1773 87
f 1776 1775 1774
f 1770 1774 1779
f 1781 1769 1779
f 1784 85 1773
f 93 1783 1786
f 1831 1830 1828
f 1706 1828 1731
f 1829 1731 1828
f 1729 1829 1830
f 1835 1834 1728
f 1836 1743 1833
f 1797 1839 1741
f 6162 869 891
f 6163 884 845
f 6164 6165 889
f 6583 41 36
f 6652 6658 6665
f 6635 6632 6696
f 6712 6711 6702
f 102 100 97
f 106 104 98
f 106 109 108
f 114 113 111
f 115 116 117
f 123 109 122
f 126 104 105
f 125 96 97
f 129 124 128
f 119 130 122
f 135 133 132
f 139 137 135
f 144 141 134
f 150 147 146
f 145 133 153
f 143 154 156
f 138 154 137
f 162 160 159
f 166 163 164
f 288 286 285
f 162 163 290
f 293 289 285
f 297 292 293
f 161 291 297
f 647 169 648
f 662 658 663
f 661 662 665
f 719 717 716
f 908 647 648
f 914 912 911
f 919 917 916
f 922 911 920
f 925 924 918
f 929 926 925
f 932 924 926
f 928 933 927
f 937 935 938
f 942 940 930
f 946 944 943
f 952 946 948
f 956 949 957
f 950 947 958
f 962 961 960
f 964 961 962
f 968 960 965
f 941 955 940
f 928 965 963
f 949 959 970
f 972 938 956
f 969 976 975
f 1027 1062 1026
f 1026 1062 1056
f 1045 1070 1071
f 1070 1027 1071
f 1072 1044 1073
f 1072 1058 1059
f 1025 1080 1081
f 1082 1085 1086
f 1186 1184 1183
f 1189 1184 1190
f 1358 1356 1359
f 1353 1362 1361
f 1362 1366 1364
f 1364 1117 1118
f 1384 1123 1385
f 1385 1124 1380
f 1387 716 1384
f 1135 1402 1134
f 1410 1125 1126
f 1134 1417 1137
f 1420 1359 1395
f 1422 1357 1423
f 1425 1422 1423
f 1426 1421 1425
f 1428 1427 1129
f 1432 1430 1428
f 1427 1127 1128
f 1409 1433 1434
f 1416 1435 1436
f 1431 1435 1430
f 1438 1333 1439
f 1336 1438 1431
f 1436 1440 1345
f 1439 1442 1436
f 164 1504 1503
f 1507 1505 1503
f 1510 1508 1507
f 1511 1504 159
f 1515 1513 1516
f 1513 1509 1510
f 112 107 1551
f 396 405 111
f 1567 102 1568
f 1568 103 1569
f 1570 103 128
f 120 1570 130
f 1638 1636 1639
f 1642 1639 1640
f 1644 1646 1643
f 1647 1644 517
f 921 1651 1649
f 1653 915 922
f 1651 917 1654
f 1690 1688 1691
f 2085 1025 1081
f 2088 1082 1086
f 2252 2087 2085
f 2255 2253 2256
f 2267 2265 2268
f 2277 2275 2278
f 2146 2086 2088
f 2296 2298 2299
f 2285 2298 2284
f 2277 2296 2285
f 2267 2298 2297
f 2307 2143 2144
f 2322 2278 2307
f 2323 2322 2302
f 2849 2323 2303
f 2268 2851 2850
f 2898 2896 2895
f 2905 2903 2901
f 2909 2906 2907
f 2908 2873 2881
f 2899 2900 512
f 513 2911 2902
f 516 2912 2872
f 2994 2992 2995
f 2998 2996 2993
f 3000 2994 2995
f 2992 3001 2990
f 420 436 2998
f 2909 2987 3016
f 3017 2866 2909
f 439 2869 2863
f 439 3018 451
f 3067 2848 2849
f 3066 3069 3071
f 2850 3069 3070
f 3078 3076 3079
f 3081 3065 3066
f 3082 3084 3081
f 3087 3068 3067
f 3056 3087 3055
f 3087 3085 3086
f 3084 3078 3081
f 3081 3079 3080
f 3084 3076 3077
f 3268 3254 3255
f 3277 3269 3274
f 3282 3280 3279
f 3326 3324 3327
f 3328 3327 3321
f 3330 1417 1418
f 3335 982 3333
f 3341 3340 3337
f 3348 3346 3345
f 3330 3338 3329
f 3360 3358 3361
f 3361 3358 3356
f 3348 3336 3365
f 3366 3333 3367
f 3336 3366 3368
f 3347 3369 3370
f 3342 3373 3372
f 3343 3375 3373
f 3362 3372 3376
f 3375 3346 3379
f 3321 3324 3363
f 3380 3382 3377
f 3387 3384 3383
f 3383 3390 3389
f 3390 3397 3396
f 3403 3401 3399
f 3401 3398 3396
f 3409 3407 3410
f 3412 3413 3411
f 3413 3415 3419
f 3419 3416 3420
f 3417 3420 3407
f 3427 3425 3428
f 3425 3399 3428
f 3387 3440 3450
f 3450 3500 3499
f 3475 3503 3443
f 3639 3613 3640
f 3639 3305 3625
f 3647 3645 3648
f 3645 3649 3298
f 3650 3636 3652
f 3649 3652 3653
f 3653 3298 3649
f 3631 3696 3630
f 3696 3699 3698
f 3699 3700 3322
f 3697 3627 3701
f 3702 3328 3700
f 3627 3702 3701
f 3726 3276 3277
f 3729 3725 3717
f 3732 3691 3731
f 3731 3276 3725
f 3707 3652 3735
f 3681 3652 3636
f 3722 3730 3721
f 3732 3695 3690
f 3722 3732 3728
f 1652 3750 3724
f 3698 1648 1649
f 3707 3297 3653
f 3717 3286 3287
f 3278 3726 3277
f 3838 3837 285
f 287 3840 286
f 3843 361 349
f 3851 3847 3845
f 3856 3853 3852
f 3843 3858 3857
f 3862 3860 3859
f 3865 3863 3866
f 3869 3864 3865
f 3867 3871 3870
f 3855 3869 3870
f 3874 3869 3857
f 3844 330 3876
f 3910 1567 1568
f 3913 3911 3910
f 3888 3911 3912
f 3888 3912 3859
f 3846 3913 1569
f 371 3842 3845
f 3956 3954 475
f 3959 3957 3958
f 3961 3956 3959
f 3962 3964 3963
f 3968 3966 3969
f 3966 3971 473
f 3978 3974 3973
f 3980 3974 3975
f 3981 3971 3972
f 3983 471 3970
f 3986 3988 3987
f 470 3991 3990
f 3988 3991 3992
f 3968 3955 3961
f 3997 3976 3977
f 4000 3999 3986
f 462 4003 461
f 4007 4004 4005
f 3942 4009 4008
f 4006 4009 4010
f 463 4015 4013
f 4014 4019 4018
f 4024 4019 4020
f 4026 4022 4017
f 464 4027 4024
f 4032 4031 4026
f 4028 4033 4027
f 466 4034 4028
f 4031 4037 4036
f 4051 4049 4048
f 4051 4048 4006
f 4021 4050 4054
f 4025 4030 4058
f 3833 4274 4273
f 4270 4276 4274
f 4276 4277 4038
f 4278 4275 466
f 4272 4276 4271
f 331 4289 3876
f 3874 4289 4291
f 4291 4290 4292
f 4297 4295 4294
f 4300 4298 4301
f 4303 4300 4302
f 4292 4298 4299
f 4307 4305 4290
f 4295 4304 3864
f 4311 4310 4309
f 4304 4302 4310
f 4308 3880 3879
f 4326 4329 3898
f 401 4347 4345
f 4349 4348 4332
f 4351 398 4349
f 3929 4336 4332
f 3957 4350 3958
f 475 4351 3957
f 3944 3942 4329
f 4347 4007 4345
f 4003 400 461
f 1560 3906 3907
f 398 1560 4349
f 4306 4346 3892
f 383 385 4346
f 4311 3893 3894
f 4643 3819 4644
f 4660 4658 4661
f 4664 4662 4665
f 3838 4667 4666
f 3839 3840 4669
f 3836 4670 4671
f 4674 4672 4675
f 4665 4674 4670
f 4731 4687 4688
f 4725 4730 4731
f 4725 4732 4685
f 4718 3861 3862
f 4733 3854 4728
f 4722 3853 4733
f 4734 4673 4662
f 4723 4735 4736
f 1509 1514 4737
f 4719 4738 4739
f 4730 4726 4737
f 4719 4739 4727
f 4734 4735 4722
f 4728 4729 4682
f 4823 4821 4824
f 3818 3819 4849
f 4864 3834 4278
f 4856 4270 3829
f 4918 4856 4858
f 4917 4915 4916
f 4920 4919 4860
f 4927 1582 1583
f 4931 4910 4906
f 4926 4928 4929
f 5086 5084 5087
f 5094 4823 5093
f 5171 5095 5096
f 5173 5171 5096
f 5182 907 908
f 5187 5185 5184
f 5190 5189 5183
f 5037 5191 5192
f 5195 5185 5194
f 5035 5195 5196
f 4824 5221 5220
f 5222 5171 5172
f 5225 5223 5226
f 5223 5227 5226
f 5229 5225 5230
f 5227 5229 5230
f 5223 5229 5228
f 5627 5680 5679
f 5682 5680 5683
f 5682 5684 811
f 5689 5687 5686
f 5616 5693 5691
f 5695 5087 5694
f 5698 5688 5696
f 5698 5700 809
f 5702 5699 5701
f 5701 5690 5703
f 5714 838 5713
f 5716 5714 5715
f 842 5716 5721
f 5732 5731 800
f 5734 5732 5727
f 5733 5737 5735
f 5740 5739 823
f 5743 5740 5736
f 835 5745 5742
f 5748 5746 5734
f 5747 5743 5744
f 5669 5792 5791
f 5790 837 5714
f 5635 5681 5798
f 5685 812 5801
f 5814 5812 5811
f 5812 5816 831
f 5720 842 5830
f 5831 5669 5718
f 5659 5831 5834
f 5036 6065 6066
f 5038 6067 5999
f 477 4920 4864
f 415 4931 4920
f 417 4926 4932
f 4926 419 3000
f 6121 834 5742
f 5815 5811 832
f 6147 6145 966
f 976 970 6148
f 142 1429 6151
f 653 1432 1429
f 919 6158 925
f 912 931 6158
f 6156 919 920
f 6146 6160 6145
f 141 6151 140
f 6148 136 131
f 143 653 6153
f 246 398 399
f 225 400 401
f 266 518 517
f 256 475 474
f 253 473 472
f 470 268 251
f 263 6204 477
f 476 249 262
f 416 6204 6208
f 6204 6209 6208
f 418 6206 6210
f 259 514 513
f 515 265 516
f 439 6366 6365
f 441 6363 259
f 6375 436 420
f 461 257 258
f 258 254 464
f 248 466 465
f 244 405 396
f 210 385 383
f 214 384 331
f 349 196 173
f 174 330 352
f 371 121 199
f 148 6160 6146
f 6407 6405 6408
f 6412 6408 6409
f 6415 6413 6416
f 6417 6414 6418
f 6406 6418 6405
f 6427 6425 6424
f 6432 6431 6429
f 6437 6433 6436
f 6435 6423 6438
f 6441 6431 6440
f 6439 6425 6442
f 6448 6447 6444
f 6456 6453 6452
f 6451 6445 6457
f 6462 6459 6458
f 6458 6443 6464
f 6453 6461 6462
f 6477 6476 6475
f 6477 6480 6478
f 6482 6466 6483
f 6484 6474 6485
f 6479 6487 6485
f 6491 6482 6475
f 6480 6487 6479
f 32 6580 31
f 6586 45 6582
f 6583 6590 6589
f 6587 6583 6591
f 6589 6590 6593
f 6588 6592 6591
f 6594 6590 6580
f 6589 6477 6588
f 6465 6484 6593
f 6475 6483 6467
f 6477 6592 6588
f 6589 6487 6480
f 6646 6644 6643
f 6649 6647 6650
f 6642 6694 6695
f 6684 6637 6638
f 6704 6702 6701
f 6709 6707 6706
f 6706 6703 6722
f 137 144 135
f 1643 1646 1630
f 6214 6212 6211
f 6299 6297 6300
f 6359 6362 6361
f 171 169 167
f 301 299 302
f 305 303 300
f 308 306 309
f 312 311 308
f 649 172 650
f 651 168 647
f 648 170 652
f 652 171 649
f 650 167 651
f 906 649 650
f 909 648 652
f 907 651 647
f 910 650 651
f 905 652 649
f 1573 1571 1574
f 1576 1573 1574
f 1574 3811 307
f 310 1574 308
f 4651 4649 4650
f 4812 4809 4808
f 4812 4814 4815
f 300 4818 299
f 303 4819 300
f 4865 4648 4651
f 4873 4871 4869
f 4871 4876 4875
f 4808 4881 4876
f 4879 4808 4876
f 4877 4872 4882
f 4900 4898 4901
f 4904 4903 4900
f 4901 4936 4939
f 4940 4901 4939
f 4939 4937 4965
f 4963 4939 4965
f 5080 5078 5081
f 5083 5080 5081
f 5081 5101 5102
f 5103 5081 5102
f 5102 5104 5106
f 5105 5102 5106
f 5106 4899 4900
f 4902 5106 4900
f 5110 4851 4852
f 5116 5113 5111
f 5120 5118 5114
f 5110 4852 5122
f 5113 5118 5112
f 5126 5125 5123
f 5131 5127 5128
f 4842 5134 5122
f 5135 5133 5134
f 5121 5133 5135
f 5131 5138 5137
f 5139 5120 5136
f 5119 5132 5129
f 5139 5138 5119
f 5142 5112 5118
f 5143 5117 5144
f 5155 4842 4838
f 5153 4838 4865
f 5157 5115 5158
f 4849 4850 5110
f 5158 5116 5143
f 5108 5134 5155
f 5148 5144 5111
f 5058 5059 5129
f 5071 5123 5077
f 5070 5129 5128
f 5073 5140 5119
f 5077 5124 5030
f 5069 5162 5161
f 5068 5163 5108
f 5072 5100 5164
f 5167 5164 5130
f 5136 5163 5168
f 5131 5137 5167
f 5168 5139 5136
f 5169 5167 5137
f 5052 5174 5066
f 5160 5178 5176
f 5168 5179 5169
f 5179 5174 5175
f 5064 5180 5179
f 5066 5180 5065
f 5055 5176 5056
f 5056 5177 5057
f 5166 5175 5164
f 5046 5175 5052
f 5196 5198 5197
f 5200 5186 5182
f 5199 5194 5200
f 5039 5201 5191
f 5188 5189 910
f 5190 5203 5189
f 5204 5161 5162
f 5205 4875 4876
f 5204 5177 5178
f 5045 5044 5204
f 5057 5204 5063
f 5045 5202 5039
f 5214 5198 5199
f 5202 5215 5201
f 5198 5214 5216
f 4809 5197 5202
f 5218 905 906
f 5215 5217 5218
f 5203 906 910
f 5201 5218 5203
f 5217 909 905
f 5214 5200 5217
f 5231 5005 5006
f 5232 5233 5231
f 5233 5235 5165
f 5302 5301 5299
f 5306 5300 5301
f 5308 5307 5024
f 5309 5024 5307
f 5303 5308 5302
f 5025 5305 5306
f 5305 5028 5310
f 5318 5297 5319
f 5317 5315 5318
f 5319 5298 5320
f 5314 5319 5320
f 5320 5079 5080
f 5082 5320 5080
f 5321 5032 5309
f 5304 5310 5125
f 5029 5124 5310
f 5322 5125 5126
f 5235 5322 5127
f 5008 5323 5007
f 5007 5235 5234
f 5012 5322 5008
f 5326 5238 5327
f 5329 5326 5327
f 5330 5282 5331
f 5334 5333 5330
f 5269 5336 5335
f 5339 5335 5340
f 5336 5341 5342
f 5344 5340 5343
f 5350 5349 5346
f 5339 5352 5259
f 5355 5354 5352
f 5357 5346 5348
f 5017 5358 5016
f 5351 5359 5350
f 5348 5360 5356
f 5360 5018 5356
f 5362 5361 5355
f 5353 5361 5363
f 5020 5362 5357
f 5378 5296 5318
f 5316 5378 5318
f 5379 5288 5286
f 5373 5375 5379
f 5286 5292 5378
f 5380 5370 5371
f 5381 5294 5379
f 5377 5381 5379
f 5341 5337 5274
f 5365 5358 5351
f 5387 5261 5388
f 5386 5387 5388
f 5264 5387 5389
f 5389 5383 5384
f 5388 5262 5258
f 5353 5382 5388
f 5302 5350 5301
f 5024 5360 5308
f 5301 5359 5306
f 5308 5349 5302
f 5017 5306 5359
f 5331 5247 5533
f 5433 5331 5533
f 5533 5248 5531
f 5536 5433 5533
f 5531 5254 5537
f 5537 5245 5538
f 5534 5540 5538
f 5403 5536 5541
f 5541 5539 5542
f 5401 5541 5543
f 5542 5539 5246
f 5400 5543 5542
f 5549 5001 5535
f 5001 5546 5433
f 5544 5244 5326
f 5328 5544 5326
f 5559 5277 5330
f 5332 5559 5330
f 5566 5279 5567
f 5562 5566 5567
f 5327 5239 5568
f 5561 5327 5568
f 5567 5275 5276
f 5556 5567 5559
f 4819 5573 4818
f 4820 5575 5574
f 5574 5577 5576
f 5575 5580 5578
f 5609 5608 5606
f 5605 5609 5610
f 5614 5264 5389
f 5384 5614 5389
f 5610 5612 5614
f 5604 5610 5614
f 5645 5644 5643
f 5648 5647 5646
f 5653 5650 5649
f 5657 5597 5593
f 5645 5676 5675
f 5649 5676 5643
f 5648 5711 5649
f 5646 5808 5648
f 5600 5644 5645
f 5602 5608 5609
f 5654 5600 5601
f 5874 5872 5875
f 5886 5863 5862
f 5880 5885 5886
f 5653 5654 5874
f 5873 5654 5601
f 5887 5863 5885
f 5877 5887 5885
f 5652 5874 5875
f 5894 5892 5895
f 5902 5900 5896
f 5904 5900 5903
f 5889 5906 5901
f 5890 5875 5906
f 5906 5872 5907
f 5578 5869 5577
f 5579 5910 5909
f 5909 5865 5868
f 5910 5914 5912
f 5860 5912 5886
f 5912 5880 5886
f 5892 5889 5902
f 5902 5896 5895
f 5929 5848 5928
f 5928 5888 5892
f 5854 5929 5894
f 302 5936 301
f 301 5932 5933
f 5933 304 305
f 5568 5991 5993
f 5992 5568 5993
f 5993 5864 5887
f 5878 5993 5887
f 5025 5994 5031
f 5997 5024 5032
f 5999 5039 5038
f 5029 5028 5994
f 5068 6003 6002
f 6006 6004 6007
f 6001 6008 6006
f 6009 4869 6010
f 4870 6004 6011
f 6000 5030 5029
f 6016 5056 6015
f 6030 5007 5006
f 6038 6036 6039
f 5071 6038 6039
f 6052 6053 5060
f 6055 5076 5073
f 6048 5060 5059
f 5058 6045 6048
f 5050 6040 6044
f 5072 6022 6029
f 5048 6019 6040
f 5070 6027 6028
f 6025 5052 5066
f 6021 5046 5052
f 5997 5012 6060
f 6033 6038 5077
f 6030 5005 5072
f 6032 5008 5007
f 5012 6062 6060
f 5064 6016 6024
f 6025 5065 6024
f 6063 6017 5044
f 6017 5056 5057
f 6063 5039 5998
f 5035 4817 6068
f 6084 5025 5017
f 5002 6087 6093
f 5017 6082 6084
f 6079 6082 5016
f 6075 5019 6083
f 5996 5018 5024
f 6073 6087 5001
f 6131 5284 5566
f 5565 6131 5566
f 6132 6127 6131
f 6125 6132 6131
f 309 6135 6142
f 6138 309 6142
f 6143 6137 6144
f 6140 6143 6144
f 6142 6136 6143
f 6141 6142 6143
f 6144 6129 6132
f 6126 6144 6132
f 176 175 173
f 176 177 180
f 183 182 181
f 187 185 184
f 187 189 186
f 193 190 186
f 179 182 183
f 198 196 195
f 198 201 200
f 201 202 203
f 206 205 204
f 209 208 207
f 198 121 205
f 214 213 212
f 175 180 188
f 192 217 216
f 220 218 192
f 221 216 217
f 190 216 221
f 223 219 220
f 212 224 211
f 226 210 222
f 230 229 223
f 179 197 200
f 236 235 234
f 209 236 232
f 239 238 237
f 244 242 240
f 206 118 238
f 240 241 245
f 242 247 246
f 245 242 229
f 252 250 248
f 258 256 255
f 227 228 256
f 249 260 259
f 268 267 264
f 1463 1450 1461
f 1460 1465 1464
f 1459 679 1462
f 1464 1456 1458
f 1461 1479 1480
f 1477 1480 1479
f 1474 1460 1480
f 4883 4882 4873
f 4816 4883 4815
f 5015 5365 5366
f 5546 5003 5013
f 5545 5014 5547
f 5547 5015 5366
f 5022 5548 5021
f 5548 5550 5020
f 6015 6013 6012
f 6017 6014 6015
f 6022 6020 6018
f 6021 6024 6016
f 6014 6017 4874
f 6029 6023 6027
f 6018 6028 6023
f 5996 6060 6033
f 6062 6036 6061
f 6032 6039 6062
f 6061 6060 6062
f 4883 6063 6064
f 4873 6026 6063
f 5998 6064 6063
f 4883 6069 4817
f 6065 6069 6071
f 6071 6070 6072
f 6072 6064 5998
f 6073 5021 6074
f 5021 6075 6074
f 5003 6077 6076
f 5013 6078 5014
f 6078 5026 5015
f 6082 6081 6080
f 6083 5995 6084
f 6089 6087 6085
f 6085 6082 6080
f 6087 6088 6093
f 6077 6088 6089
f 6076 6090 6091
f 6091 6080 6079
f 6086 6074 6085
f 6074 6092 6085
f 6193 6170 6225
f 6226 6192 6225
f 6232 6230 6229
f 6232 6234 6233
f 6237 6234 6235
f 6237 6238 6236
f 6194 6226 6240
f 6244 6242 6240
f 6243 6246 6242
f 6247 6241 6246
f 6248 6245 6228
f 6245 6248 6244
f 6251 6249 6250
f 6253 6220 6252
f 6236 6256 6221
f 6254 6250 6230
f 6258 6176 6259
f 6179 6177 6178
f 6263 6261 6260
f 6238 6259 6262
f 6263 6181 6266
f 6269 6268 6266
f 6268 6267 6265
f 6271 6257 6264
f 6269 6270 6183
f 6273 6256 6271
f 6184 6272 6183
f 6197 6247 6277
f 6198 6276 6278
f 6279 6277 6220
f 6253 6254 6282
f 6255 6275 6221
f 6281 6283 6214
f 6285 6284 6274
f 6216 6283 6286
f 6286 6284 6288
f 6291 6215 6287
f 6292 6223 6224
f 6274 6275 6273
f 6295 6288 6293
f 6294 6187 6296
f 6296 6291 6295
f 6309 6298 6299
f 6313 6312 6308
f 6316 6315 6312
f 6308 6317 6280
f 6310 6320 6316
f 6321 6203 6201
f 6322 6323 6320
f 6319 6325 6324
f 6329 6328 6327
f 6324 6314 6315
f 6326 6330 6325
f 6318 6331 6317
f 6326 6201 6332
f 6332 6328 6329
f 6327 6328 6278
f 6338 6190 6339
f 6338 6342 6341
f 6337 6347 6346
f 6346 6342 6343
f 6348 6349 6347
f 6350 6340 6341
f 6353 6351 6354
f 6356 6351 6349
f 6187 6350 6352
f 6354 6289 6290
f 6336 6357 6356
f 6304 6360 6359
f 6357 6289 6355
f 6209 6363 6208
f 6367 6304 6336
f 6209 6205 259
f 6372 6369 6368
f 6374 6344 6339
f 6370 6366 6369
f 6372 6375 6371
f 6207 6365 6370
f 6190 6374 6339
f 284 283 282
f 660 658 657
f 1187 1183 1191
f 5091 5090 5088
f 5727 5726 5725
f 5085 5723 5084
f 5091 5726 5090
f 5638 5799 5800
f 5797 812 813
f 277 282 833
f 6123 280 273
f 315 314 313
f 318 317 316
f 321 320 319
f 324 323 322
f 670 668 671
f 673 670 671
f 680 672 673
f 690 684 685
f 694 692 690
f 711 693 709
f 1286 1285 689
f 692 1288 690
f 1291 1290 1289
f 1286 1287 1292
f 1295 1292 1288
f 1293 1294 1296
f 1297 1284 1285
f 1291 1242 1245
f 671 1290 1296
f 1144 671 1295
f 1307 1260 1306
f 1305 1269 1310
f 1300 1264 1308
f 1306 1268 1305
f 1308 1259 1307
f 1146 1326 1327
f 1321 1161 1316
f 1323 1152 1322
f 1152 1327 1322
f 1151 1321 1326
f 1153 1455 1152
f 1465 1151 1146
f 1462 1149 1453
f 1462 673 1144
f 1455 1146 1152
f 1453 692 711
f 1476 1161 1160
f 1466 1160 1151
f 319 47 318
f 318 48 317
f 320 46 319
f 316 50 323
f 323 51 322
f 317 49 316
f 51 314 315
f 313 54 321
f 53 314 52
f 55 321 54
f 728 319 318
f 730 316 323
f 732 324 315
f 734 313 321
f 728 316 729
f 730 324 731
f 734 319 727
f 732 313 733
f 1296 733 734
f 1292 727 728
f 1285 729 730
f 1291 731 732
f 1297 730 731
f 1286 728 729
f 1290 732 733
f 1293 734 727
f 3804 3803 3805
f 3772 3798 3804
f 3793 3809 3806
f 3767 3810 3793
f 3822 3820 3823
f 4846 4844 4843
f 3821 4846 3820
f 4844 3823 4843
f 3805 4997 4998
f 4994 4998 4997
f 3806 5000 4992
f 4999 4992 5000
f 5708 5706 5709
f 5736 5750 5751
f 5752 5744 5753
f 5737 5752 5750
f 5753 5736 5751
f 912 6156 911
f 6168 655 656
f 330 327 326
f 329 332 328
f 336 334 333
f 337 336 339
f 340 334 333
f 326 341 327
f 341 343 342
f 342 343 346
f 347 345 348
f 338 333 349
f 354 350 351
f 358 357 355
f 355 359 360
f 363 361 350
f 366 365 364
f 367 363 362
f 357 358 368
f 366 369 370
f 371 365 364
f 373 356 370
f 376 374 377
f 380 379 378
f 384 378 379
f 386 375 383
f 382 381 386
f 389 388 387
f 379 345 390
f 377 388 391
f 360 393 390
f 399 395 392
f 404 403 402
f 407 395 405
f 116 373 410
f 407 406 411
f 411 395 392
f 372 402 404
f 410 409 408
f 419 416 413
f 423 421 424
f 427 425 428
f 424 431 430
f 420 435 433
f 438 437 412
f 438 440 439
f 435 440 442
f 444 436 433
f 444 434 446
f 447 450 448
f 439 446 442
f 430 454 453
f 457 456 448
f 458 457 459
f 456 453 454
f 452 460 455
f 470 469 466
f 477 476 467
f 459 480 478
f 478 485 482
f 429 489 460
f 481 490 489
f 494 492 495
f 498 495 496
f 496 494 483
f 493 504 502
f 499 510 508
f 413 518 515
f 520 510 519
f 525 523 522
f 526 528 527
f 498 530 508
f 508 531 530
f 533 529 520
f 509 528 535
f 527 524 535
f 507 536 506
f 523 522 537
f 548 544 542
f 540 550 541
f 543 552 542
f 550 555 554
f 552 558 557
f 554 560 559
f 559 562 560
f 565 564 563
f 560 563 567
f 570 563 564
f 574 566 567
f 571 575 570
f 579 578 577
f 579 584 582
f 429 491 585
f 585 579 547
f 546 545 578
f 588 580 581
f 587 503 504
f 596 595 594
f 601 598 596
f 605 504 604
f 609 606 608
f 608 605 611
f 612 611 537
f 615 614 613
f 602 604 601
f 613 599 600
f 615 614 616
f 621 620 619
f 624 623 609
f 625 621 619
f 625 627 618
f 620 626 617
f 597 553 543
f 632 630 629
f 618 637 636
f 638 639 637
f 634 641 633
f 677 672 1144
f 1144 1148 1146
f 1154 1153 1146
f 1150 692 693
f 1151 1158 1156
f 4557 4555 4558
f 645 643 646
f 643 863 864
f 866 645 646
f 646 864 866
f 865 644 645
f 1140 1139 865
f 864 1142 1141
f 866 1109 1121
f 1110 1095 863
f 4936 4935 4933
f 4938 4934 4885
f 4935 5104 5078
f 5101 5078 5104
f 5238 5236 5239
f 5238 5242 5240
f 5243 5246 5245
f 5249 5248 5247
f 5248 5249 5251
f 5250 5256 5241
f 5250 5251 5256
f 5259 5258 5257
f 5262 5261 5260
f 5241 5257 5264
f 5265 5266 5267
f 5265 5270 5268
f 5270 5272 5271
f 5272 5274 5271
f 5278 5276 5275
f 5280 5278 5279
f 5249 5277 5280
f 5283 4891 5279
f 5285 5280 5281
f 5288 5287 5286
f 5286 5291 5290
f 5272 5293 5287
f 5298 5295 5290
f 5289 5295 5292
f 4885 4934 5078
f 5264 5606 5607
f 5240 5611 5613
f 5676 5710 5712
f 5808 5807 5806
f 5710 5808 5806
f 5809 5712 5710
f 5837 5676 5712
f 5836 5611 5675
f 5611 5607 5675
f 5836 5837 5858
f 5861 5859 5860
f 5863 5861 5862
f 5236 5858 5863
f 5859 5867 5865
f 5865 5866 5868
f 5870 5869 5866
f 5576 5855 5843
f 302 4818 5844
f 5991 5236 5864
f 5283 6102 4897
f 3812 5283 6127
f 1572 6133 3811
f 6137 6135 6134
f 306 3811 6133
f 6137 6133 3812
f 655 653 656
f 1391 1389 1392
f 1389 719 1392
f 1391 719 720
f 1391 1387 1390
f 1387 1389 1390
f 2033 2365 2032
f 2357 2368 2033
f 2369 2367 2357
f 2032 2366 2369
f 2427 2408 2423
f 2408 2429 2407
f 2431 2429 2430
f 2431 2427 2423
f 2012 2521 2019
f 2537 2520 2012
f 2534 2523 2537
f 2019 2522 2534
f 2570 2652 2653
f 2654 2652 2566
f 2656 2654 2586
f 2570 2656 2586
f 3601 3554 3600
f 3598 3553 3601
f 3599 3563 3598
f 3600 3562 3599
f 3610 3575 3609
f 3607 3571 3610
f 3608 3570 3607
f 3609 3572 3608
f 5704 5708 5709
f 5706 5704 5709
f 5706 5678 5705
f 5708 5678 5707
f 656 158 6168
f 6168 155 6167
f 6167 654 655
f 6597 6595 6598
f 6601 6599 6602
f 6604 6596 6603
f 6597 6607 6608
f 6606 6600 6605
f 6600 6609 6605
f 6601 6610 6609
f 6602 6606 6610
f 6607 6595 6604
f 6596 6608 6603
f 666 664 667
f 667 674 669
f 672 676 670
f 672 678 677
f 686 683 682
f 704 685 703
f 693 704 707
f 710 693 708
f 705 707 704
f 687 714 703
f 714 702 703
f 1165 1163 1166
f 1168 1162 1156
f 1156 1170 1169
f 1147 1173 1172
f 1171 677 1145
f 1176 1185 1186
f 1300 1298 1301
f 1311 1310 1176
f 1310 1270 1266
f 1166 1262 1263
f 1315 1313 1316
f 1167 1315 1161
f 1173 1153 1323
f 1367 1362 1368
f 1163 1362 1166
f 1164 1368 1163
f 1457 1153 1154
f 1458 1154 1147
f 1148 1145 678
f 1162 1474 1475
f 1162 1478 1477
f 1477 1157 1156
f 5898 5896 5899
f 5896 5915 5899
f 5915 5904 5916
f 5899 5916 5898
f 697 695 698
f 700 687 695
f 701 696 721
f 1197 1221 1218
f 1192 1210 1197
f 1428 1435 1434
f 515 2873 2910
f 4649 4644 4653
f 4644 4656 4653
f 4657 4650 4654
f 260 261 515
f 722 717 718
f 930 965 929
f 1215 1214 1212
f 1196 659 660
f 1634 1631 1630
f 1631 1637 1638
f 1647 1629 1646
f 518 1634 1635
f 3344 3330 3331
f 3450 3386 3387
f 3643 3642 3644
f 3303 3641 3643
f 3988 3989 1634
f 4932 4930 4931
f 416 4932 4931
f 469 468 267
f 416 6206 417
f 740 737 736
f 746 744 743
f 745 747 744
f 856 857 1132
f 867 1130 1131
f 1131 858 873
f 1491 856 1136
f 3051 3049 3052
f 3050 3051 3087
f 3148 3049 3147
f 3222 3228 3221
f 3224 3230 3227
f 3218 3232 3220
f 3228 3232 3215
f 3225 3235 3213
f 3231 3234 3235
f 3237 3231 3235
f 3232 3229 3238
f 3220 3238 3223
f 3226 3235 3225
f 3228 3141 3135
f 3142 3236 3231
f 3212 3142 3224
f 3220 3221 3132
f 3528 795 792
f 3529 849 860
f 3532 847 848
f 3531 849 3530
f 738 1130 868
f 747 745 846
f 753 752 749
f 754 758 756
f 762 750 751
f 764 752 753
f 766 761 762
f 769 765 766
f 771 768 769
f 774 771 772
f 759 777 776
f 779 776 777
f 778 781 780
f 806 804 801
f 816 812 810
f 810 819 809
f 825 823 821
f 832 831 829
f 279 835 834
f 837 836 815
f 841 827 840
f 827 843 840
f 1114 698 1113
f 1118 1115 1116
f 1122 721 1114
f 1201 1199 1198
f 1205 1202 1203
f 1203 1207 1206
f 1189 1209 1208
f 658 1212 1211
f 1213 1198 1199
f 1426 1423 1358
f 1553 1551 99
f 1554 1553 1555
f 1556 1552 1554
f 1548 1549 101
f 1730 1729 1727
f 1732 1734 1733
f 1733 1738 1736
f 1742 1741 1739
f 1739 1746 1745
f 1740 1750 1749
f 1745 1751 1744
f 1726 1739 1747
f 1733 1753 1755
f 1758 1756 1737
f 1754 1761 1759
f 1759 1763 1757
f 1760 1765 1759
f 1765 1764 1759
f 92 1736 1737
f 90 1756 1757
f 1763 88 89
f 1704 1731 1732
f 1712 1732 1735
f 1735 61 1720
f 1680 3109 3107
f 3110 1680 1681
f 3112 1685 1683
f 3112 1684 3113
f 3106 3116 3103
f 3120 3118 3121
f 3122 3103 3116
f 3126 3120 3125
f 3411 3417 3409
f 1689 3417 3418
f 3545 3360 3546
f 3544 3325 3326
f 964 962 3549
f 3315 3316 3547
f 918 923 3626
f 3630 3628 3627
f 3657 3613 3614
f 3670 3642 3659
f 3663 3672 3662
f 3646 3673 3655
f 3248 3680 3247
f 3680 3619 3252
f 3682 3681 3638
f 3281 3634 3280
f 3691 3688 3686
f 3692 3693 3691
f 3690 3694 3689
f 3863 3878 3877
f 3878 3880 3881
f 3884 3882 1548
f 3854 3871 3886
f 3885 3888 3861
f 3881 3893 3891
f 3891 3898 3897
f 3902 3900 1554
f 1556 3900 3904
f 3909 3908 3906
f 4676 295 3836
f 1512 161 298
f 1516 4679 4678
f 4675 4682 4681
f 4682 4684 4681
f 4687 4686 4679
f 1515 4678 4686
f 5088 5089 5170
f 5221 4822 5094
f 5940 5938 5941
f 5944 5942 5945
f 5951 5950 5947
f 5955 5954 5946
f 5941 5945 5953
f 5955 5853 5954
f 775 763 764
f 3172 3062 3063
f 6422 6396 6393
f 6408 6414 6415
f 787 785 783
f 791 793 794
f 2101 1746 1748
f 2103 1752 1745
f 2100 1745 1746
f 2433 2157 2434
f 2434 2102 2103
f 2154 2433 2100
f 2433 2103 2100
f 2682 2660 2683
f 2684 2662 2685
f 1691 3090 3092
f 3095 3093 1688
f 3153 3199 3152
f 3095 1688 3418
f 1690 1691 3420
f 5942 5946 5945
f 6553 6557 6555
f 6571 6566 6563
f 6619 6624 6616
f 6611 6625 6627
f 790 783 791
f 737 788 736
f 794 792 795
f 846 845 844
f 851 849 848
f 855 853 852
f 852 858 857
f 862 795 860
f 870 738 868
f 873 859 872
f 783 899 900
f 893 782 897
f 896 787 895
f 788 893 894
f 903 784 785
f 896 785 786
f 891 892 787
f 736 894 888
f 798 874 875
f 790 875 879
f 902 791 901
f 791 900 901
f 879 880 782
f 793 902 904
f 886 794 887
f 794 861 887
f 904 792 793
f 799 886 874
f 974 975 977
f 981 979 982
f 1065 1062 1074
f 1094 1093 1092
f 1096 1093 1094
f 1100 1099 1098
f 1102 1098 1092
f 1100 1109 1108
f 1111 1107 1110
f 1104 1105 1119
f 1107 1111 1106
f 1103 1104 1120
f 1130 1127 1126
f 1131 1133 1132
f 1136 1135 1134
f 1173 1176 1175
f 1174 676 1171
f 1180 1143 1141
f 1141 1182 1181
f 1222 1220 1217
f 663 1214 662
f 1220 1218 1224
f 1217 1225 1215
f 1217 1224 1226
f 1185 1228 1227
f 1182 665 1231
f 1233 1228 1179
f 1227 1235 1234
f 1231 1214 1236
f 1202 1233 1232
f 1230 1200 1201
f 1231 1213 1199
f 1184 1229 1209
f 1235 1207 1237
f 1207 1236 1237
f 1204 1205 1235
f 1234 1208 1209
f 1224 1234 1235
f 1236 1215 1225
f 1240 1239 1238
f 1182 675 664
f 1243 668 669
f 1243 1245 1242
f 1240 1244 675
f 1250 1249 1248
f 1239 1247 1252
f 1260 1259 1258
f 1263 1261 1259
f 1266 1179 1228
f 1269 1260 1267
f 1267 1248 1265
f 1246 683 684
f 1272 682 1273
f 1271 1254 1273
f 1276 681 1272
f 1280 1278 1276
f 1254 1255 1274
f 1257 1281 1256
f 1283 1280 1282
f 1261 1282 1257
f 1140 1277 1275
f 1275 1138 1139
f 1282 1140 1120
f 1121 1267 1258
f 1143 1265 1108
f 1138 1273 1112
f 1246 1243 1095
f 1241 1142 1096
f 1111 1273 1274
f 1109 1252 1267
f 1093 1244 1238
f 1098 1247 1097
f 1247 1096 1097
f 1249 1098 1099
f 1101 1239 1253
f 1101 1271 1110
f 1119 1256 1281
f 1251 1102 1103
f 1121 1251 1103
f 1106 1256 1105
f 1308 1305 1309
f 1169 1318 1317
f 1315 1168 1319
f 1324 1323 1322
f 1301 1315 1319
f 1317 1318 714
f 1328 1318 1170
f 1159 1330 1328
f 1159 1331 1330
f 1155 707 1331
f 1330 705 1329
f 1328 702 1320
f 1370 1354 1355
f 1372 1371 688
f 1278 1372 1276
f 1372 1118 1116
f 1113 695 1371
f 1378 1376 1375
f 1381 1374 1375
f 1382 1379 1374
f 1398 1396 1377
f 1396 1397 1375
f 1403 1399 1405
f 1378 1366 1406
f 1410 1408 1407
f 1410 1403 1132
f 1412 1381 1411
f 1413 1352 1412
f 1401 1407 1411
f 1401 1381 1375
f 1349 1350 1369
f 1414 1405 1399
f 1405 1414 1343
f 1351 1414 1415
f 1400 1406 1415
f 1400 1414 1399
f 1363 1351 1415
f 1416 1413 1411
f 1404 1417 1402
f 1343 1419 1418
f 1437 981 1341
f 1333 1443 1439
f 1447 1446 1348
f 1440 1344 1345
f 1444 1339 1340
f 1337 1445 1449
f 1453 1452 1450
f 1469 1467 1158
f 1471 1470 1159
f 1471 1472 1470
f 1473 709 1472
f 1470 708 1155
f 1479 1451 1481
f 1468 1481 1467
f 1485 1483 1482
f 1490 1488 1444
f 1137 1491 1136
f 1489 1495 1494
f 943 1487 947
f 1497 958 1500
f 1530 1529 1526
f 1662 1660 1659
f 1658 1664 1663
f 1880 1786 1783
f 1890 1888 1887
f 1895 1893 1892
f 1724 1899 1898
f 1893 1905 69
f 70 1889 1893
f 81 1881 1891
f 1891 1910 80
f 83 1915 1880
f 1886 1915 1910
f 74 1920 1888
f 1894 1920 1905
f 64 1897 1898
f 1898 1925 63
f 66 1930 1896
f 1899 1930 1925
f 1959 1879 1880
f 1894 1960 1959
f 1899 1953 1960
f 1891 1881 1784
f 1962 1893 1889
f 1722 1898 1897
f 1971 1970 1967
f 2038 1956 1959
f 1960 2038 1959
f 1953 2039 1960
f 1961 1785 2040
f 2043 1962 1961
f 1721 1962 2042
f 2110 2112 2113
f 2128 2126 2125
f 2200 1780 1779
f 2204 2202 2205
f 2202 2206 2207
f 2207 2206 2035
f 2209 2208 2210
f 2211 1782 2054
f 2040 1781 2211
f 2211 2200 2201
f 2205 2207 2209
f 2209 2201 2205
f 2212 1775 2059
f 2216 2214 2217
f 2214 2213 2200
f 2205 2201 2212
f 2226 2234 2213
f 2213 2222 2212
f 2223 2214 2215
f 2215 2222 2223
f 2295 2283 2290
f 2440 2438 2441
f 1700 2443 2442
f 2210 2444 2445
f 2449 2447 2446
f 1714 2453 2452
f 2039 2447 2444
f 2004 2452 2451
f 2448 2041 2040
f 2453 2042 2043
f 2455 2444 2454
f 2459 2457 2460
f 2458 2216 2217
f 2456 2203 2204
f 2454 2217 2203
f 2459 2204 2216
f 1707 2468 2467
f 2471 2469 2472
f 2475 2474 2473
f 2479 2478 2451
f 2470 2457 2458
f 2481 2444 2447
f 2477 2474 2480
f 2479 1996 2476
f 2483 2481 2447
f 2470 2484 2469
f 2460 2484 2482
f 2483 2445 2455
f 2485 1717 2479
f 2477 2482 2487
f 2486 2452 2453
f 2450 2477 2487
f 2453 2487 2486
f 1710 2489 2476
f 2490 2480 2474
f 2486 2487 2490
f 1711 2485 2489
f 2490 2471 2472
f 2467 2476 2488
f 2488 2472 2491
f 2438 2462 2470
f 2468 1973 2442
f 2472 2469 2439
f 2443 1703 2467
f 2494 2160 2495
f 2499 2498 2496
f 1697 2502 2501
f 2440 2499 2500
f 2496 2438 2439
f 2435 2494 2495
f 2497 2436 2438
f 2496 2435 2495
f 2501 2442 2443
f 2501 2493 2440
f 2502 2441 2492
f 2504 2153 2494
f 2502 2505 2504
f 2712 2710 2713
f 485 484 2714
f 2721 483 501
f 2711 591 592
f 2711 2725 2710
f 583 2726 2711
f 2747 2725 2726
f 2769 2747 2770
f 2774 2769 2770
f 2777 2773 2774
f 2780 2753 2777
f 2713 2818 2712
f 1984 2800 2805
f 2818 480 479
f 2126 2779 2780
f 2832 1965 2831
f 2113 2831 2110
f 2115 2838 2839
f 2131 2840 2841
f 2841 2840 2835
f 2505 2839 2838
f 2844 2116 1835
f 1833 2131 2841
f 2846 2132 1840
f 2846 2836 2840
f 2495 2834 2833
f 2846 1833 2845
f 2844 2841 2842
f 2500 2845 2844
f 1830 2115 2839
f 2844 1830 2847
f 1692 2847 2839
f 1702 2847 1693
f 2843 1696 1692
f 1698 2843 2505
f 1697 1698 2503
f 1968 1844 1845
f 2927 2956 2957
f 2949 2923 2924
f 2938 2915 2916
f 2970 2918 2981
f 3007 3004 3003
f 2868 3025 2867
f 3026 3030 3028
f 3074 3072 3075
f 3072 1177 1178
f 1312 3073 3074
f 3075 1178 1324
f 3162 3174 3167
f 3174 3176 3171
f 3173 3165 3179
f 3165 3166 3177
f 3182 3181 3124
f 3185 3184 3120
f 3178 3189 3188
f 3188 3187 3186
f 3198 3176 3200
f 3200 3196 3197
f 3180 3123 3124
f 3127 3185 3126
f 3194 3180 3185
f 3119 3183 3201
f 3112 3202 3203
f 3115 3202 3114
f 3164 3201 3202
f 3201 3118 3119
f 3204 3116 3117
f 3109 3205 3108
f 3203 3208 3111
f 3210 3209 3109
f 3210 3207 3211
f 3214 3213 3204
f 3217 3216 3185
f 3201 3215 3219
f 1670 3207 3210
f 1681 3210 3110
f 3207 1685 3111
f 3205 3107 3108
f 3205 3104 3105
f 3106 3204 3117
f 3250 3248 3247
f 3247 3245 3251
f 3266 3249 3267
f 3310 3309 3307
f 3312 933 3313
f 3316 3314 3317
f 3352 3351 3349
f 3354 3340 3341
f 3356 3355 3352
f 3393 1314 1298
f 3392 3394 3395
f 3395 3074 3075
f 3393 1299 1309
f 3394 1312 3074
f 1313 3392 3395
f 1325 3075 1324
f 3440 771 773
f 3443 781 3426
f 755 3398 3402
f 3403 757 758
f 3445 3444 751
f 3447 3445 3448
f 3449 766 3447
f 765 768 3389
f 3389 748 749
f 3426 777 760
f 3425 757 3404
f 3453 3451 3454
f 3444 763 762
f 3451 759 764
f 3455 3457 3459
f 3460 759 3456
f 3457 3458 3463
f 3462 3464 3465
f 3446 752 3464
f 3462 3465 754
f 3455 752 763
f 3465 764 753
f 3465 3455 3459
f 3451 3466 3467
f 3469 774 775
f 3471 3469 3472
f 3429 3474 3473
f 3477 3476 769
f 3468 3477 3478
f 3478 3487 3485
f 3482 3487 3448
f 3492 3491 3476
f 3495 3496 3444
f 3476 767 772
f 3490 766 767
f 3481 3455 3496
f 3490 3482 3495
f 3485 3490 3491
f 3469 3486 3492
f 3497 3430 3436
f 3498 3436 3437
f 3501 3353 3502
f 3502 3441 3442
f 3357 3501 3504
f 3506 3353 3354
f 3499 3502 3506
f 3504 3503 3475
f 3508 774 3468
f 3509 3471 3466
f 3509 3456 3510
f 3509 3510 778
f 3510 775 776
f 3510 3451 3467
f 967 3523 3524
f 3523 3517 3356
f 966 3525 3527
f 3525 3351 3355
f 3338 3528 1491
f 3349 3529 3528
f 3526 3531 3525
f 3531 3530 3350
f 3513 3535 3534
f 3533 3342 3518
f 3511 978 3535
f 3537 966 3527
f 3527 3358 3539
f 3540 3363 3541
f 3312 3542 3317
f 3542 3543 3540
f 3326 3541 3544
f 3540 3545 3546
f 3541 3381 3544
f 3546 3361 3540
f 3538 3539 3359
f 3315 3542 3314
f 3548 3543 3549
f 960 3548 962
f 3317 3547 3316
f 3313 3543 3312
f 3551 3366 3550
f 1495 3333 1494
f 3578 3372 3579
f 3579 3581 3580
f 3582 3522 3583
f 3516 3582 3580
f 3514 3583 3522
f 3586 938 935
f 3584 3585 3586
f 3569 3584 3568
f 3552 3369 3589
f 1484 3591 1483
f 3557 3590 3591
f 3593 3564 3580
f 3595 3373 3375
f 3560 3597 3594
f 3600 3598 3601
f 3579 3373 3594
f 3579 3596 3581
f 3516 3596 3515
f 3578 3375 3376
f 3558 3595 3578
f 3512 3602 3588
f 3519 3597 3603
f 3597 3593 3603
f 3602 3582 3583
f 3603 3580 3582
f 3583 3588 3602
f 3588 3573 3605
f 3605 956 3604
f 3609 3607 3610
f 3604 938 3585
f 3604 3587 3606
f 3606 3514 3512
f 935 3605 3586
f 3574 3586 3605
f 3614 3656 3657
f 3266 3676 3674
f 3674 3667 3664
f 3656 3617 3678
f 3248 3249 3674
f 3679 3677 3678
f 3678 3618 3680
f 3703 3628 3629
f 3626 926 3704
f 3312 3317 3703
f 3696 3629 3630
f 1650 3704 3703
f 1654 3704 1651
f 3720 3311 3719
f 3733 3715 3734
f 3715 3711 3742
f 3742 3705 3740
f 3718 3733 3730
f 3294 3712 3710
f 3295 3707 3708
f 3287 3716 3717
f 3293 3710 3713
f 3755 3753 3756
f 3780 3756 3781
f 3753 3783 3781
f 3782 3267 3249
f 3245 1674 3785
f 3781 3787 3780
f 3787 3784 3785
f 3785 1676 3786
f 3818 3816 3819
f 4119 4092 2927
f 4116 4090 4118
f 4160 4085 4161
f 4045 4093 4160
f 4149 4067 4172
f 4109 4072 4081
f 4099 4073 4249
f 3825 4282 4285
f 4488 4485 4484
f 4495 4492 4491
f 4501 4499 4498
f 4494 4490 4560
f 4561 1534 4542
f 4546 4497 4562
f 1528 4563 4487
f 3819 4645 4644
f 4647 3817 3818
f 4645 3817 4646
f 4644 4646 4647
f 3823 3820 4643
f 4302 4653 4309
f 4305 4657 4293
f 4758 294 4676
f 4683 4681 4732
f 298 4760 4677
f 4761 4688 4679
f 1516 4761 4680
f 4760 1512 4677
f 4760 1513 1511
f 4759 4731 4761
f 297 4758 4760
f 4759 4675 4683
f 4671 4758 4676
f 4670 4759 4758
f 4841 4840 4838
f 4849 4847 4850
f 4848 4839 4840
f 4852 4847 4848
f 4846 4642 3820
f 4838 4839 3823
f 4972 4971 4970
f 4970 4967 4968
f 4977 4974 4975
f 4981 4833 4979
f 4978 4977 4976
f 4986 4976 4887
f 4895 4982 4987
f 5090 5095 5089
f 5062 5108 5107
f 5075 5140 5076
f 5152 5148 5145
f 5151 5153 5154
f 5159 5145 5146
f 5149 5075 5061
f 5457 4986 4887
f 5461 5459 5458
f 5462 4895 4987
f 5463 5453 5454
f 5465 5467 5468
f 5342 5477 5336
f 5336 5469 5335
f 5335 5470 5340
f 5340 5473 5342
f 5450 5531 5449
f 5532 5445 5540
f 5540 5446 5537
f 5446 5531 5537
f 5719 5717 5716
f 802 5726 801
f 5726 5096 5090
f 5754 5722 5721
f 5755 5733 5738
f 826 5754 5757
f 5756 5755 824
f 5758 5733 5755
f 5758 5731 5732
f 5758 807 5731
f 5771 806 5758
f 816 5772 5773
f 5775 5774 803
f 5774 5699 5702
f 5771 5776 5775
f 5771 804 805
f 5778 5774 5775
f 5778 5779 5772
f 818 5700 5777
f 5778 817 818
f 5777 5700 5698
f 5777 5699 5774
f 5779 5776 5756
f 5788 5618 5620
f 5754 5773 5757
f 5810 838 815
f 5810 5715 5713
f 5754 5715 5810
f 5825 5823 5822
f 5821 5827 5826
f 5823 843 828
f 821 5739 5828
f 830 5824 5825
f 5826 5827 835
f 5828 5739 5740
f 5823 5813 5817
f 5827 5741 5745
f 5824 5816 5812
f 5824 5813 5823
f 5828 5741 5827
f 5667 5789 5666
f 5959 5958 5960
f 5940 5953 5968
f 5590 5582 5570
f 6010 6035 6013
f 6034 6019 6020
f 6043 6041 6044
f 6042 6004 6041
f 6046 6006 6047
f 6045 6047 6048
f 6002 6057 6051
f 5075 6054 6059
f 6058 5067 5062
f 5062 5061 6059
f 6056 6052 6050
f 6097 4980 4833
f 6099 6095 6098
f 6101 6099 6100
f 4832 6113 4831
f 1579 4830 1578
f 6117 4829 4830
f 6120 5829 5667
f 6149 977 976
f 739 1129 1130
f 6145 3532 3526
f 737 6161 6162
f 6164 746 742
f 735 6166 6165
f 889 6166 736
f 869 6161 738
f 737 6162 891
f 746 6163 845
f 134 140 739
f 741 151 152
f 747 6160 151
f 131 6150 6149
f 592 6211 6212
f 6211 503 6213
f 6212 491 583
f 502 6300 6297
f 6299 6300 483
f 6302 503 6297
f 6358 6361 486
f 6362 6301 483
f 484 6361 6362
f 6160 149 150
f 6438 6420 6422
f 6422 6432 6437
f 6419 6439 6440
f 6440 6416 6421
f 6506 6564 6522
f 6563 6525 6526
f 6555 6520 6517
f 6558 6505 6523
f 6520 6557 6527
f 6552 6513 6514
f 6505 6553 6504
f 6560 6517 6513
f 6507 6570 6571
f 6506 6571 6572
f 6525 6566 6529
f 6565 6531 6532
f 6470 6497 6495
f 6469 6493 6119
f 6500 6471 6472
f 6472 270 6498
f 6627 6444 6451
f 6453 6627 6452
f 6463 6464 6615
f 6612 6463 6628
f 983 574 984
f 985 576 986
f 630 991 988
f 990 993 989
f 998 996 995
f 1002 993 999
f 1007 1005 1004
f 1013 1011 1010
f 641 1011 1012
f 1016 1015 1014
f 1020 1018 1016
f 639 1018 1019
f 1603 93 1016
f 1605 1016 1018
f 1606 640 638
f 1608 79 1607
f 1614 1612 1611
f 622 609 1612
f 1617 68 1616
f 1621 1615 1620
f 1622 612 538
f 1624 59 1623
f 1628 1626 1624
f 532 1626 1627
f 1760 1767 1766
f 566 983 1791
f 1795 551 1794
f 1801 1799 1798
f 1804 1795 1796
f 549 1795 1803
f 1809 1807 1806
f 1814 1812 1811
f 426 427 1812
f 1817 1816 1695
f 1822 1820 1819
f 1823 421 1820
f 1821 1843 1842
f 1823 432 423
f 1841 1847 1846
f 1849 1846 1847
f 1852 1851 1850
f 1853 1852 1849
f 1848 1843 1854
f 1696 1698 1856
f 1818 1854 1843
f 1858 1709 1857
f 1864 1862 1861
f 488 1866 1865
f 1868 1719 1867
f 1874 1872 1871
f 511 499 1872
f 1876 1875 58
f 1626 1877 1876
f 533 1878 1626
f 995 1776 2073
f 2076 1000 995
f 2078 1002 2079
f 2079 1003 2075
f 2096 1755 1753
f 1772 1760 2097
f 2098 1761 1762
f 2099 1755 2095
f 1751 2102 2104
f 1747 1744 2104
f 1748 2106 2105
f 2106 1750 1837
f 2154 2153 2151
f 2102 2156 2104
f 2159 2156 2157
f 2154 2105 2160
f 2163 2161 2164
f 2167 2159 2151
f 2163 2164 2168
f 2173 2171 2170
f 2198 2196 2199
f 2073 1777 2218
f 2221 2077 2074
f 2097 2222 2219
f 2223 2225 2226
f 2230 2225 2224
f 2232 2228 2229
f 2220 2235 2233
f 2222 2218 2219
f 2233 2226 2225
f 2239 2238 2193
f 2240 2236 2237
f 2242 2238 2243
f 2244 2240 2231
f 2197 2261 2262
f 2263 2262 2261
f 2262 2250 2196
f 2263 2198 2199
f 2317 2320 2318
f 2325 2077 2193
f 2328 2192 2242
f 2329 2242 2244
f 2330 2331 2076
f 2334 2325 2326
f 2331 2079 2075
f 2339 2330 2334
f 2336 2386 2385
f 2371 2386 2381
f 2380 2386 2337
f 2435 2104 2156
f 2435 2461 2095
f 2464 2463 2462
f 2462 2437 2465
f 2457 2466 2099
f 2098 2466 2230
f 2615 2172 2552
f 2437 2158 2258
f 2553 2615 2552
f 2437 2617 2465
f 2618 2619 2464
f 2616 2558 2621
f 2466 2232 2229
f 2624 2329 2244
f 2619 2622 2466
f 2621 2624 2619
f 2623 2559 2339
f 2106 1838 2833
f 2152 2835 2168
f 2169 2835 2836
f 1838 2837 2836
f 2160 2106 2834
f 1799 2173 2162
f 1839 1797 2837
f 1797 2163 2169
f 1798 2162 2163
f 3022 3020 3013
f 3021 3024 3010
f 3022 3027 3023
f 3006 3039 3002
f 3024 3040 3039
f 1825 3038 1824
f 6169 639 6170
f 6171 641 6172
f 6174 631 630
f 575 6175 576
f 573 6177 574
f 6179 6178 566
f 6184 6183 551
f 6187 586 427
f 422 6190 6189
f 627 638 6193
f 609 6196 6195
f 538 6199 6198
f 533 6202 6201
f 500 499 6305
f 534 6203 6307
f 487 6303 6367
f 6376 444 443
f 432 447 6374
f 1024 1022 1021
f 1031 1029 1027
f 1036 1037 1071
f 1071 1028 1069
f 1040 1067 1073
f 1068 1073 1067
f 1061 1057 1073
f 1086 1091 1075
f 1076 1789 1086
f 1790 1024 1025
f 1789 2088 1086
f 1790 1025 2087
f 2145 2143 2142
f 1787 2147 2088
f 2087 2287 1788
f 2314 2091 2280
f 3060 3059 3061
f 6509 6505 6503
f 6515 6513 6511
f 6512 6517 6518
f 6518 6517 6519
f 6505 6522 6523
f 6520 6526 6525
f 6525 6528 6524
f 6532 6530 6533
f 6531 6508 6534
f 6536 6521 6519
f 6538 6533 6530
f 6540 6428 6435
f 6433 6542 6541
f 6515 6516 6539
f 6542 6510 6502
f 6577 6535 6536
f 6537 6576 6573
f 6575 6534 6508
f 6509 6543 6561
f 6457 6445 6546
f 6573 6456 6577
f 6478 6578 6579
f 6579 6490 6491
f 1064 1059 1060
f 1047 1042 1072
f 1074 1063 1070
f 1060 1077 1055
f 1081 1077 1078
f 1194 1042 1047
f 1174 1195 661
f 1186 1187 1193
f 1303 1302 699
f 1164 1301 1303
f 1320 715 1318
f 707 1330 1331
f 705 1328 1329
f 1335 1333 1332
f 1338 1334 1335
f 1340 1337 1338
f 1304 700 1373
f 1367 1304 1370
f 1394 1373 722
f 1386 1383 1394
f 1412 1373 1393
f 1360 726 1424
f 1421 1360 1424
f 1452 711 712
f 709 1470 1472
f 1473 1471 1481
f 1496 1495 1490
f 971 1497 1338
f 1497 1496 1490
f 943 1502 1486
f 2086 1081 1082
f 2264 2249 2250
f 2281 2282 2279
f 2276 2284 2267
f 2295 2290 2085
f 2300 2279 2275
f 2304 2301 2305
f 2304 2305 2165
f 2340 2344 2345
f 2030 2049 2191
f 2190 2347 2341
f 2048 2031 2346
f 2367 2365 2368
f 2028 2369 2370
f 2369 2356 2189
f 2148 2175 2394
f 2174 2396 2395
f 2401 2400 2399
f 2397 2398 2402
f 2410 2428 2188
f 2188 2355 2414
f 2430 2426 2427
f 2187 2431 2423
f 2428 2406 2407
f 2150 2394 2422
f 2422 2340 2341
f 2522 2520 2523
f 2507 2191 2049
f 2524 2525 2527
f 2027 2370 2508
f 2510 2529 2026
f 2531 2519 2530
f 2050 2011 2524
f 2518 2528 2525
f 2010 2051 2532
f 2536 2537 2529
f 2529 2012 2013
f 2612 2165 2642
f 2644 2648 2611
f 2649 2171 2615
f 2610 2651 2649
f 2586 2648 2644
f 2654 2567 2605
f 2653 2655 2656
f 2666 2665 2640
f 2669 2666 2668
f 2667 2604 2519
f 2608 2665 2672
f 2598 2576 2572
f 2573 2515 2601
f 2664 2661 2608
f 2669 2681 2660
f 2684 2686 2650
f 2690 2687 2684
f 2683 2594 2689
f 2681 2696 2683
f 2721 2712 2714
f 2770 2726 2738
f 2772 2769 2773
f 2775 2770 2771
f 2753 2776 2772
f 2739 2757 2424
f 2776 2175 2762
f 2778 2774 2775
f 2783 2780 2777
f 2784 2743 2548
f 1964 2786 2545
f 2790 2788 2786
f 2792 2728 2729
f 2793 2737 2743
f 2796 2791 2792
f 2794 2788 2796
f 2797 2791 2795
f 1982 2798 2790
f 2713 2725 2799
f 2793 2739 2735
f 2782 2807 2806
f 2808 1970 1971
f 2806 2811 2810
f 1969 2815 2814
f 2813 2814 2816
f 2812 2817 2811
f 2809 2810 2815
f 2816 2819 1984
f 2775 2771 2821
f 2820 2822 2819
f 2829 2126 2780
f 2830 2744 2828
f 2832 2782 2808
f 1971 2832 2808
f 2111 2829 2832
f 2303 2850 2849
f 1981 1845 2853
f 2852 1969 1985
f 2919 2916 2915
f 2926 2925 2924
f 2959 2958 2956
f 2938 2960 2949
f 2973 2977 2976
f 2981 2984 2977
f 3028 1845 3006
f 3029 3031 3005
f 3031 3026 3032
f 3003 3031 3032
f 2920 3034 3033
f 3033 3009 3003
f 2919 3032 3026
f 1578 2984 3035
f 2867 3035 2984
f 3025 3008 3036
f 3067 2850 3070
f 3089 3088 3080
f 3080 3076 3083
f 3129 1665 1658
f 3129 3131 3132
f 3136 3134 3128
f 3140 3138 3137
f 3135 3140 3134
f 3131 3130 3097
f 3098 3145 3144
f 3141 3144 3146
f 3286 3284 3283
f 3291 3289 3284
f 3283 3288 3293
f 3295 3293 3288
f 3290 3297 3295
f 3285 3274 3272
f 3271 3264 3300
f 3302 3290 3291
f 3291 3299 3300
f 3304 1663 3306
f 3300 3301 1662
f 3410 3416 3412
f 3430 3427 3428
f 3428 3400 3432
f 3432 3397 3383
f 3435 3434 3384
f 3436 3431 3433
f 3436 3435 3437
f 3435 3386 3438
f 3504 3473 3505
f 3504 3507 3506
f 3498 3506 3507
f 3507 3505 3474
f 3511 973 974
f 972 3511 3512
f 3374 3516 3515
f 3520 3515 3519
f 968 3514 3522
f 3521 3517 3523
f 978 3536 3535
f 3535 967 3524
f 3524 3354 3533
f 3550 3367 1495
f 1498 3550 1496
f 3553 3371 3552
f 3557 1485 3556
f 3558 3379 3559
f 3562 3560 3563
f 3563 3559 3371
f 3380 3558 3564
f 3561 3562 3566
f 3569 3555 1486
f 951 3574 3572
f 3572 3569 3570
f 1502 945 3575
f 3574 953 3576
f 3567 3576 954
f 3311 3380 3565
f 913 3577 942
f 3719 3577 3752
f 914 3722 3752
f 3797 3796 3791
f 4089 4085 4091
f 2927 4093 4046
f 4118 4119 2958
f 4157 2959 4160
f 4045 2959 2960
f 4172 4116 4157
f 4257 4252 4233
f 4249 4109 4099
f 4230 4231 4250
f 2922 4046 4282
f 2961 3825 4285
f 4320 3925 3947
f 4338 3948 3924
f 4385 4319 4338
f 4390 4333 4320
f 3849 3850 4401
f 4406 4404 4402
f 4408 3848 4402
f 4409 4410 4408
f 4411 1542 4409
f 4405 4396 4412
f 4395 4414 4413
f 4414 4417 4415
f 4417 4382 4383
f 4403 4413 4415
f 4411 1540 1541
f 4416 4418 4415
f 4435 4433 4436
f 4433 4384 4436
f 1535 4434 4435
f 4439 4436 4375
f 4442 1519 4438
f 4444 4441 4442
f 4443 3862 4444
f 4443 4440 4446
f 4430 4449 4429
f 4448 4394 4385
f 4391 4398 4464
f 4440 4465 4446
f 4465 4463 4462
f 4447 4473 3852
f 4479 4478 4477
f 4475 4465 4456
f 4446 4479 4473
f 4489 4534 4533
f 4532 1527 4487
f 1525 4537 4535
f 4541 4538 1526
f 1524 4543 4542
f 4536 4545 4543
f 4547 4546 4498
f 4498 4542 4544
f 4540 4541 4551
f 4552 4551 4533
f 4538 4553 4537
f 4553 4545 4536
f 4550 4545 4554
f 4496 4559 4552
f 4547 4548 4559
f 4570 4569 4486
f 4573 4568 4569
f 4573 4569 4570
f 4572 1528 4575
f 4571 4572 4576
f 4577 4576 4574
f 4579 4567 4578
f 4578 4577 4575
f 4581 4575 1529
f 4587 4586 4584
f 4585 4565 4584
f 4586 4592 4591
f 4596 4595 4594
f 4593 4590 4597
f 4592 4583 4591
f 4599 4582 4598
f 4585 4597 4595
f 4560 4484 4594
f 4564 4568 4566
f 4492 4582 4583
f 4603 4492 4588
f 1531 4581 1530
f 4581 4605 4564
f 4606 4584 4565
f 4588 4606 4603
f 4611 4610 4608
f 4614 4613 4500
f 4608 4615 4616
f 4614 4617 4613
f 4611 4618 4610
f 4619 1533 4613
f 4620 4619 4617
f 1532 4621 4604
f 4612 4618 4611
f 4631 4630 4622
f 4627 4623 4632
f 4635 4634 4633
f 4637 4629 4630
f 4633 4638 4636
f 4628 4636 4638
f 4641 4639 4626
f 4639 4640 4635
f 4640 4603 4638
f 4627 4562 4491
f 4502 4624 4631
f 4656 4647 4655
f 4690 4669 3841
f 4658 4691 4692
f 4695 4692 4691
f 4690 288 4699
f 165 1505 4700
f 4702 4697 4698
f 4701 4704 4703
f 4703 4695 4696
f 4709 4707 4710
f 4713 4710 4700
f 4717 4716 4714
f 4722 4718 4445
f 4721 4693 4694
f 4714 4715 4719
f 4830 2983 1578
f 2977 4832 4831
f 4865 4655 4866
f 4868 4867 4866
f 3818 4868 4866
f 4992 4996 4997
f 5147 5146 5145
f 5149 5145 5142
f 5107 5150 5151
f 5147 5109 5151
f 5157 4868 4862
f 5156 5157 5158
f 5143 5152 4867
f 5159 5153 4865
f 5219 5173 5091
f 4823 5220 5219
f 5585 5584 5582
f 5589 5587 5586
f 5618 5616 5615
f 5621 5618 5619
f 5624 5615 5623
f 5629 5621 5622
f 5631 5628 5629
f 5634 5626 5632
f 5637 5630 5631
f 5636 5637 5639
f 5659 5656 5657
f 5663 5621 5628
f 5666 5665 5664
f 5671 5641 5642
f 5657 5594 5661
f 4826 5592 4825
f 5704 5687 5677
f 5684 5705 5678
f 5703 5091 5173
f 5694 5084 5723
f 5085 5695 5730
f 5760 5682 5759
f 5690 5725 5703
f 5780 5692 5694
f 5683 5783 5782
f 5782 5784 5785
f 5760 5687 5704
f 5770 5686 5787
f 5695 5788 5730
f 5748 5729 5788
f 5761 5759 5801
f 5820 5818 5814
f 5829 5747 5748
f 5965 5959 5964
f 5852 5957 5965
f 5964 5963 5966
f 6045 6041 6046
f 6005 6041 6004
f 6051 6049 6048
f 6008 6047 6006
f 6050 6052 6049
f 6003 6057 6002
f 6058 6055 6053
f 6054 6055 6059
f 6035 6011 6042
f 6040 6035 6042
f 6113 6114 2920
f 6112 1579 2920
f 6119 6121 5749
f 6118 5667 5668
f 6123 269 5820
f 971 6152 6148
f 653 654 1335
f 6155 6147 967
f 3536 978 6150
f 155 6152 654
f 6148 156 157
f 6155 147 6154
f 6155 132 145
f 148 6154 147
f 6467 6465 6468
f 6472 6470 6469
f 6465 6466 6470
f 6493 6122 6119
f 6425 6492 6494
f 6496 6430 6441
f 6496 6482 6489
f 6498 6449 6450
f 6460 6501 6499
f 6501 6485 6500
f 6607 6605 6608
f 6585 6609 6610
f 44 6610 6606
f 6605 6609 6467
f 6581 33 6603
f 6656 44 34
f 6676 6673 6662
f 6636 6677 6678
f 6678 6673 6676
f 6687 6697 6640
f 6713 6705 6714
f 6714 6716 6715
f 6719 6715 6716
f 6722 6717 6721
f 6724 6680 6725
f 6724 6729 6727
f 6729 6709 6728
f 6723 6728 6709
f 1307 1305 1308
f 1322 1326 1321
f 1398 1397 1396
f 2739 2792 2742
f 2735 2736 2793
f 2822 491 490
f 3484 3483 3480
f 3484 3485 3483
f 3457 3479 3480
f 3488 3459 3489
f 3491 3493 3494
f 3494 3493 3488
f 3483 3491 3494
f 3459 3480 3489
f 3495 3483 3494
f 3480 3496 3489
f 3484 3472 3493
f 3479 3454 3488
f 3467 3479 3488
f 3492 3484 3493
f 3723 3749 3748
f 4073 4071 4074
f 4235 4234 4071
f 4238 4236 4230
f 4074 4251 4249
f 4259 4254 4257
f 4319 3947 3948
f 3925 4334 4338
f 4430 4414 4394
f 4448 4417 4449
f 4429 4417 4414
f 4969 4968 4967
f 4974 4973 4886
f 4837 4895 4896
f 5466 5460 5467
f 5464 5468 5453
f 5785 5761 5762
f 5787 5786 5770
f 5930 5931 5934
f 5980 5970 5971
f 6096 6094 4837
f 6130 6095 6096
f 480 490 6215
f 982 1343 1341
f 1347 1346 1344
f 1342 1350 1347
f 1347 1352 1346
f 1354 1351 1353
f 1437 1445 1444
f 1448 1440 1441
f 1449 1446 1447
f 1439 1449 1448
f 1492 980 1493
f 1444 1493 980
f 1492 1493 1489
f 1500 1483 1499
f 1501 1482 1483
f 958 1487 1501
f 1492 3334 979
f 3333 1492 1494
f 3592 3590 3589
f 1483 3591 3551
f 3369 3551 3592
f 3708 3706 3705
f 3708 3709 3710
f 3714 3710 3711
f 3714 3717 3716
f 3740 3309 3741
f 3734 3740 3741
f 3720 3734 3741
f 3720 3721 3730
f 1124 1378 1379
f 1114 1115 1365
f 1014 1786 1879
f 1884 1020 1017
f 1885 639 1019
f 1901 1900 1725
f 1876 1903 1902
f 1878 521 1904
f 1616 69 1905
f 1908 1620 1615
f 1909 612 1619
f 1607 80 1910
f 1913 1614 1610
f 1914 622 1613
f 1916 1915 95
f 1604 1918 1917
f 1606 625 1919
f 1911 1915 1916
f 1918 1914 1912
f 625 1914 1919
f 1921 1920 78
f 1609 1923 1922
f 1612 608 1924
f 1906 1920 1921
f 1923 1909 1907
f 608 1909 1924
f 1623 63 1925
f 1928 1628 1625
f 1929 532 1627
f 1931 1930 73
f 1618 1933 1932
f 1622 522 1934
f 1926 1930 1931
f 1933 1929 1927
f 522 526 1929
f 1954 1900 1901
f 1903 1955 1954
f 521 1955 1904
f 1884 1882 1956
f 1958 1883 1884
f 636 1885 1958
f 1976 1975 1973
f 1980 1978 1976
f 1983 1981 1979
f 1985 478 450
f 1987 1982 1983
f 1977 1989 1988
f 1992 1980 1977
f 1993 1987 1980
f 1997 1995 1994
f 2003 2001 2000
f 496 2001 2002
f 2006 2004 1953
f 1955 2008 2007
f 519 2009 1955
f 1957 2035 2036
f 2037 1957 2036
f 635 1958 2037
f 2036 2054 2053
f 2057 2037 2036
f 634 2037 2056
f 2061 2059 2058
f 2067 2065 2064
f 632 2065 2066
f 572 2069 2068
f 567 568 2071
f 629 992 2069
f 1004 1780 2060
f 2062 1013 1009
f 2065 641 1012
f 2053 2054 1006
f 1008 2057 2055
f 1011 634 2056
f 2058 2059 997
f 994 990 2063
f 631 2066 2067
f 570 985 2071
f 576 2070 986
f 574 2072 984
f 424 2111 2112
f 2117 2115 2114
f 2123 2121 2120
f 2108 2121 2122
f 2133 2131 2130
f 2139 2137 2136
f 585 2137 2138
f 554 2140 2141
f 2130 2131 1805
f 1807 2139 2135
f 1812 585 2138
f 555 2141 1794
f 561 1792 2140
f 1801 1840 2132
f 2134 1804 1800
f 2137 549 1803
f 1809 1835 2116
f 2118 1814 1808
f 2128 2111 1813
f 2114 2115 1815
f 1817 2123 2119
f 1820 2107 2108
f 478 1984 1866
f 1988 1989 1708
f 1859 1992 1990
f 1862 1993 1991
f 1994 1995 1718
f 1869 2003 1999
f 1872 496 2002
f 1867 1714 2005
f 2007 1874 1870
f 2009 511 1873
f 1857 1710 1996
f 1998 1864 1860
f 2001 488 1863
f 450 2852 1985
f 1856 1700 1974
f 1976 1853 1854
f 1979 2853 1850
f 2874 2872 2870
f 2879 2877 1637
f 2873 2880 2881
f 2885 2883 2880
f 2890 2885 2889
f 2894 2892 2891
f 2987 2864 2986
f 2991 2985 1584
f 3055 3054 3053
f 1688 3091 1691
f 3092 3094 3095
f 3172 3059 3053
f 3051 3148 3175
f 3176 3148 3149
f 3150 3177 3178
f 3060 3062 3179
f 3177 3049 3050
f 3186 3158 3159
f 3187 3154 3186
f 3156 3151 3176
f 3152 3200 3151
f 3419 3092 3095
f 4057 4110 4056
f 4126 4002 4113
f 4125 4058 4127
f 4058 4131 4130
f 4132 4131 4133
f 4060 1593 1594
f 4135 4126 4134
f 4138 4000 4135
f 3998 4140 2879
f 3996 4115 4113
f 3996 4177 4178
f 4056 4110 4192
f 4192 4187 4049
f 4177 3995 4202
f 4205 4193 4206
f 3918 4205 3963
f 4206 4202 3995
f 4217 4012 4222
f 4222 4219 4220
f 4048 4187 4223
f 3939 4009 4217
f 3835 1602 4269
f 4269 4272 4271
f 3918 3909 4313
f 3939 4314 3899
f 4863 3835 4270
f 4915 4914 4916
f 4914 1598 4854
f 4928 2991 1584
f 1585 4913 4930
f 6173 632 631
f 6171 634 642
f 6225 639 637
f 6229 637 636
f 6241 622 623
f 6240 623 625
f 6194 625 628
f 6235 633 632
f 6232 641 633
f 6237 630 629
f 6175 571 576
f 6239 629 572
f 6259 575 570
f 6177 567 574
f 6261 570 568
f 6182 554 555
f 6270 561 554
f 6266 569 561
f 6277 611 608
f 6197 608 610
f 6276 612 611
f 6292 549 548
f 6186 585 586
f 6294 548 585
f 6304 488 482
f 6332 532 529
f 6200 522 539
f 6334 529 526
f 6320 511 510
f 6307 521 534
f 6321 510 519
f 6310 482 496
f 6306 496 500
f 450 6336 6335
f 6189 424 421
f 6345 426 425
f 6338 425 424
f 6367 478 487
f 6337 445 450
f 1536 106 1557
f 107 1558 1559
f 1537 112 113
f 113 1536 1537
f 1537 4437 1558
f 4431 1536 1557
f 4433 4431 4432
f 1558 4437 4432
f 4476 4478 4472
f 4479 4471 4472
f 4475 4294 4295
f 4738 4715 4762
f 4693 4736 4663
f 4713 1507 4782
f 4715 4782 4762
f 4669 4801 4667
f 4666 4803 4668
f 4806 4665 4802
f 4804 4805 4802
f 4658 4805 4661
f 4692 4763 4806
f 4691 4660 4804
f 4689 4804 4807
f 1559 106 107
f 4432 1557 1559
f 4471 3873 4472
f 3874 4475 4474
f 4474 4478 4476
f 1508 4782 1507
f 4802 4668 4803
f 4804 4661 4805
f 4763 4664 4806
f 4807 4667 4801
f 1642 1631 1638
f 1687 1673 1666
f 3100 3098 3096
f 1656 3104 3097
f 3103 3104 3106
f 1682 3105 1669
f 3162 3161 1686
f 3113 3164 3115
f 3163 3133 3137
f 3137 3166 3165
f 3164 3162 3167
f 3167 3170 3169
f 3169 3125 3121
f 3192 3122 3123
f 3127 3170 3193
f 3122 3191 3101
f 3101 3195 3190
f 3196 3192 3194
f 3193 3171 3198
f 3145 3190 3188
f 3189 3138 3139
f 3263 3260 3261
f 3270 3273 3256
f 1938 1937 1935
f 1948 1945 1942
f 1940 1939 1949
f 1945 1950 1951
f 1942 1943 1952
f 1965 1963 1966
f 2016 2014 2012
f 2014 2020 2013
f 2016 2021 2022
f 2020 2025 2023
f 2027 2029 2028
f 2033 2032 2029
f 2022 1951 1950
f 2044 1936 2045
f 2046 1943 1944
f 2045 1937 2048
f 2031 1937 1938
f 1947 2015 2016
f 1944 2017 2018
f 2017 1951 2021
f 1946 2022 1950
f 1949 2029 2023
f 2025 1948 2024
f 1939 2044 2034
f 2011 2050 1952
f 2052 1938 1940
f 1942 2052 1941
f 2080 993 2081
f 993 2078 2081
f 2082 989 2080
f 2109 2107 2110
f 2124 2127 2128
f 2150 2149 2148
f 2178 2177 2176
f 2187 2182 2179
f 2185 2178 2189
f 2194 2192 2195
f 2246 2239 2240
f 2247 2239 2245
f 2243 2246 2240
f 2243 2247 2248
f 2248 2245 2246
f 2326 2324 2327
f 2327 2194 2195
f 2326 2195 2192
f 2324 2193 2194
f 2332 2330 2333
f 2337 2335 2338
f 2338 2332 2333
f 2337 2333 2330
f 2335 2331 2332
f 2345 2342 2045
f 2350 2348 2351
f 2354 2352 2355
f 2354 2355 2356
f 2354 2357 2349
f 2359 2352 2353
f 2361 2349 2034
f 2359 2351 2362
f 2360 2362 2363
f 2349 2363 2348
f 2351 2363 2362
f 2342 2364 2044
f 2343 2364 2342
f 2359 2360 2364
f 2372 2082 2080
f 2384 2080 2081
f 2371 2384 2385
f 2081 2385 2384
f 2390 2388 2387
f 2392 2387 2388
f 2393 2387 2392
f 2392 2398 2397
f 2404 2400 2402
f 2408 2407 2405
f 2405 2411 2410
f 2410 2355 2413
f 2417 2416 2415
f 2417 2389 2390
f 2403 2417 2415
f 2421 2418 2420
f 2399 2419 2421
f 2421 2344 2422
f 2409 2415 2416
f 2418 2405 2412
f 2413 2358 2420
f 2424 2423 2409
f 2425 2391 2393
f 2507 2506 2347
f 2512 2510 2509
f 2508 2178 2514
f 2511 2516 2515
f 2530 2532 2046
f 2535 2019 2534
f 2538 2046 2047
f 2538 2018 2535
f 2542 2540 2539
f 2546 1964 2545
f 2564 2562 2565
f 2563 2568 2566
f 2567 2568 2571
f 2573 2535 2536
f 2571 2564 2574
f 2576 2577 2535
f 2583 2581 2579
f 2578 2161 2584
f 2581 2585 2580
f 2587 2570 2586
f 2590 2589 2582
f 2600 2598 2597
f 2515 2602 2600
f 2604 2603 2528
f 2606 2598 2599
f 2610 2609 2608
f 2606 2612 2611
f 2613 2258 2259
f 2613 2617 2614
f 2607 2618 2613
f 2628 2627 2626
f 2604 2628 2629
f 2627 2517 2511
f 2626 2511 2512
f 2602 2517 2630
f 2633 2631 2609
f 2636 2634 2632
f 2636 2609 2610
f 2637 2632 2630
f 2635 2616 2620
f 2610 2638 2616
f 2639 2631 2637
f 2637 2604 2641
f 2635 2607 2599
f 2634 2599 2600
f 2646 2644 2642
f 2647 2166 2167
f 2647 2164 2578
f 2580 2645 2646
f 2583 2584 2170
f 2650 2582 2583
f 2644 2587 2588
f 2645 2585 2587
f 2686 2590 2650
f 2581 2582 2540
f 2687 2593 2539
f 2541 2569 2587
f 2565 2698 2699
f 2700 2564 2701
f 2543 2563 2569
f 2701 2565 2699
f 2563 2698 2562
f 2702 2699 2698
f 2705 2704 2703
f 2704 2706 2701
f 2538 2707 2533
f 2705 2708 2709
f 2703 2704 2668
f 2531 2707 2671
f 2574 2700 2706
f 2709 2535 2577
f 2697 2681 2704
f 2506 2717 2715
f 2719 2716 2717
f 2183 2432 2506
f 2176 2719 2720
f 2514 2176 2720
f 2716 2177 2185
f 2723 2629 2722
f 2722 2719 2717
f 2722 2512 2513
f 2724 2507 2526
f 2528 2723 2527
f 2730 2728 2727
f 2735 2733 2732
f 2730 2740 2739
f 2744 2743 2732
f 2725 2748 2749
f 2750 2733 2393
f 2752 2750 2751
f 2754 2753 2752
f 2756 2186 2187
f 2740 2757 2739
f 2759 2755 2756
f 2760 2150 2184
f 2186 2758 2182
f 2149 2760 2761
f 2762 2149 2761
f 2741 2765 2763
f 2767 2764 2765
f 2767 2769 2768
f 2748 2730 2731
f 2769 2767 2748
f 2764 2768 2762
f 2741 2759 2756
f 2734 2424 2425
f 2734 2393 2733
f 2754 2751 2396
f 2750 2752 2779
f 2732 2781 2745
f 2798 1987 2802
f 2801 2727 2797
f 2803 2731 2801
f 1987 2804 2802
f 2804 2805 2800
f 2803 2725 2749
f 2779 2129 2823
f 2781 2824 2745
f 2825 2824 2124
f 2546 1966 1963
f 2826 2827 2547
f 2824 2744 2745
f 2825 2548 2830
f 2824 2830 2828
f 2110 2827 2826
f 2831 1966 2827
f 1865 2805 1993
f 5415 5413 5412
f 5421 5423 5422
f 5482 5481 5480
f 5486 5484 5483
f 5483 5481 5482
f 5488 5480 5481
f 5491 5490 5485
f 5491 5494 5495
f 5496 5442 5479
f 5499 5492 5493
f 5500 5494 5498
f 5497 5489 5501
f 5499 5500 5498
f 5503 5497 5501
f 5502 5424 5422
f 5423 5496 5503
f 5502 5495 5500
f 5487 5501 5489
f 5505 5483 5484
f 5491 5504 5490
f 5508 5506 5509
f 5512 5510 5513
f 5515 5508 5509
f 5519 5517 5520
f 5516 5517 5521
f 5522 5519 5523
f 5513 5522 5524
f 5524 5434 5525
f 5515 5509 5526
f 5527 5506 5507
f 5525 5510 5511
f 5405 5527 5530
f 5528 5434 5414
f 5528 5513 5510
f 5514 5507 5508
f 5518 5522 5529
f 5527 5521 5530
f 2010 524 2011
f 2030 617 2031
f 2083 988 2082
f 2174 542 2175
f 2181 2179 2182
f 2184 596 594
f 2191 604 603
f 2340 601 2341
f 2346 613 2345
f 601 2190 2341
f 2345 600 2340
f 2191 624 2030
f 2031 614 2346
f 2381 2378 2083
f 2383 2382 2172
f 552 2401 2394
f 2400 565 2402
f 2395 559 556
f 542 2394 2175
f 557 2400 2401
f 2397 565 562
f 2174 550 541
f 495 2518 492
f 2524 536 2525
f 2530 531 2532
f 2011 523 2524
f 495 497 2530
f 2518 536 507
f 2532 535 2010
f 2552 2551 2550
f 2558 2557 2556
f 2559 2560 2561
f 2183 593 596
f 2715 2180 2561
f 2718 2715 2560
f 587 2556 581
f 581 2557 577
f 2551 2182 2758
f 2184 544 2761
f 2766 2551 2758
f 2763 544 545
f 577 2554 578
f 578 2550 2766
f 1796 2383 2173
f 4359 4358 4356
f 4482 4356 4483
f 4482 4506 4505
f 4510 4508 4511
f 4514 4512 4515
f 4517 4510 4511
f 4513 4508 4518
f 4522 4520 4523
f 4523 4524 4525
f 4504 4526 4525
f 4524 4358 4359
f 4506 4358 4527
f 4483 4357 4506
f 4521 4528 4520
f 4520 4527 4524
f 4530 4523 4531
f 4523 4526 4531
f 4526 4528 4531
f 4531 4529 4530
f 4530 4521 4522
f 4525 4524 4360
f 4507 4361 4482
f 4509 4539 4540
f 4513 4557 4508
f 4554 4516 4517
f 4555 4513 4514
f 4557 4511 4508
f 4553 4510 4516
f 4511 4555 4514
f 4548 4515 4512
f 4549 4517 4515
f 4519 4552 4559
f 4551 4518 4509
f 4559 4512 4519
f 4565 360 347
f 4567 393 394
f 4577 404 403
f 4573 407 411
f 4571 410 408
f 394 4578 4567
f 411 4566 4573
f 403 4576 4577
f 408 4570 4571
f 4583 386 381
f 4595 389 387
f 4590 378 380
f 4599 377 376
f 376 4582 4599
f 381 4591 4583
f 387 4594 4595
f 380 4597 4590
f 4601 4557 4602
f 355 4564 4605
f 347 4606 4565
f 4555 4601 4607
f 4614 363 367
f 4609 358 353
f 4618 370 368
f 4620 365 366
f 353 4615 4609
f 368 4610 4618
f 4617 367 365
f 366 4621 4620
f 354 4605 4608
f 351 4608 4616
f 340 4616 4622
f 4624 332 338
f 4557 4625 4602
f 4558 4607 4625
f 4627 327 328
f 4628 4606 335
f 334 4622 4630
f 4639 343 341
f 4633 337 339
f 328 4623 4627
f 341 4626 4639
f 338 4637 4624
f 4635 339 343
f 5208 5206 5209
f 5211 5208 5209
f 5034 5212 5213
f 5206 5183 5184
f 5192 5207 5208
f 5212 5037 5192
f 5209 5184 5195
f 5036 5213 5211
f 5227 5225 5226
f 6071 5033 5034
f 6066 5034 5036
f 6072 5037 5033
f 604 6219 603
f 596 6221 594
f 541 6223 542
f 600 6252 601
f 614 6249 613
f 624 6243 6244
f 6249 600 613
f 6252 604 601
f 6244 614 617
f 6219 624 603
f 6271 557 552
f 564 6263 565
f 556 6268 6269
f 6223 552 542
f 6264 564 557
f 562 6263 6267
f 541 6272 6224
f 544 6274 545
f 587 6282 593
f 577 6284 6286
f 594 6275 544
f 545 6284 578
f 6282 596 593
f 581 6283 587
f 492 6312 495
f 530 6325 531
f 535 6333 6329
f 523 6331 536
f 6314 530 497
f 6329 523 524
f 6325 535 531
f 507 6331 6318
f 363 203 367
f 6378 351 340
f 332 178 338
f 4625 6379 4602
f 404 234 403
f 393 231 394
f 407 245 411
f 410 237 408
f 231 404 394
f 245 393 411
f 234 410 403
f 237 407 408
f 358 200 353
f 370 209 368
f 365 206 366
f 200 363 353
f 209 358 368
f 365 203 205
f 206 370 366
f 347 6381 6382
f 6384 355 354
f 6386 6385 6383
f 6379 6381 6385
f 6380 6386 6377
f 4607 6380 4625
f 6379 4601 4602
f 6381 355 6383
f 4601 6386 4607
f 6377 354 351
f 377 224 376
f 180 327 188
f 386 213 381
f 378 217 380
f 389 219 387
f 213 378 381
f 224 386 376
f 217 389 380
f 219 377 387
f 181 337 183
f 6388 6382 6379
f 334 335 6387
f 6378 334 6388
f 6387 347 6382
f 187 343 189
f 188 341 187
f 177 328 180
f 189 339 181
f 183 338 178
f 2069 987 2083
f 983 2072 2084
f 2071 986 2070
f 2376 2373 2069
f 2181 2377 2180
f 2181 2375 2376
f 2180 2378 2379
f 2140 2071 2070
f 2141 2373 2374
f 2383 2374 2375
f 2554 2549 2550
f 2560 2555 2556
f 2379 2561 2180
f 2181 2551 2382
f 1792 2084 2140
f 1793 2141 2383
f 4987 4983 4984
f 5456 4987 4986
f 5458 5462 5456
f 5459 5465 5463
f 1599 2945 1592
f 1595 2971 1600
f 1590 2980 1596
f 4146 4156 4143
f 4112 4170 4114
f 4221 4181 4203
f 3916 4196 3915
f 4373 4352 4367
f 4425 4419 4428
f 4844 3821 3822
f 5099 5097 5100
f 5213 5210 5211
f 5324 5233 5325
f 5098 5325 5097
f 5097 5233 5100
f 5231 5098 5099
f 3058 3053 3059
f 3056 3053 3083
f 3222 3220 3223
f 3226 3224 3227
f 3241 3239 3242
f 3243 3217 3244
f 3233 3216 3243
f 3244 3217 3234
f 3240 3241 3143
f 3131 3211 3132
f 3062 3061 3063
f 3094 3091 3093
f 3154 3152 3151
f 6400 6398 6397
f 6403 6396 6404
f 6623 6618 6624
f 6626 6622 6625
f 3159 3157 3160
f 3150 3160 3149
f 3158 3156 3157
f 6402 6410 6401
f 3242 3243 3244
f 3227 3237 3226
f 3223 3229 3222
f 3773 3804 3805
f 3810 3775 3809
f 4998 3773 3805
f 3775 5000 3809
f 5753 5750 5752
f 6157 6159 6156
f 3280 3633 3632
f 3637 3635 3638
f 3646 3654 3645
f 3642 3658 3659
f 3662 3660 3663
f 3639 3660 3661
f 3656 3640 3657
f 3664 3654 3666
f 3669 3658 3661
f 3666 3643 3668
f 3668 3644 3670
f 3671 3669 3672
f 3669 3662 3672
f 3658 3670 3659
f 3663 3665 3671
f 3655 3666 3654
f 3647 3666 3673
f 3635 3654 3667
f 3632 3266 3268
f 3743 3683 3684
f 3282 3745 3685
f 3744 3634 3685
f 3744 3635 3633
f 3635 3684 3638
f 3746 3743 3744
f 3745 3731 3747
f 3747 3693 3692
f 3686 3736 3746
f 3769 3772 3773
f 3768 3774 3767
f 3789 3787 3786
f 3786 1677 3790
f 3778 3759 3788
f 3790 1678 3776
f 3754 3780 3787
f 3800 3797 3763
f 3807 3766 3792
f 3814 3813 1572
f 1575 3814 1573
f 4888 4886 4884
f 4896 4893 4891
f 4965 4933 4964
f 4959 4965 4966
f 4969 4933 4938
f 4886 4938 4885
f 4958 4966 4967
f 4995 3769 3773
f 4993 4985 4978
f 4954 4993 4996
f 4989 4990 4980
f 4991 3775 3768
f 5445 5443 5446
f 5451 5449 5448
f 5447 4894 5452
f 5446 5252 5285
f 5285 4893 5447
f 5453 5445 5450
f 5452 4895 5455
f 5468 5266 5255
f 5471 5469 5472
f 5470 5460 5461
f 5457 4888 5475
f 5273 5469 5477
f 5478 4890 5291
f 5476 5473 5474
f 5475 4889 5478
f 5471 5472 5267
f 5444 5468 5256
f 5806 5646 5647
f 5651 5809 5650
f 5652 5833 5651
f 5841 5840 5839
f 5844 5842 5845
f 5842 5846 5845
f 5850 5848 5851
f 5849 5852 5853
f 5855 5851 5854
f 5854 5585 5839
f 5843 5856 5842
f 5856 5841 5847
f 5871 5890 5889
f 5890 5838 5652
f 5848 5870 5928
f 5871 5928 5870
f 5935 5845 5936
f 5936 5937 5934
f 5962 5958 5961
f 5963 5941 5938
f 5965 5968 5853
f 5963 5939 5966
f 5944 5959 5960
f 5962 5589 5971
f 5974 5973 5972
f 5957 5956 5975
f 5972 5973 5587
f 5956 5948 5976
f 5976 5974 5972
f 5983 5981 5984
f 5976 5950 5986
f 5979 5976 5987
f 5987 5981 5988
f 5950 5982 5986
f 5982 5989 5986
f 5990 5986 5989
f 5985 5984 5981
f 5989 5984 5990
f 5981 5982 5952
f 5970 5980 5988
f 6102 4896 4897
f 4943 6097 6103
f 6105 6101 6100
f 3813 6128 3812
f 6130 3814 3815
f 6096 6128 6130
f 3802 3799 3800
f 3795 3807 3794
f 4942 4836 4941
f 4945 4943 4834
f 4947 4944 4945
f 4953 4950 4949
f 4955 4946 4947
f 4949 4950 4955
f 4957 4951 4952
f 4962 4959 4956
f 4902 4960 4961
f 4904 4963 4960
f 5105 5083 5103
f 4961 5105 4902
f 5313 5312 5311
f 5083 5314 5082
f 5316 5312 5313
f 5312 5317 5083
f 5366 5367 5368
f 4962 5369 5311
f 5316 5313 5370
f 5370 5311 5369
f 5372 5369 4957
f 5374 5372 4952
f 5376 5373 5374
f 5368 5377 5375
f 5384 5382 5363
f 5382 5383 5386
f 5395 5392 5391
f 5399 5397 5393
f 5401 5390 5391
f 5406 5404 5403
f 5402 5392 5407
f 5393 5409 5407
f 5410 5409 5398
f 5425 5398 5385
f 5332 5428 5426
f 5334 5432 5431
f 4941 5427 4942
f 5431 5414 5434
f 5427 5435 4945
f 5429 5434 5436
f 4948 5435 5438
f 5435 5439 5438
f 5441 5440 5368
f 4953 5438 5374
f 5439 5441 5376
f 5432 5433 5545
f 5417 5545 5547
f 5440 5366 5368
f 5405 5416 5551
f 5362 5425 5361
f 5549 5551 5554
f 5548 5555 5550
f 5555 5362 5364
f 5555 5551 5419
f 5421 5425 5553
f 5403 5552 5549
f 5557 5332 5430
f 5400 5328 5390
f 5390 5329 5558
f 5329 5560 5558
f 5564 5562 5556
f 5565 5562 5563
f 304 5571 5569
f 5600 5598 5601
f 5599 5602 5603
f 5603 5604 5385
f 5560 5877 5876
f 5876 5880 5879
f 5396 5876 5882
f 5872 5598 5394
f 5908 5905 5907
f 5907 5884 5908
f 5919 5910 5918
f 5921 5917 5905
f 5914 5919 5913
f 5881 5913 5920
f 5908 5883 5882
f 5910 5923 5922
f 5916 5905 5917
f 5925 5923 5579
f 5898 5922 5923
f 5879 5880 5913
f 5925 5581 5926
f 5894 5898 5924
f 5583 5926 5581
f 5585 5894 5927
f 5570 5575 5569
f 5560 5992 5878
f 6103 4834 4943
f 5557 6106 6105
f 4941 6107 6108
f 5430 5426 6108
f 6109 6105 6106
f 6125 5563 6124
f 5564 3815 6124
f 6140 6138 6141
f 312 6139 311
f 6140 3815 1576
f 4523 4528 4531
f 4745 4742 4741
f 4742 4792 4741
f 4746 4796 4745
f 4795 4743 4744
f 4743 4748 4742
f 4750 4745 4751
f 4756 4747 4754
f 4741 4753 4740
f 4777 4750 4751
f 4709 4778 4779
f 4711 4780 4773
f 4767 4756 4754
f 4796 4751 4745
f 4776 4744 4750
f 4781 4746 4756
f 4799 4742 4748
f 4798 4748 4749
f 4797 4749 4743
f 4792 4757 4741
f 4793 4753 4757
f 4712 4788 4778
f 4717 4784 4785
f 4708 4779 4787
f 4710 4789 4780
f 4703 4786 4783
f 4706 4783 4784
f 4705 4791 4790
f 4701 4766 4791
f 6687 6685 6688
f 6699 6698 6700
f 6723 6731 6732
f 6721 6734 6733
f 6719 6745 6744
f 6716 6700 6745
f 6715 6743 6746
f 6717 6746 6734
f 6726 6747 6742
f 6724 6741 6748
f 6686 6748 6685
f 6727 6732 6747
f 4740 4753 292
f 4765 4764 4699
f 291 4700 4774
f 4702 4764 4766
f 4771 4766 4770
f 4770 4752 4753
f 4755 4767 4754
f 4774 4711 4773
f 4785 4783 4786
f 4778 4787 4779
f 4780 4772 4773
f 4790 4766 4771
f 4770 4792 4769
f 4768 4781 4767
f 4796 4776 4777
f 4799 4797 4800
f 6700 6744 6745
f 6746 6733 6734
f 6742 6732 6731
f 6688 6748 6741
f 4786 4790 4789
f 6743 6744 6741
f 4792 4800 4796
f 4716 4785 4788
f 4786 4705 4790
f 4789 4708 4787
f 6697 6688 6698
f 6720 6733 6731
f 6741 6726 6742
f 6743 6719 6744
f 4878 4872 4877
f 4878 4879 4880
f 4880 4814 4879
f 5003 5002 5001
f 5008 5006 5004
f 5012 5011 5009
f 5021 5017 5014
f 5017 5024 5023
f 5016 5026 5015
f 5010 5029 5027
f 5028 5025 5023
f 5012 5027 5024
f 5033 4813 4812
f 5035 4812 5034
f 5039 5037 5033
f 5042 5041 5040
f 4871 4872 5043
f 5045 5040 5044
f 4878 5043 5041
f 5051 5048 5046
f 5055 5053 5056
f 5062 5058 5053
f 5052 5065 5054
f 5064 5055 5054
f 5043 5069 5063
f 5072 5004 5070
f 5047 5070 5048
f 5061 5074 5073
f 5076 5073 5075
f 5071 5030 5010
f 5419 5418 5417
f 5419 5416 5412
f 5479 5442 5439
f 5493 5409 5410
f 5516 5408 5407
f 5524 5436 5437
f 5485 5486 5519
f 5480 5479 5524
f 5516 5409 5493
f 6395 6393 6396
f 6621 6619 6622
f 6394 6399 6393
f 6420 6403 6404
f 6611 6613 6614
f 6617 6616 6618
f 6620 6624 6619
f 6394 6395 6419
f 6413 6407 6402
f 6628 6623 6620
f 6613 6628 6626
f 6751 6749 6752
f 6749 6753 6754
f 6754 6755 6756
f 6751 6756 6755
f 6750 6755 6753
f 6752 6754 6756
f 6759 6757 6760
f 6763 6761 6764
f 6760 6764 6759
f 6757 6761 6762
f 6770 6768 6765
f 6759 6771 6769
f 6770 6761 6758
f 6771 6766 6767
f 6760 6762 6763
f 6767 6765 6768
f 6775 6773 6776
f 6779 6777 6780
f 6780 6776 6779
f 6778 6774 6777
f 6786 6784 6781
f 6779 6787 6785
f 6786 6773 6778
f 6787 6782 6783
f 6783 6781 6784
f 6791 6789 6792
f 6794 6792 6789
f 6794 6775 6780
f 6777 6796 6793
f 6796 6790 6791
f 6799 6797 6800
f 6805 6808 6809
f 6808 6801 6810
f 6811 6800 6812
f 6804 6811 6812
f 6816 6807 6804
f 6800 6815 6816
f 6803 6801 6799
f 6806 6804 6807
f 6797 6813 6814
f 6813 6807 6814
f 6818 6809 6810
f 6802 6810 6801
f 6818 6803 6817
f 6817 6799 6809
f 6821 6819 6822
f 6825 6823 6826
f 6823 6820 6821
f 6825 6822 6819
f 6824 6819 6820
f 6826 6821 6822
f 6829 6827 6830
f 6832 6829 6830
f 6834 6831 6832
f 6833 6827 6828
f 6834 6830 6827
f 6831 6828 6829
f 6837 6835 6838
f 6845 6843 6846
f 6839 6845 6842
f 6851 6852 6853
f 6843 6849 6846
f 6853 6838 6851
f 6841 6839 6842
f 6841 6836 6840
f 6847 6842 6845
f 6839 6848 6844
f 6851 6846 6849
f 6835 6850 6838
f 6853 6843 6854
f 6836 6854 6848
f 6857 6855 6858
f 6861 6859 6862
f 6859 6856 6857
f 6861 6858 6855
f 6862 6857 6858
f 6860 6855 6856
f 6865 6863 6866
f 6869 6867 6870
f 6871 6866 6872
f 6863 6873 6874
f 6868 6864 6871
f 6873 6869 6874
f 6867 6872 6870
f 6869 6872 6863
f 6877 6875 6878
f 6881 6879 6882
f 6879 6876 6877
f 6881 6878 6875
f 6880 6875 6876
f 6882 6877 6878
f 6885 6883 6886
f 6883 6887 6888
f 6887 6889 6888
f 6885 6889 6890
f 6886 6888 6889
f 6884 6890 6887
f 6893 6891 6894
f 6897 6895 6898
f 6895 6893 6894
f 6897 6891 6892
f 6898 6894 6891
f 6896 6892 6893
f 6901 6899 6902
f 6902 6903 6904
f 6903 6905 6904
f 6900 6905 6906
f 6901 6904 6905
f 6899 6906 6903
f 6909 6907 6910
f 6913 6911 6914
f 6907 6912 6913
f 6910 6913 6914
f 6909 6914 6911
f 6908 6911 6912
f 6917 6915 6918
f 6921 6919 6922
f 6916 6920 6915
f 6918 6922 6917
f 6928 6926 6923
f 6928 6916 6917
f 6922 6930 6927
f 6930 6924 6925
f 6921 6915 6920
f 6925 6923 6926
f 6933 6931 6934
f 6937 6935 6938
f 6939 6937 6940
f 6942 6941 6934
f 6943 6946 6944
f 6933 6943 6944
f 6941 6945 6943
f 6936 6946 6945
f 6932 6944 6946
f 6949 6947 6950
f 6949 6942 6939
f 6950 6938 6942
f 6948 6939 6940
f 6947 6940 6938
f 6953 6951 6954
f 6957 6955 6958
f 6954 6958 6955
f 6953 6955 6956
f 6952 6956 6957
f 6951 6957 6958
f 6961 6959 6962
f 6965 6963 6966
f 6962 6966 6963
f 6961 6963 6964
f 6960 6964 6965
f 6959 6965 6966
f 6969 6967 6970
f 6973 6971 6974
f 6970 6974 6971
f 6969 6971 6972
f 6968 6972 6973
f 6967 6973 6974
f 6977 6975 6978
f 6982 6978 6975
f 6981 6975 6976
f 6980 6976 6977
f 6979 6977 6978
f 6981 6979 6982
f 6985 6983 6986
f 6989 6987 6990
f 6986 6989 6985
f 6984 6987 6983
f 6996 6994 6991
f 6986 6997 6995
f 6996 6987 6988
f 6997 6992 6993
f 6985 6990 6984
f 6993 6991 6994
f 7001 6999 7002
f 7005 7003 7006
f 7006 7002 6999
f 7001 7005 7000
f 7004 7002 7003
f 7000 7006 6999
f 7009 7007 7010
f 7013 7011 7014
f 7013 7010 7007
f 7011 7008 7009
f 7012 7007 7008
f 7014 7009 7010
f 7017 7015 7018
f 7020 7016 7017
f 7015 7019 7018
f 7020 7018 7019
f 7016 7022 7015
f 7021 7019 7022
f 7025 7023 7026
f 7028 7031 7027
f 7035 7033 7036
f 7038 7033 7037
f 7035 7025 7034
f 7023 7041 7026
f 7029 7027 7030
f 7029 7033 7028
f 7030 7036 7038
f 7030 7037 7029
f 7025 7028 7034
f 7027 7024 7035
f 7032 7039 7031
f 7039 7041 7042
f 7032 7041 7040
f 7031 7042 7023
f 7045 7043 7046
f 7049 7047 7050
f 7053 7051 7054
f 7047 7055 7056
f 7057 7048 7058
f 7044 7048 7043
f 7051 7059 7054
f 7060 7050 7059
f 7056 7059 7050
f 7060 7058 7049
f 7061 7053 7062
f 7046 7062 7045
f 7046 7052 7061
f 7053 7045 7062
f 7065 7063 7066
f 7069 7067 7070
f 7066 7069 7070
f 7064 7067 7068
f 7065 7070 7067
f 7063 7068 7069
f 7073 7071 7074
f 7077 7075 7078
f 7077 7073 7076
f 7083 7078 7081
f 7075 7084 7080
f 7087 7082 7085
f 7072 7086 7071
f 7089 7079 7090
f 7073 7090 7084
f 7081 7079 7082
f 7075 7081 7078
f 7087 7088 7089
f 7079 7085 7082
f 7089 7071 7087
f 7093 7091 7094
f 7096 7092 7097
f 7098 7100 7099
f 7094 7098 7099
f 7095 7100 7102
f 7091 7102 7098
f 7101 7099 7100
f 7105 7103 7106
f 7106 7097 7093
f 7104 7101 7096
f 7103 7096 7097
f 7105 7093 7101
f 7109 7107 7110
f 7112 7109 7110
f 7115 7113 7116
f 7113 7117 7116
f 7107 7119 7120
f 7119 7115 7120
f 7121 7112 7122
f 7117 7121 7122
f 7111 7123 7124
f 7123 7108 7124
f 7121 7125 7123
f 7125 7119 7123
f 7122 7126 7127
f 7126 7120 7127
f 7127 7117 7122
f 7120 7128 7127
f 7131 7129 7132
f 7134 7131 7132
f 7136 7129 7130
f 7135 7133 7134
f 7135 7132 7129
f 7133 7130 7131
f 11 10 9
f 19 18 17
f 14 20 17
f 25 24 23
f 19 26 23
f 25 12 9
f 15 14 13
f 16 10 11
f 15 21 20
f 16 13 17
f 23 27 22
f 21 28 26
f 27 24 9
f 28 11 12
f 29 34 33
f 33 32 31
f 31 30 29
f 35 37 29
f 29 30 36
f 38 35 36
f 36 41 40
f 39 38 36
f 42 45 44
f 42 44 43
f 40 41 42
f 271 270 269
f 279 281 275
f 275 273 280
f 278 281 279
f 279 283 282
f 282 277 278
f 725 724 723
f 1036 1041 1040
f 1040 1034 1035
f 1039 1038 1037
f 1040 1035 1039
f 1037 1036 1040
f 1034 1040 1044
f 1044 1043 1042
f 1033 1034 1044
f 1045 1037 1038
f 1048 1047 1046
f 1045 1038 1048
f 1031 1032 1056
f 1056 1055 1052
f 1053 1031 1056
f 1050 1060 1059
f 1059 1058 1057
f 1049 1050 1059
f 1061 1030 1031
f 1031 1053 1054
f 1051 1049 1057
f 1031 1054 1051
f 1057 1061 1031
f 1029 1030 1061
f 1068 1067 1066
f 1029 1061 1068
f 1067 1041 1036
f 1036 1069 1066
f 1069 1028 1029
f 1076 1075 1023
f 1055 1077 1083
f 1083 1077 1080
f 1080 1021 1022
f 1084 1083 1080
f 1087 1084 1022
f 1022 1023 1075
f 1075 1091 1089
f 1090 1087 1022
f 1075 1089 1090
f 1091 1085 1079
f 1079 1078 1088
f 1089 1091 1079
f 1090 1051 1054
f 1078 1060 1050
f 1054 1052 1083
f 1090 1088 1050
f 1035 1223 1222
f 1219 1033 1042
f 1195 1047 1048
f 1223 1035 1033
f 1033 1219 1220
f 1048 1039 1222
f 1222 1217 1216
f 1360 1356 724
f 1385 1359 1356
f 1388 1360 1395
f 1386 1395 1359
f 1360 1388 1384
f 1422 723 724
f 726 723 1422
f 1519 1518 1517
f 1522 1519 1521
f 1535 1522 1539
f 1539 1538 1537
f 1536 1535 1539
f 1520 1517 1542
f 1541 1540 1538
f 1520 1542 1541
f 1541 1538 1539
f 1519 1520 1544
f 1545 124 129
f 1519 1544 1545
f 1546 1521 1519
f 1545 129 1546
f 1548 1550 1547
f 1547 129 127
f 127 1549 1548
f 1544 1520 1539
f 1562 1561 1543
f 1544 1539 1562
f 1522 1523 1564
f 1564 126 123
f 1565 1562 1539
f 1564 123 1565
f 1539 1522 1564
f 1553 125 126
f 1563 1566 1555
f 1553 126 1563
f 1547 1550 1566
f 125 1553 1549
f 1545 1543 1561
f 1564 1546 1547
f 124 1545 1565
f 1564 1523 1521
f 1579 1578 1577
f 1581 1583 1582
f 1582 1577 1578
f 1584 1588 1587
f 1587 1586 1585
f 1583 1581 1587
f 1589 1585 1586
f 1593 1592 1591
f 1597 1596 1595
f 1601 1600 1599
f 1668 1672 1671
f 1670 1669 1656
f 1668 1671 1670
f 1670 1656 1657
f 1668 1666 1673
f 1674 1679 1678
f 1677 1676 1675
f 1674 1678 1677
f 1680 1682 1669
f 1669 1670 1681
f 1683 1685 1671
f 1672 1673 1684
f 1683 1671 1672
f 1788 1787 1076
f 1826 1825 1824
f 2090 2089 1787
f 2093 2092 2091
f 2227 2199 2196
f 2249 2231 2241
f 2241 2237 2250
f 2199 2227 2228
f 2228 2231 2249
f 2250 2237 2233
f 2257 2260 2259
f 2258 2158 2257
f 2278 2275 2279
f 2278 2279 2269
f 2142 2143 2278
f 2278 2269 2270
f 2273 2281 2253
f 2253 2254 2280
f 2272 2273 2253
f 2274 2272 2280
f 2280 2091 2092
f 2092 2142 2270
f 2271 2274 2280
f 2092 2270 2271
f 2287 2251 2252
f 2252 2290 2289
f 2288 2287 2252
f 2089 2090 2287
f 2287 2288 2293
f 2292 2291 2147
f 2287 2293 2292
f 2147 2089 2287
f 2294 2295 2286
f 2286 2146 2147
f 2291 2294 2286
f 2271 2292 2293
f 2283 2281 2273
f 2273 2289 2290
f 2294 2269 2279
f 2279 2282 2295
f 2269 2294 2292
f 2274 2293 2289
f 2297 2296 2277
f 2306 2308 2159
f 2307 2144 2145
f 2307 2145 2309
f 2301 2302 2307
f 2307 2309 2310
f 2312 2314 2255
f 2255 2256 2300
f 2313 2312 2255
f 2093 2094 2314
f 2314 2312 2315
f 2311 2309 2145
f 2314 2315 2311
f 2145 2093 2314
f 2316 2311 2315
f 2308 2306 2305
f 2304 2260 2257
f 2310 2318 2319
f 2319 2305 2301
f 2300 2304 2320
f 2320 2321 2313
f 2317 2315 2313
f 2318 2310 2311
f 2257 2158 2159
f 2159 2308 2319
f 2320 2257 2159
f 2277 2322 2323
f 2323 2265 2266
f 2591 2596 2595
f 2595 2594 2593
f 2592 2591 2595
f 2659 2658 2657
f 2663 2662 2661
f 2673 2676 2675
f 2675 2665 2666
f 2674 2673 2675
f 2674 2677 2678
f 2666 2669 2657
f 2657 2658 2677
f 2677 2674 2666
f 2680 2675 2676
f 2663 2664 2672
f 2672 2665 2675
f 2680 2663 2672
f 2663 2679 2678
f 2688 2682 2683
f 2685 2691 2690
f 2691 2685 2662
f 2691 2662 2663
f 2659 2682 2688
f 2688 2691 2663
f 2658 2659 2688
f 2593 2690 2691
f 2692 2592 2593
f 2592 2692 2693
f 2688 2689 2594
f 2594 2595 2694
f 2694 2595 2596
f 2688 2695 2693
f 2796 2788 2678
f 2676 2795 2796
f 2678 2788 2789
f 2673 2789 2795
f 2596 2785 2787
f 2787 2794 2693
f 2693 2794 2784
f 2591 2784 2785
f 481 2820 2816
f 2817 2821 489
f 2814 2815 456
f 452 453 2810
f 456 2815 2810
f 481 489 2821
f 2817 460 452
f 2816 2814 457
f 2848 2851 2265
f 2859 2858 2857
f 2864 2866 2865
f 2865 2863 2861
f 2858 2859 2864
f 2865 2861 2858
f 2862 2863 2869
f 2856 2854 2868
f 2862 2869 2856
f 2868 2867 2862
f 2913 1640 1641
f 2870 2871 2912
f 2912 516 517
f 1645 1640 2913
f 2912 517 1645
f 1645 2913 2914
f 2928 2924 2925
f 2930 2929 2928
f 2931 2916 2917
f 2934 2933 2932
f 2931 2917 2934
f 2935 2918 2868
f 2854 2855 2936
f 2935 2868 2854
f 2937 2901 2902
f 2939 2930 2925
f 2937 2902 2939
f 2925 2938 2937
f 2880 2908 2941
f 2940 2882 2880
f 2941 2908 2901
f 2882 2940 2942
f 2874 2875 2945
f 2944 2943 2874
f 2911 2910 2943
f 2911 2943 2948
f 2947 2946 2911
f 2949 2924 2928
f 2946 2947 2949
f 1591 1592 2945
f 2952 2951 2950
f 1591 2945 2952
f 2952 2914 2913
f 2913 2953 2951
f 2950 2951 2954
f 2953 2913 2877
f 2877 2878 2954
f 2955 2954 2878
f 2875 2876 2952
f 2876 2870 2914
f 2911 2946 2939
f 2940 2941 2948
f 2943 2910 2908
f 2908 2880 2874
f 2945 2942 2940
f 2937 2947 2948
f 2937 2938 2949
f 2928 2929 2939
f 2900 2962 2856
f 2904 2964 2963
f 2932 2933 2963
f 2936 2855 2856
f 2965 2906 2897
f 2897 2889 2885
f 2866 2864 2888
f 2898 2899 2966
f 2894 2969 2968
f 2889 2897 2898
f 2889 2898 2967
f 2969 2894 2889
f 2970 2966 2899
f 2963 2934 2917
f 2970 2899 2963
f 1600 2971 2942
f 2971 2968 2969
f 2885 2886 2971
f 2972 2965 2885
f 2887 2942 2971
f 2965 2972 2974
f 2974 2905 2906
f 2975 2973 2916
f 2916 2931 2964
f 2964 2904 2905
f 2905 2975 2916
f 2966 2975 2974
f 2969 2967 2974
f 2966 2970 2973
f 2858 2861 2978
f 2978 2895 2896
f 2896 2888 2891
f 2979 2978 2896
f 2980 2857 2858
f 1596 2980 2968
f 2891 2892 2980
f 2968 2980 2892
f 2962 2900 2982
f 2982 2981 2918
f 2918 2935 2962
f 2982 2900 2895
f 2862 2982 2978
f 2862 2867 2981
f 444 447 1844
f 3006 1845 1846
f 1586 3011 2857
f 3014 3013 3012
f 2988 3014 3015
f 3015 3016 2987
f 2857 3011 2986
f 3017 3015 3012
f 3012 3020 3019
f 3019 3018 3017
f 3021 1849 1852
f 3021 3010 1846
f 3028 3027 1850
f 445 446 3029
f 3019 3023 3027
f 3019 3027 3028
f 451 3018 3019
f 3029 446 451
f 3019 3028 3029
f 1852 1850 3027
f 3001 2996 3037
f 2988 2989 3001
f 3037 2996 2997
f 3042 3041 3037
f 3041 3040 3013
f 3013 3014 3037
f 3040 3041 3042
f 3038 3039 3042
f 3034 1579 1580
f 1580 3044 3009
f 3011 3046 3045
f 3045 2985 2986
f 3008 3009 3044
f 3048 3047 3008
f 2995 2992 3045
f 2995 3045 3046
f 3047 3048 2995
f 1587 3046 3011
f 1577 3048 3044
f 1581 3047 3046
f 3047 1581 1578
f 3036 3008 3047
f 1582 2995 3048
f 2992 1588 1584
f 1584 2985 3045
f 1827 1824 3038
f 1826 2998 3002
f 2998 1826 1827
f 1827 3043 2997
f 3066 3065 3064
f 2851 2848 3068
f 3068 3071 3069
f 3068 3086 3085
f 3082 3071 3068
f 3163 3173 3172
f 3187 3190 3196
f 1679 1674 3245
f 3253 3259 3258
f 3253 3258 3257
f 3255 3254 3253
f 3253 3257 3256
f 3260 3259 3253
f 3253 3246 3261
f 3262 3264 3259
f 3271 3270 3257
f 3272 3274 3255
f 3275 3279 3268
f 3318 3323 3322
f 3322 3321 3320
f 3319 3318 3322
f 3405 3400 3401
f 3397 3412 3411
f 3406 3401 3396
f 3421 3406 3409
f 3405 3424 3423
f 3423 3424 3421
f 3405 3406 3421
f 3410 3423 3422
f 3611 3615 3614
f 3614 3613 3612
f 3618 3617 3616
f 3620 3301 3263
f 3620 3263 3261
f 3621 3620 3261
f 3621 3261 3246
f 3252 3619 3616
f 3616 3621 3246
f 3245 3252 3616
f 3611 3623 3622
f 3622 3621 3616
f 3622 3616 3617
f 3615 3611 3622
f 3611 3612 3624
f 3625 3306 1664
f 1665 1667 3625
f 1660 1661 3301
f 3301 3620 1655
f 3622 3623 1668
f 1657 1655 3620
f 3623 3625 1667
f 3695 3724 3723
f 3688 3737 3736
f 3739 3738 3682
f 3740 3705 3706
f 3735 3681 3682
f 3740 3706 3735
f 3735 3682 3738
f 3736 3737 3319
f 3319 3320 3738
f 3739 3736 3319
f 3307 3308 3740
f 3740 3738 3320
f 3382 3307 3740
f 3319 3737 3748
f 3748 3749 3318
f 3689 3748 3737
f 3723 3748 3689
f 3751 3323 3318
f 3723 3724 3750
f 3750 3751 3749
f 3751 3750 3698
f 3698 3322 3323
f 3757 3753 3754
f 3759 3758 3757
f 3762 3761 3760
f 3764 3769 3768
f 3764 3768 3767
f 3762 3764 3767
f 3762 3767 3766
f 3258 3259 3761
f 3761 3762 3766
f 3765 3258 3761
f 3770 3765 3766
f 3776 3253 3254
f 3779 3778 3777
f 3776 3254 3779
f 3246 3253 3776
f 3776 1678 1679
f 3779 3757 3758
f 3779 3783 3753
f 3783 3779 3254
f 3266 3267 3783
f 3791 3271 3258
f 3793 3792 3766
f 3791 3795 3794
f 3264 3796 3761
f 3764 3762 3797
f 3797 3800 3799
f 3799 3801 3760
f 3760 3761 3796
f 3763 3760 3801
f 3770 3808 3795
f 3791 3765 3770
f 3808 3770 3771
f 3826 3825 3824
f 3830 3829 3828
f 3833 3832 3828
f 3832 3833 3834
f 3834 3824 3825
f 3835 3830 3831
f 3831 1600 1601
f 3916 3915 3914
f 3920 3923 3914
f 3914 3915 3922
f 3922 3921 3919
f 3919 3920 3914
f 3924 3931 3930
f 3930 3929 3928
f 3927 3926 3925
f 3930 3928 3927
f 3925 3924 3930
f 3933 3932 3921
f 3928 3932 3933
f 3931 3935 3934
f 3936 3916 3917
f 3917 3940 3939
f 3938 3937 3936
f 3917 3939 3938
f 3941 3943 3937
f 3937 3938 3942
f 3941 3942 3944
f 3944 3951 3950
f 3950 3949 3948
f 3947 3946 3945
f 3950 3948 3947
f 3945 3944 3950
f 3953 3952 3949
f 4039 4042 4038
f 4038 4035 4041
f 4040 4039 4038
f 4043 4042 4039
f 4041 4047 4046
f 4046 4045 4040
f 4044 1592 1593
f 1593 4060 4043
f 4063 4062 4061
f 4065 4070 4069
f 4068 4067 4066
f 4065 4069 4068
f 4077 4076 4075
f 4079 4084 4083
f 4082 4081 4080
f 4079 4083 4082
f 4085 4089 4088
f 4088 4087 4086
f 4094 4097 4096
f 4095 4090 4091
f 4094 4096 4095
f 4098 4018 4019
f 4100 4065 4066
f 4098 4019 4100
f 4066 4099 4098
f 4018 4098 4101
f 4102 4017 4101
f 4107 4108 4106
f 4106 3973 3974
f 4104 3972 3973
f 4105 4109 4081
f 4104 3973 4105
f 4081 4082 4104
f 4103 4112 4111
f 4111 4110 4102
f 4113 4115 4114
f 4108 4107 4113
f 4117 4116 4109
f 4120 4119 4118
f 4122 3983 3984
f 4121 4118 4090
f 4122 3984 4121
f 4090 4095 4122
f 4120 3992 3991
f 4123 4094 4091
f 4120 3991 4123
f 4091 4119 4120
f 4096 4097 4123
f 3983 4122 4123
f 4117 3982 3981
f 4124 4079 4080
f 4117 3981 4124
f 4080 4116 4117
f 4083 4084 4124
f 3972 4104 4124
f 4107 3974 3979
f 3979 4126 4113
f 4141 3985 3987
f 3987 4138 4135
f 4135 4136 4143
f 4142 4141 4135
f 4144 4146 4129
f 4129 4127 4145
f 4141 4142 4147
f 4147 3984 3985
f 4148 4032 4033
f 4150 4088 4089
f 4148 4033 4150
f 4089 4149 4148
f 4032 4148 4151
f 4145 4031 4151
f 4153 4152 4147
f 4138 3987 3992
f 4138 3992 4152
f 4153 4140 4138
f 4120 4121 4147
f 4133 4155 4154
f 2950 2955 4156
f 4156 4154 4155
f 4143 4156 4153
f 4140 4153 4156
f 4139 4156 2955
f 4144 4158 4154
f 2950 4155 4036
f 2950 4036 4037
f 4043 1591 2950
f 2950 4037 4042
f 4131 4059 4036
f 4036 4155 4133
f 4130 4132 4154
f 4158 4159 4130
f 4145 4127 4130
f 1591 4043 4060
f 4038 4031 4145
f 4161 4085 4086
f 4164 4163 4161
f 4163 4164 4035
f 4035 4038 4159
f 4162 4163 4035
f 4148 4163 4162
f 4150 4164 4086
f 4149 4161 4163
f 4151 4162 4158
f 4164 4150 4033
f 4034 4035 4164
f 4166 4165 4106
f 4126 3979 3982
f 4126 3982 4165
f 4166 4134 4126
f 4023 4167 4100
f 4117 4105 4106
f 4168 4026 4017
f 4102 4110 4125
f 4168 4017 4102
f 4170 4169 4146
f 4114 4170 4166
f 4103 4171 4169
f 4129 4146 4169
f 4134 4166 4170
f 4137 4170 4143
f 4125 4128 4169
f 4171 4168 4125
f 4168 4171 4173
f 4173 4174 4029
f 4167 4023 4029
f 4174 4172 4067
f 4167 4029 4174
f 4067 4068 4167
f 4098 4174 4173
f 4103 4101 4173
f 4098 4099 4172
f 4069 4070 4100
f 4176 4175 4112
f 4177 3977 4180
f 4179 4178 4177
f 4178 4179 4181
f 4050 4187 4185
f 4185 4183 4186
f 4187 4189 4188
f 4184 4185 4187
f 4176 4114 4115
f 4191 4190 4176
f 4182 4181 4190
f 4111 4112 4175
f 4192 4175 4188
f 4190 4181 4188
f 4188 4175 4176
f 4193 4197 4196
f 4196 4195 4194
f 4198 4202 4201
f 4200 4199 4198
f 4195 4203 4200
f 4200 4201 4194
f 4199 4204 3994
f 4198 3994 3977
f 4203 4181 4179
f 4199 4200 4179
f 4179 4180 4204
f 4207 4196 4197
f 4197 4205 4208
f 4209 3962 3960
f 4208 3962 4209
f 3921 3932 3962
f 4208 4205 3919
f 3921 3962 4208
f 3915 4196 4207
f 4210 3927 3933
f 4207 4209 3933
f 4011 4010 4212
f 4212 4010 4213
f 4214 4213 4217
f 4217 4216 4215
f 4218 4215 4216
f 4220 4219 4218
f 4221 4203 4195
f 4215 4218 4195
f 4224 4227 4226
f 4226 4225 4051
f 4228 4221 4218
f 4218 4219 4223
f 4225 4226 4228
f 4218 4223 4225
f 4227 4224 4186
f 4183 4184 4228
f 4227 4186 4183
f 4228 4184 4188
f 4187 4050 4051
f 4213 4010 3942
f 3942 3938 4217
f 4211 4212 3941
f 3936 4214 4215
f 3943 3941 4212
f 4212 4214 3936
f 4232 4231 4230
f 4240 4236 4233
f 4233 4076 4077
f 3931 3924 4237
f 4237 4241 3935
f 4242 4239 3925
f 4236 4240 4244
f 4244 3968 3993
f 4243 4229 4230
f 4244 3993 4243
f 4230 4236 4244
f 4204 4243 3993
f 4240 4077 4078
f 4245 4075 4076
f 4233 4234 4245
f 3978 4246 4180
f 4231 4232 4246
f 4246 3978 3967
f 4245 4234 4231
f 4246 3967 4245
f 4246 4243 4204
f 4075 4245 4244
f 3968 4244 4245
f 4246 4232 4229
f 3935 4241 4247
f 4248 4247 4241
f 4237 4238 4248
f 4239 4242 4210
f 4210 3959 4248
f 4248 4238 4239
f 4247 4248 3930
f 3929 3930 4248
f 4210 4242 3926
f 4254 4250 4253
f 4252 4257 4256
f 4256 4064 4061
f 4260 3948 3949
f 3949 3952 4261
f 3947 4258 4262
f 4263 4256 4257
f 4254 4255 4264
f 4263 4257 4254
f 4053 4016 4263
f 4254 4264 4053
f 4053 4264 4224
f 4063 4064 4256
f 4252 4061 4062
f 4062 4265 4251
f 4186 4266 4054
f 4265 4013 4054
f 4266 4253 4250
f 4265 4054 4266
f 4250 4251 4265
f 4264 4266 4186
f 4063 4263 4265
f 4264 4255 4253
f 4013 4265 4263
f 3953 4267 4261
f 4260 4261 4267
f 4267 4268 4259
f 4005 4211 4262
f 4258 4259 4268
f 4005 4262 4258
f 3953 3950 4268
f 3945 3946 4262
f 4005 4268 3950
f 4044 4279 1599
f 4037 4277 4280
f 4279 4281 4269
f 4269 1602 1599
f 4280 4060 4269
f 4272 4060 4280
f 4283 4282 4046
f 4046 4047 4284
f 4281 4279 4287
f 4273 4274 4287
f 4286 4275 4273
f 4288 4285 4282
f 4286 4273 4288
f 4282 4283 4286
f 4288 4287 4039
f 4284 4047 4041
f 4044 4039 4287
f 4040 4045 4285
f 4038 4042 4280
f 4280 4281 4274
f 4275 4286 4041
f 4315 4300 4303
f 4315 4303 4318
f 3878 3881 4316
f 4316 4315 4318
f 4317 3878 4316
f 4319 4324 4323
f 4323 4322 4321
f 4320 4319 4323
f 4321 4322 4327
f 4327 4326 4325
f 4326 4329 4328
f 4333 4337 4331
f 4331 4332 4336
f 4335 4334 4333
f 4331 4336 4335
f 4335 4340 4339
f 4338 4334 4335
f 3899 4314 4344
f 4342 4343 3899
f 4341 4328 4329
f 4329 3899 4343
f 4313 4353 4352
f 3909 4348 4332
f 3909 4332 4330
f 4353 4313 3909
f 3940 3917 4344
f 3923 4312 4352
f 3914 4352 4344
f 4354 4323 4324
f 4362 4339 4340
f 4364 4366 4365
f 4365 3903 3904
f 3904 3905 4367
f 4371 4369 4370
f 4370 3891 4372
f 4368 4373 3890
f 3890 3891 4370
f 4377 4365 4366
f 4374 4381 4377
f 4378 4380 4379
f 4374 4377 4378
f 4379 4376 4374
f 4384 4383 4382
f 4362 4363 4382
f 4387 4391 4390
f 4390 4389 4388
f 4392 4393 4387
f 4392 4387 4388
f 4371 4372 4392
f 4392 4388 4386
f 4354 4355 4394
f 4391 4395 4396
f 4355 4324 4319
f 4321 4389 4390
f 4379 4380 4337
f 4338 4339 4362
f 4377 4381 4336
f 4332 4348 4365
f 4377 4336 4332
f 4366 4364 4353
f 4348 3909 3903
f 4331 4378 4366
f 4382 4363 4340
f 4340 4335 4374
f 4375 4382 4340
f 4381 4374 4335
f 4331 4337 4380
f 4367 4352 4353
f 4368 4342 4344
f 4393 4392 4329
f 4326 4327 4393
f 4327 4322 4387
f 4369 4386 4328
f 4341 4342 4368
f 4369 4328 4341
f 4388 4325 4328
f 4388 4389 4321
f 3899 4329 4392
f 4372 3891 3899
f 4322 4323 4354
f 4322 4354 4395
f 4391 4387 4322
f 4396 4400 4399
f 4399 4398 4397
f 4419 4423 4422
f 4422 4421 4420
f 4424 3867 3865
f 3865 4422 4423
f 4423 4425 4424
f 4426 3910 3911
f 4424 4425 4427
f 4426 3911 4424
f 1566 1550 4426
f 4426 4427 4428
f 4419 4373 4367
f 3878 4317 4421
f 4421 4422 3877
f 3882 3883 4426
f 4373 4419 3896
f 3900 3901 4428
f 4428 4367 3905
f 3902 1566 4428
f 3881 3896 4419
f 4420 4316 3881
f 3867 4424 3886
f 3910 4426 3883
f 4424 3911 3889
f 3885 3886 4424
f 3866 3877 4422
f 4408 4444 3862
f 4437 1537 1538
f 1538 1540 4418
f 4418 4383 4384
f 4384 4437 1538
f 4441 4444 4408
f 4410 1542 1517
f 4441 4408 4410
f 1517 1518 4441
f 4450 4451 4421
f 4421 4317 4318
f 4453 4458 4457
f 4456 4455 4454
f 4453 4457 4456
f 4296 4297 4453
f 4296 4453 4454
f 4318 4303 4296
f 4452 4450 4318
f 4296 4454 4452
f 4457 4458 4459
f 4456 4462 4461
f 4399 4460 4462
f 4463 4398 4399
f 4316 4420 4467
f 4466 4315 4316
f 4462 4460 4459
f 4470 4469 4461
f 4462 4459 4470
f 4299 4300 4315
f 4315 4466 4468
f 4469 4470 4299
f 4315 4468 4469
f 4454 4469 4468
f 4470 4459 4458
f 4451 4452 4468
f 4467 4420 4421
f 4451 4468 4467
f 4454 4455 4461
f 4297 4299 4470
f 4405 4406 4457
f 4460 4399 4400
f 4405 4457 4460
f 3850 3852 4473
f 4407 4481 4457
f 4457 4481 4474
f 4475 4456 4457
f 4407 4401 4473
f 4407 4473 4477
f 4478 4474 4481
f 4481 4407 4477
f 4656 4305 4309
f 4298 4293 4657
f 4657 4654 4302
f 4301 4298 4657
f 4725 4729 4728
f 4728 4727 4726
f 4727 4728 3854
f 3887 3861 4727
f 4827 4826 4825
f 4833 4837 4836
f 4835 4834 4833
f 4853 4855 4854
f 4854 1598 1595
f 4855 4853 4857
f 4857 4859 4858
f 4831 4861 4860
f 4860 4858 4859
f 3831 3828 4857
f 3831 4853 1595
f 3832 4859 4857
f 3832 3825 4831
f 4860 4861 3824
f 4855 4856 3829
f 3830 3835 4854
f 4855 3829 3830
f 4829 4908 4907
f 4907 4906 4905
f 4909 4905 4906
f 4912 4911 4909
f 4911 4912 4913
f 4913 1589 1590
f 4922 4917 4921
f 4918 4924 4921
f 4924 4918 4919
f 4919 4925 4832
f 4914 4922 4923
f 4923 1596 1597
f 4923 4921 4909
f 4923 4911 1590
f 4924 4905 4909
f 4924 4832 4829
f 4907 4908 4925
f 4912 4910 4917
f 4922 4914 4913
f 4912 4917 4922
f 4988 4954 4955
f 4955 4977 4985
f 4970 4956 4958
f 4951 4973 4974
f 4956 4970 4973
f 4950 4974 4977
f 4991 4990 4989
f 3768 3769 4994
f 4994 4993 4990
f 4991 3768 4994
f 4997 4996 4993
f 4944 4946 4996
f 5186 5187 5219
f 5182 5221 5222
f 5221 5182 5186
f 5219 5187 5181
f 4825 5592 5591
f 5593 5597 5596
f 5596 5595 5594
f 5677 819 820
f 5678 820 810
f 819 5677 5687
f 819 5687 5688
f 5697 809 819
f 5762 5767 5766
f 5762 5766 5765
f 5764 5763 5762
f 5768 5679 5682
f 5626 5633 5769
f 5665 5663 5765
f 5787 5760 5761
f 5787 5761 5785
f 5723 5724 5786
f 5786 5787 5785
f 5786 5785 5784
f 5781 5723 5786
f 5786 5724 5725
f 5624 5622 5784
f 5622 5619 5781
f 5619 5615 5780
f 5615 5624 5783
f 5782 5625 5626
f 5768 5759 5782
f 5625 5782 5785
f 5629 5785 5762
f 5763 5631 5629
f 5641 5665 5766
f 5670 5642 5794
f 5793 5766 5767
f 5795 5791 5792
f 5793 5767 5795
f 5795 5792 5794
f 5790 5791 5795
f 5795 814 836
f 5642 5638 5796
f 5797 813 814
f 5633 5634 5802
f 5768 5769 5802
f 5802 5798 5681
f 5681 5679 5768
f 5637 5631 5763
f 5634 5637 5803
f 5803 5799 5798
f 5763 5764 5804
f 5804 5800 5799
f 5803 5763 5804
f 5764 5765 5805
f 5805 5793 5794
f 5796 5800 5804
f 5805 5794 5796
f 5640 5641 5793
f 5663 5640 5805
f 5813 5814 5818
f 5818 840 843
f 5817 5813 5818
f 5668 5664 5819
f 5819 5664 5671
f 5830 839 840
f 5671 5672 5830
f 5832 5596 5597
f 5656 5658 5832
f 5834 5831 5595
f 5595 5596 5832
f 5834 5832 5658
f 5673 5674 5835
f 5835 5591 5595
f 5831 5718 5719
f 5835 5595 5831
f 4828 5591 5835
f 5674 4826 4827
f 5930 5590 5933
f 5933 5932 5931
f 5957 5848 5849
f 5966 5939 5940
f 5967 5964 5966
f 5967 5968 5595
f 5965 5594 5595
f 5592 5964 5967
f 5589 5590 5930
f 5585 5586 5973
f 5847 5841 5974
f 5977 5937 5846
f 5847 5974 5977
f 5841 5839 5973
f 5978 5980 5934
f 5934 5937 5977
f 5979 5978 5934
f 5934 5980 5971
f 5571 5572 5933
f 6094 6107 4836
f 6101 6109 6106
f 6103 6097 4833
f 6099 6106 6107
f 4829 6112 6111
f 6115 3827 3824
f 6110 6116 4925
f 6114 4832 4925
f 4861 4831 6113
f 3826 3827 6115
f 6111 6112 6114
f 6114 6116 6110
f 5668 5820 269
f 270 6118 5668
f 517 516 265
f 6349 6351 481
f 6347 457 456
f 452 6341 6342
f 489 6352 6350
f 6351 6352 489
f 6342 6346 456
f 6349 459 457
f 6350 6341 452
f 6372 6373 447
f 6368 6369 446
f 6369 6366 451
f 6391 6390 6389
f 6409 6408 6401
f 6410 6390 6391
f 6409 6401 6410
f 6411 6402 6407
f 6412 6392 6389
f 6411 6407 6412
f 6392 6412 6409
f 6410 6411 6389
f 6424 6419 6420
f 6416 6431 6432
f 6448 6449 271
f 272 274 6448
f 6544 6511 6512
f 6544 6512 6518
f 6446 6447 6545
f 6545 6544 6518
f 6521 6535 6546
f 6545 6518 6521
f 6546 6446 6545
f 6516 6511 6544
f 6549 6548 6547
f 6516 6544 6549
f 6550 6492 6426
f 6426 6427 6539
f 6539 6547 6548
f 6548 6550 6426
f 6547 282 283
f 6122 6492 6550
f 284 282 6547
f 6544 6545 275
f 281 278 6549
f 6544 275 281
f 278 276 6550
f 6545 6448 274
f 6553 6552 6551
f 6542 6562 6561
f 6563 6557 6558
f 6567 6566 6565
f 6575 6574 6573
f 6554 6551 6515
f 6551 6552 6514
f 6553 6554 6503
f 6564 6558 6523
f 6557 6563 6526
f 6567 6568 6537
f 6533 6537 6568
f 6568 6565 6532
f 6566 6567 6536
f 6528 6529 6566
f 6574 6501 6460
f 6574 6460 6461
f 6455 6573 6574
f 6574 6461 6454
f 6562 6542 6434
f 6434 6429 6496
f 6490 6561 6562
f 6562 6496 6489
f 6488 6486 6501
f 6501 6574 6575
f 6462 6612 6611
f 6615 6443 6444
f 6632 6635 6630
f 6632 6630 6631
f 6634 6633 6632
f 6630 6635 6638
f 6638 6637 6636
f 6629 6630 6638
f 6639 6642 6632
f 6639 6632 6633
f 6641 6640 6639
f 6651 6655 6654
f 6653 6652 6651
f 6644 6645 6656
f 6655 6651 6644
f 6658 6652 6653
f 6658 6653 6657
f 6660 6659 6658
f 6661 6662 6650
f 6650 6647 6658
f 6659 6661 6650
f 6657 38 39
f 6656 34 29
f 6662 6661 43
f 6654 6655 29
f 37 38 6657
f 6654 29 37
f 39 43 6661
f 6667 6668 6664
f 6664 6665 6670
f 6669 6667 6664
f 6648 6649 6673
f 6648 6673 6672
f 6670 6665 6648
f 6648 6672 6671
f 6674 6663 6664
f 6668 6666 6674
f 6675 6676 6646
f 6646 6643 6663
f 6674 6675 6646
f 6640 6641 6671
f 6671 6672 6677
f 6629 6636 6678
f 6678 6675 6674
f 6631 6667 6669
f 6631 6629 6674
f 6666 6667 6631
f 6669 6671 6641
f 6679 6684 6683
f 6679 6683 6682
f 6681 6680 6679
f 6691 6696 6695
f 6695 6694 6693
f 6690 6691 6695
f 6689 6682 6683
f 6683 6696 6691
f 6692 6689 6683
f 6735 6729 6725
f 6725 6680 6681
f 6714 6736 6690
f 6736 6714 6705
f 6705 6701 6711
f 6737 6736 6705
f 6689 6692 6738
f 6711 6712 6740
f 6711 6740 6739
f 6738 6737 6711
f 6692 6690 6736
f 6739 6735 6681
f 6707 6708 6729
f 6707 6729 6735
f 6740 6712 6707
f 46 55 54
f 53 52 51
f 46 54 53
f 49 48 47
f 47 46 53
f 53 51 50
f 50 49 47
f 56 61 60
f 60 59 58
f 57 56 60
f 59 60 65
f 59 65 64
f 63 62 59
f 67 66 64
f 68 73 72
f 66 67 71
f 68 72 66
f 69 68 66
f 66 71 70
f 74 70 71
f 76 82 81
f 80 79 78
f 76 81 80
f 74 75 76
f 80 78 77
f 77 74 76
f 83 81 82
f 82 76 90
f 89 88 87
f 82 90 89
f 86 85 84
f 84 82 89
f 89 87 86
f 90 76 75
f 71 67 92
f 90 75 71
f 71 92 91
f 92 67 65
f 65 60 61
f 93 95 94
f 83 84 85
f 93 94 83
f 874 878 877
f 877 876 875
f 876 882 881
f 881 880 879
f 875 876 881
f 883 851 844
f 844 845 884
f 844 884 877
f 878 883 844
f 850 851 883
f 885 862 850
f 883 878 874
f 874 886 885
f 886 887 861
f 861 862 885
f 876 877 884
f 884 889 888
f 882 876 884
f 890 892 891
f 891 869 870
f 893 881 882
f 882 888 894
f 895 892 890
f 897 880 881
f 898 902 901
f 901 900 899
f 852 853 898
f 852 898 899
f 872 859 852
f 852 899 903
f 898 853 854
f 854 904 902
f 896 890 870
f 871 872 903
f 896 870 871
f 1692 1696 1695
f 1695 1694 1693
f 1697 1702 1701
f 1700 1699 1698
f 1697 1701 1700
f 1702 1693 1694
f 1694 1706 1705
f 1705 1704 1703
f 1701 1702 1694
f 1705 1703 1701
f 1703 1704 1713
f 1713 1712 1711
f 1710 1709 1708
f 1713 1711 1710
f 1707 1703 1713
f 1710 1708 1707
f 1714 1719 1718
f 1717 1716 1715
f 1714 1718 1717
f 56 1722 1721
f 56 1721 1715
f 1720 61 56
f 1711 1712 1720
f 56 1715 1716
f 1716 1711 1720
f 1722 56 57
f 58 1725 1724
f 1723 57 58
f 1766 1767 1768
f 1768 87 88
f 1769 1768 1767
f 1767 1772 1771
f 1770 1769 1767
f 87 1768 1769
f 1773 86 87
f 1771 1772 1778
f 1771 1778 1777
f 1774 1771 1777
f 1776 996 997
f 1774 1777 1776
f 1776 997 1775
f 1770 1771 1774
f 1780 1005 1006
f 1780 1006 1782
f 1769 1770 1779
f 1779 1780 1782
f 1781 1773 1769
f 1779 1782 1781
f 1773 1781 1785
f 1784 1783 85
f 1773 1785 1784
f 85 86 1773
f 1786 1015 93
f 93 85 1783
f 1694 1695 1815
f 1694 1815 1831
f 1830 1829 1828
f 1828 1694 1831
f 1706 1694 1828
f 1829 1730 1731
f 1830 1832 1729
f 1729 1730 1829
f 1728 1729 1832
f 1835 1810 1805
f 1728 1832 1835
f 1833 1743 1728
f 1835 1805 1834
f 1834 1833 1728
f 1836 1742 1743
f 1741 1742 1836
f 1840 1802 1797
f 1741 1836 1840
f 1837 1750 1741
f 1838 1837 1741
f 1741 1840 1797
f 1839 1838 1741
f 6162 6161 869
f 6163 6164 884
f 889 884 6164
f 6165 6166 889
f 30 31 6580
f 30 6580 6584
f 36 30 6584
f 6583 6582 42
f 36 6584 6583
f 6583 42 41
f 6663 6643 6644
f 6663 6644 6651
f 6664 6663 6651
f 6664 6651 6652
f 6647 6648 6665
f 6665 6664 6652
f 6658 6647 6665
f 6683 6684 6638
f 6683 6638 6635
f 6642 6695 6696
f 6696 6683 6635
f 6632 6642 6696
f 6702 6706 6707
f 6702 6707 6712
f 6711 6701 6702
f 96 103 102
f 102 101 100
f 100 99 98
f 97 96 102
f 100 98 97
f 98 107 106
f 106 105 104
f 104 97 98
f 108 105 106
f 106 110 109
f 111 116 115
f 114 109 110
f 111 115 114
f 113 112 111
f 114 110 113
f 117 121 120
f 117 120 119
f 116 118 117
f 117 119 115
f 122 124 123
f 123 108 109
f 109 114 122
f 105 108 123
f 126 125 104
f 105 123 126
f 97 104 125
f 125 127 96
f 128 103 96
f 128 96 127
f 124 122 128
f 128 127 129
f 114 115 119
f 119 120 130
f 130 128 122
f 122 114 119
f 131 136 135
f 135 134 133
f 132 131 135
f 135 136 139
f 139 138 137
f 134 135 144
f 144 143 142
f 141 140 134
f 144 142 141
f 145 152 151
f 150 149 148
f 145 151 150
f 146 145 150
f 150 148 147
f 153 152 145
f 145 132 133
f 155 158 143
f 143 144 154
f 154 157 156
f 156 155 143
f 138 157 154
f 159 164 163
f 162 161 160
f 159 163 162
f 166 165 163
f 285 289 288
f 288 287 286
f 290 291 162
f 163 165 290
f 285 295 294
f 293 292 289
f 285 294 293
f 297 296 292
f 297 298 161
f 161 162 291
f 291 296 297
f 647 168 169
f 662 657 658
f 665 666 661
f 661 657 662
f 716 720 719
f 719 718 717
f 908 907 647
f 911 915 914
f 914 913 912
f 916 921 920
f 919 918 917
f 916 920 919
f 920 921 922
f 922 915 911
f 918 919 925
f 924 923 918
f 925 931 930
f 929 928 927
f 925 930 929
f 926 924 925
f 929 927 926
f 932 923 924
f 928 934 933
f 937 936 935
f 930 931 912
f 912 913 942
f 942 941 940
f 940 939 930
f 930 912 942
f 943 947 946
f 946 945 944
f 935 936 955
f 955 954 953
f 955 953 952
f 948 935 955
f 950 949 948
f 951 945 946
f 946 950 948
f 948 955 952
f 952 951 946
f 956 948 949
f 958 959 950
f 950 946 947
f 964 963 961
f 939 940 955
f 939 955 936
f 961 963 965
f 965 939 936
f 965 936 937
f 960 961 965
f 967 966 960
f 965 937 968
f 968 967 960
f 941 954 955
f 964 934 928
f 928 929 965
f 963 964 928
f 969 957 949
f 949 950 959
f 959 971 970
f 970 969 949
f 969 975 974
f 969 974 973
f 957 969 973
f 972 968 937
f 957 973 972
f 956 957 972
f 972 937 938
f 969 970 976
f 1027 1063 1062
f 1056 1032 1026
f 1062 1064 1056
f 1045 1046 1070
f 1070 1063 1027
f 1072 1043 1044
f 1059 1065 1072
f 1072 1073 1058
f 1025 1021 1080
f 1082 1079 1085
f 1183 1187 1186
f 1186 1185 1184
f 1189 1183 1184
f 1358 1357 1356
f 1361 1355 1353
f 1353 1363 1362
f 1278 1166 1362
f 1362 1363 1366
f 1366 1365 1364
f 1364 1278 1362
f 1364 1365 1117
f 1384 1122 1123
f 1380 1382 1386
f 1385 1123 1124
f 1380 1386 1385
f 1384 1388 1387
f 1387 720 716
f 716 1122 1384
f 1135 1403 1402
f 1126 1409 1410
f 1410 1133 1125
f 1134 1402 1417
f 1395 1421 1420
f 1420 1358 1359
f 1422 1356 1357
f 1423 1426 1425
f 1425 1424 1422
f 1426 1420 1421
f 1129 1429 1428
f 1427 1128 1129
f 1428 1429 1432
f 1432 1431 1430
f 1427 1433 1127
f 1434 1416 1408
f 1409 1126 1127
f 1434 1408 1409
f 1409 1127 1433
f 1436 1345 1416
f 1416 1434 1435
f 1431 1436 1435
f 1438 1332 1333
f 1431 1432 1336
f 1336 1332 1438
f 1436 1441 1440
f 1436 1431 1438
f 1436 1438 1439
f 1442 1441 1436
f 1503 1505 166
f 164 159 1504
f 1503 166 164
f 1507 1506 1505
f 1503 1504 1510
f 1510 1509 1508
f 1507 1503 1510
f 159 160 1512
f 1511 1510 1504
f 159 1512 1511
f 1515 1514 1513
f 1510 1511 1513
f 1513 1514 1509
f 1556 1560 111
f 1556 111 112
f 98 99 1551
f 1551 1556 112
f 107 98 1551
f 111 1560 397
f 111 397 396
f 405 116 111
f 1567 101 102
f 1568 102 103
f 128 130 1570
f 1570 1569 103
f 120 371 1570
f 1638 1637 1636
f 1640 1645 1644
f 1640 1644 1643
f 1636 1641 1640
f 1639 1636 1640
f 1640 1643 1642
f 1644 1647 1646
f 517 518 1647
f 1644 1645 517
f 1648 1652 922
f 921 916 1651
f 1648 922 921
f 1651 1650 1649
f 1649 1648 921
f 922 1652 1653
f 1653 914 915
f 1651 916 917
f 1690 1689 1688
f 2085 2087 1025
f 2088 2086 1082
f 2252 2251 2087
f 2255 2254 2253
f 2267 2266 2265
f 2277 2276 2275
f 2146 2286 2086
f 2296 2297 2298
f 2285 2299 2298
f 2285 2276 2277
f 2296 2299 2285
f 2297 2266 2267
f 2267 2284 2298
f 2307 2278 2143
f 2322 2277 2278
f 2302 2303 2323
f 2322 2307 2302
f 2849 2848 2323
f 2268 2265 2851
f 2895 2900 2899
f 2898 2897 2896
f 2895 2899 2898
f 2901 2908 2907
f 2907 2906 2905
f 2905 2904 2903
f 2903 2902 2901
f 2901 2907 2905
f 2907 2883 2884
f 2884 2890 2909
f 2909 2866 2896
f 2909 2896 2897
f 2907 2884 2909
f 2909 2897 2906
f 2881 2883 2907
f 2908 2910 2873
f 2881 2907 2908
f 513 2903 2904
f 513 2904 2899
f 2869 441 512
f 512 513 2899
f 2900 2869 512
f 2902 2903 513
f 513 514 2911
f 2872 515 516
f 2912 2871 2872
f 2994 2993 2992
f 2994 2999 2998
f 2998 2997 2996
f 2993 2994 2998
f 2995 1582 3000
f 3000 2999 2994
f 2990 2991 1588
f 2992 2993 2996
f 2990 1588 2992
f 3001 2989 2990
f 2992 2996 3001
f 2999 3000 419
f 2999 419 420
f 443 3002 2998
f 2998 2999 420
f 436 443 2998
f 2909 2890 2987
f 2909 3016 3017
f 3017 2865 2866
f 2865 3017 439
f 439 441 2869
f 2863 2865 439
f 439 3017 3018
f 3067 3068 2848
f 3066 3070 3069
f 2850 2851 3069
f 3078 3077 3076
f 3071 3082 3081
f 3081 3080 3065
f 3066 3071 3081
f 3082 3085 3084
f 3064 3088 3087
f 3087 3086 3068
f 3067 3064 3087
f 3056 3084 3087
f 3087 3084 3085
f 3084 3077 3078
f 3081 3078 3079
f 3084 3083 3076
f 3255 3269 3268
f 3268 3266 3254
f 3274 3278 3277
f 3277 3276 3275
f 3269 3255 3274
f 3277 3275 3269
f 3279 3275 3276
f 3282 3281 3280
f 3279 3276 3282
f 3326 3325 3324
f 3321 3322 3328
f 3328 3314 3327
f 3327 3324 3321
f 1419 3331 3330
f 3330 3329 1137
f 3330 1137 1417
f 1418 1419 3330
f 3332 3336 3335
f 3335 3331 1419
f 982 979 3334
f 3335 1419 982
f 3333 3332 3335
f 982 3334 3333
f 3337 3344 3343
f 3337 3343 3342
f 3339 3338 3337
f 3340 3339 3337
f 3337 3342 3341
f 3343 3344 3348
f 3348 3347 3346
f 3345 3343 3348
f 3330 3337 3338
f 3360 3359 3358
f 3362 3364 3363
f 3362 3363 3361
f 3358 3355 3356
f 3356 3362 3361
f 3365 3347 3348
f 3348 3335 3336
f 3366 3332 3333
f 3368 3369 3365
f 3336 3332 3366
f 3368 3365 3336
f 3370 3371 3346
f 3347 3365 3369
f 3370 3346 3347
f 3372 3374 3342
f 3342 3343 3373
f 3343 3345 3375
f 3376 3377 3364
f 3362 3374 3372
f 3376 3364 3362
f 3378 3380 3377
f 3378 3377 3376
f 3346 3371 3379
f 3379 3378 3376
f 3375 3345 3346
f 3379 3376 3375
f 3364 3377 3382
f 3364 3382 3320
f 3325 3381 3363
f 3363 3364 3320
f 3363 3320 3321
f 3324 3325 3363
f 3380 3307 3382
f 3383 3389 3388
f 3387 3386 3385
f 3383 3388 3387
f 3387 3385 3384
f 3383 3391 3390
f 3396 3398 3390
f 3390 3391 3397
f 3399 3404 3403
f 3403 3402 3401
f 3401 3400 3399
f 3401 3402 3398
f 3409 3408 3407
f 3412 3414 3413
f 3419 3418 3413
f 3413 3414 3415
f 3419 3415 3416
f 3407 3408 3417
f 3420 3416 3407
f 3427 3426 3425
f 3425 3404 3399
f 3387 3388 3440
f 3499 3439 3438
f 3450 3440 3441
f 3499 3438 3450
f 3450 3441 3500
f 3426 3427 3429
f 3426 3429 3475
f 3503 3442 3443
f 3443 3426 3475
f 3639 3612 3613
f 3624 3612 3639
f 3639 3641 3305
f 3305 3306 3625
f 3625 3624 3639
f 3647 3646 3645
f 3298 3302 3648
f 3645 3651 3650
f 3298 3648 3645
f 3645 3650 3649
f 3650 3651 3636
f 3649 3650 3652
f 3653 3297 3298
f 3631 3697 3696
f 3698 1649 1650
f 3696 3697 3699
f 3698 1650 3696
f 3322 3698 3699
f 3700 3328 3322
f 3701 3700 3699
f 3697 3631 3627
f 3701 3699 3697
f 3700 3701 3702
f 3702 3314 3328
f 3627 3628 3702
f 3726 3725 3276
f 3717 3718 3730
f 3729 3728 3727
f 3717 3730 3729
f 3725 3726 3717
f 3729 3727 3725
f 3731 3727 3728
f 3732 3690 3691
f 3731 3728 3732
f 3691 3693 3731
f 3725 3727 3731
f 3731 3282 3276
f 3735 3706 3707
f 3707 3653 3652
f 3636 3637 3681
f 3681 3735 3652
f 3722 3729 3730
f 3732 3724 3695
f 3728 3729 3722
f 3722 3724 3732
f 3724 3722 1653
f 1652 1648 3750
f 3724 1653 1652
f 3698 3750 1648
f 3707 3296 3297
f 3717 3726 3286
f 3278 3286 3726
f 285 286 3840
f 285 3840 3839
f 3836 295 285
f 3837 3836 285
f 285 3839 3838
f 287 3841 3840
f 349 352 3844
f 3843 3842 361
f 349 3844 3843
f 3842 3843 3851
f 3851 3850 3849
f 3851 3849 3848
f 3845 3842 3851
f 3847 3846 3845
f 3851 3848 3847
f 3850 3851 3857
f 3856 3855 3854
f 3850 3857 3856
f 3852 3850 3856
f 3856 3854 3853
f 3857 3851 3843
f 3843 3844 3858
f 3859 3846 3847
f 3862 3861 3860
f 3859 3847 3862
f 3865 3864 3863
f 3867 3870 3869
f 3869 3868 3864
f 3865 3867 3869
f 3867 3872 3871
f 3870 3871 3855
f 3855 3856 3869
f 3857 3858 3876
f 3857 3876 3875
f 3869 3856 3857
f 3873 3868 3869
f 3857 3875 3874
f 3874 3873 3869
f 3876 3858 3844
f 3844 352 330
f 3910 3884 1567
f 1568 1569 3913
f 3913 3912 3911
f 3910 1568 3913
f 3888 3889 3911
f 3859 3860 3888
f 3912 3913 3859
f 1569 1570 3845
f 3846 3859 3913
f 1569 3845 3846
f 3845 1570 371
f 371 361 3842
f 475 3957 3956
f 3956 3955 3954
f 3954 474 475
f 3958 3929 3959
f 3959 3956 3957
f 3960 3962 3961
f 3961 3955 3956
f 3959 3960 3961
f 3963 3965 3961
f 3962 3932 3964
f 3963 3961 3962
f 3968 3967 3966
f 473 474 3954
f 473 3954 3969
f 3970 472 473
f 3971 3970 473
f 473 3969 3966
f 3971 3966 3967
f 3978 3977 3976
f 3971 3967 3978
f 3972 3971 3978
f 3978 3976 3975
f 3978 3975 3974
f 3973 3972 3978
f 3980 3979 3974
f 3981 3970 3971
f 3979 3980 3986
f 3979 3986 3985
f 3982 3979 3985
f 3982 3985 3984
f 3981 3982 3984
f 3983 470 471
f 3981 3984 3983
f 471 472 3970
f 3970 3981 3983
f 3987 3985 3986
f 3986 3989 3988
f 3990 469 470
f 470 3983 3991
f 3992 3987 3988
f 3988 3990 3991
f 3965 3995 3994
f 3965 3994 3993
f 3961 3965 3993
f 3968 3969 3954
f 3961 3993 3968
f 3968 3954 3955
f 3977 3994 3995
f 3997 3996 3976
f 3977 3995 3997
f 3975 3976 3996
f 3975 3996 4002
f 3980 3975 4002
f 3980 4002 4001
f 3998 3989 3986
f 3986 3980 4001
f 3986 4001 4000
f 3999 3998 3986
f 462 4004 4003
f 4005 3951 4007
f 4007 4003 4004
f 4004 4006 4005
f 3942 4010 4009
f 4011 4005 4006
f 4006 4012 4009
f 4010 4011 4006
f 4013 4016 463
f 463 464 4015
f 4015 4014 4013
f 4017 4022 4021
f 4014 4015 4020
f 4017 4021 4014
f 4018 4017 4014
f 4014 4020 4019
f 4024 4023 4019
f 4026 4025 4022
f 4020 4015 464
f 464 465 4028
f 464 4028 4027
f 4024 4020 464
f 4023 4024 4027
f 4023 4027 4033
f 4029 4023 4033
f 4029 4033 4032
f 4030 4025 4026
f 4026 4029 4032
f 4031 4030 4026
f 4028 4034 4033
f 4028 465 466
f 466 4035 4034
f 4036 4030 4031
f 4031 4038 4037
f 4051 4050 4049
f 4004 462 463
f 4004 463 4016
f 4052 4012 4006
f 4006 4004 4016
f 4006 4016 4053
f 4048 4052 4006
f 4006 4053 4051
f 4054 4013 4014
f 4021 4055 4049
f 4054 4014 4021
f 4021 4049 4050
f 4056 4055 4021
f 4056 4021 4022
f 4057 4056 4022
f 4057 4022 4025
f 4036 4059 4058
f 4058 4057 4025
f 4030 4036 4058
f 4273 4275 3834
f 3833 3829 4274
f 4273 3834 3833
f 4274 3829 4270
f 4270 4271 4276
f 4038 4274 4276
f 4277 4037 4038
f 476 477 4278
f 4278 3834 4275
f 4275 4035 466
f 466 476 4278
f 4272 4277 4276
f 3876 330 331
f 331 4290 4289
f 4289 3875 3876
f 3874 3875 4289
f 4292 4294 4291
f 4291 4289 4290
f 4290 4293 4292
f 4294 4292 4297
f 4297 4296 4295
f 4300 4299 4298
f 4302 4304 4303
f 4300 4301 4302
f 4299 4297 4292
f 4292 4293 4298
f 4290 331 384
f 4307 4306 4305
f 4290 384 4307
f 4305 4293 4290
f 3868 3873 4295
f 4295 4296 4303
f 4304 4308 3864
f 4295 4303 4304
f 3864 3868 4295
f 4309 4305 4306
f 4311 3894 3895
f 4309 4306 4311
f 4311 3895 4310
f 4310 4308 4304
f 4302 4309 4310
f 3879 3863 3864
f 4308 4310 3895
f 3879 3864 4308
f 4308 3895 3880
f 3898 4346 4345
f 3898 4345 4327
f 4329 3897 3898
f 3898 4327 4326
f 4345 4346 401
f 401 400 4347
f 4336 4350 4349
f 4349 3907 3908
f 4349 3908 4348
f 4332 4336 4349
f 4349 4350 4351
f 4351 399 398
f 3908 3964 3932
f 3908 3932 3928
f 4348 3908 3928
f 3929 3958 4350
f 4348 3928 3929
f 4332 4348 3929
f 3929 4350 4336
f 3957 4351 4350
f 475 399 4351
f 4327 4345 4007
f 4327 4007 3951
f 4326 4327 3951
f 4326 3951 3944
f 4008 3897 4329
f 4329 4326 3944
f 3942 4008 4329
f 4347 4003 4007
f 4003 4347 400
f 3907 4349 1560
f 1560 1556 3906
f 398 397 1560
f 3893 4311 4306
f 4306 4307 4346
f 4346 3898 3892
f 3892 3893 4306
f 4346 4307 384
f 4346 384 383
f 385 401 4346
f 4643 4642 3819
f 4660 4659 4658
f 4664 4663 4662
f 4666 4668 3838
f 3838 3839 4667
f 4669 4667 3839
f 3840 3841 4669
f 3836 3837 4670
f 4674 4673 4672
f 3837 3838 4668
f 4665 4662 4673
f 3837 4668 4665
f 4670 3837 4665
f 4665 4673 4674
f 4731 4730 4687
f 4731 4732 4725
f 4725 4726 4730
f 4685 4729 4725
f 4732 4684 4685
f 4718 4727 3861
f 4733 3853 3854
f 4722 3852 3853
f 4663 4736 4735
f 4734 4682 4672
f 4663 4735 4734
f 4662 4663 4734
f 4734 4672 4673
f 4723 4721 4735
f 4737 4739 4738
f 4737 4738 1508
f 1515 4686 4737
f 1514 1515 4737
f 4737 1508 1509
f 4719 4724 4738
f 4737 4686 4687
f 4737 4687 4730
f 4726 4727 4737
f 4727 4718 4719
f 4739 4737 4727
f 4722 4733 4734
f 4735 4721 4722
f 4682 4734 4733
f 4682 4733 4728
f 4729 4685 4682
f 4823 4822 4821
f 4849 4862 3818
f 3819 4642 4849
f 4864 4860 3834
f 4856 4863 4270
f 4858 4860 4919
f 4918 4917 4856
f 4858 4919 4918
f 4863 4856 4917
f 4917 4910 4915
f 4916 4863 4917
f 4860 4864 4920
f 4920 4907 4919
f 1588 2991 4927
f 4927 4926 3000
f 4927 3000 1582
f 1583 1588 4927
f 4907 4920 4931
f 4931 4930 4915
f 4931 4915 4910
f 4906 4907 4931
f 4929 4932 4926
f 4926 4927 4928
f 5086 5085 5084
f 5093 5092 5088
f 5094 4822 4823
f 5093 5088 5094
f 5171 5170 5095
f 5173 5172 5171
f 5182 5181 907
f 5183 5188 5187
f 5187 5186 5185
f 5184 5183 5187
f 5183 5192 5191
f 5183 5191 5190
f 5189 5188 5183
f 5037 5038 5191
f 5193 5196 5195
f 5195 5184 5185
f 5194 5193 5195
f 5035 5036 5195
f 4824 4821 5221
f 5172 5219 5222
f 5222 5170 5171
f 5225 5224 5223
f 5223 5228 5227
f 5229 5224 5225
f 5227 5228 5229
f 5223 5224 5229
f 5679 5681 5632
f 5627 5623 5680
f 5679 5632 5627
f 5682 5679 5680
f 811 5685 5682
f 5684 810 811
f 5686 5690 5689
f 5689 5688 5687
f 5691 5683 5680
f 5680 5623 5616
f 5616 5617 5693
f 5693 5692 5691
f 5691 5680 5616
f 5692 5693 5695
f 5695 5086 5087
f 5694 5692 5695
f 5696 5699 5698
f 5698 5697 5688
f 5688 5689 5696
f 809 5697 5698
f 5700 808 809
f 5701 802 803
f 5701 803 5702
f 5699 5696 5701
f 5173 5096 5701
f 5701 5696 5689
f 5701 5689 5690
f 5703 5173 5701
f 5713 5715 5714
f 5714 837 838
f 5715 5721 5716
f 5716 5717 5714
f 5722 841 842
f 842 5720 5716
f 5721 5722 842
f 800 5727 5732
f 5731 807 800
f 5727 5728 5734
f 5734 5733 5732
f 823 824 5738
f 5733 5734 5737
f 823 5738 5733
f 5737 5736 5735
f 5735 823 5733
f 823 5735 5740
f 5739 822 823
f 5736 5744 5743
f 5743 5742 5741
f 5740 5735 5736
f 5743 5741 5740
f 5742 834 835
f 5745 5741 5742
f 5734 5728 5729
f 5748 5747 5746
f 5734 5729 5748
f 5746 5737 5734
f 5744 5746 5747
f 5747 5749 5743
f 5790 5718 5669
f 5669 5670 5792
f 5791 5790 5669
f 5717 5718 5790
f 5790 836 837
f 5714 5717 5790
f 5798 5799 5639
f 5635 5632 5681
f 5798 5639 5635
f 5685 811 812
f 5811 5815 5814
f 5814 5813 5812
f 831 5811 5812
f 5816 830 831
f 5830 5672 5673
f 5830 5673 5719
f 842 839 5830
f 5830 5719 5720
f 5831 5660 5669
f 5659 5660 5831
f 5036 5035 6065
f 5038 5037 6067
f 4864 4278 477
f 477 415 4920
f 415 416 4931
f 417 418 4926
f 4926 418 419
f 5743 5749 6121
f 6121 833 834
f 5742 5743 6121
f 832 6123 5815
f 5811 831 832
f 966 967 6147
f 6147 6146 6145
f 6145 3526 966
f 6148 6149 976
f 970 971 6148
f 6151 141 142
f 142 6153 1429
f 1429 1129 6151
f 1429 6153 653
f 653 1336 1432
f 919 6159 6158
f 6158 6157 912
f 931 925 6158
f 920 911 6156
f 6156 6159 919
f 131 6149 6148
f 6148 139 136
f 6153 142 143
f 143 158 653
f 246 247 398
f 225 226 400
f 266 267 518
f 473 255 256
f 256 246 399
f 256 399 475
f 474 473 256
f 471 252 253
f 253 255 473
f 472 471 253
f 251 252 471
f 470 469 268
f 251 471 470
f 476 262 263
f 263 6205 6204
f 6204 415 477
f 477 476 263
f 476 466 249
f 6208 6207 416
f 416 415 6204
f 6204 6205 6209
f 418 417 6206
f 513 512 259
f 259 260 514
f 515 264 265
f 6365 6363 439
f 439 451 6366
f 259 512 441
f 441 439 6363
f 6363 6364 259
f 419 418 6210
f 6375 6376 443
f 419 6210 6375
f 420 419 6375
f 6375 443 436
f 258 463 462
f 461 400 226
f 258 462 461
f 461 226 257
f 464 463 258
f 254 248 464
f 465 464 248
f 248 249 466
f 397 398 247
f 397 247 243
f 396 397 243
f 244 118 116
f 396 243 244
f 244 116 405
f 383 384 215
f 210 225 401
f 383 215 210
f 210 401 385
f 331 330 175
f 214 215 384
f 331 175 214
f 173 174 352
f 349 361 195
f 173 352 349
f 349 195 196
f 174 175 330
f 199 195 361
f 371 120 121
f 199 361 371
f 6146 6147 148
f 148 149 6160
f 6407 6406 6405
f 6412 6407 6408
f 6415 6414 6413
f 6417 6413 6414
f 6406 6417 6418
f 6423 6428 6427
f 6427 6426 6425
f 6424 6423 6427
f 6429 6434 6433
f 6429 6433 6432
f 6431 6430 6429
f 6435 6438 6437
f 6437 6432 6433
f 6436 6435 6437
f 6435 6428 6423
f 6439 6442 6441
f 6441 6430 6431
f 6440 6439 6441
f 6439 6424 6425
f 6443 6450 6449
f 6443 6449 6448
f 6446 6445 6444
f 6444 6443 6448
f 6447 6446 6444
f 6451 6457 6456
f 6456 6455 6454
f 6456 6454 6453
f 6452 6451 6456
f 6451 6444 6445
f 6458 6464 6463
f 6462 6461 6460
f 6458 6463 6462
f 6462 6460 6459
f 6458 6450 6443
f 6453 6454 6461
f 6478 6481 6476
f 6478 6476 6477
f 6480 6479 6478
f 6482 6473 6466
f 6484 6465 6474
f 6486 6488 6478
f 6486 6478 6479
f 6487 6484 6485
f 6485 6486 6479
f 6476 6481 6491
f 6491 6490 6489
f 6482 6483 6475
f 6491 6489 6482
f 6475 6476 6491
f 32 6581 6580
f 6582 6587 6586
f 6586 6585 45
f 45 42 6582
f 6588 6591 6583
f 6583 6584 6590
f 6589 6588 6583
f 6592 6467 6587
f 6587 6582 6583
f 6591 6592 6587
f 6580 6581 6594
f 6594 6468 6593
f 6590 6584 6580
f 6594 6593 6590
f 6589 6480 6477
f 6593 6468 6465
f 6484 6487 6593
f 6467 6592 6475
f 6483 6466 6467
f 6477 6475 6592
f 6589 6593 6487
f 6646 6645 6644
f 6649 6648 6647
f 6642 6639 6694
f 6684 6679 6637
f 6701 6705 6704
f 6704 6703 6702
f 6706 6710 6709
f 6709 6708 6707
f 6722 6710 6706
f 6706 6702 6703
f 137 154 144
f 1630 1642 1643
f 1646 1629 1630
f 6214 6218 6212
f 6299 6298 6297
f 6359 6360 6362
f 167 172 171
f 171 170 169
f 169 168 167
f 301 300 299
f 300 301 305
f 305 304 303
f 308 307 306
f 308 309 312
f 311 310 308
f 649 171 172
f 651 167 168
f 648 169 170
f 652 170 171
f 650 172 167
f 906 905 649
f 909 908 648
f 907 910 651
f 910 906 650
f 905 909 652
f 1573 1572 1571
f 1576 1575 1573
f 307 308 1574
f 1574 1571 3811
f 310 1576 1574
f 4650 4652 4651
f 4651 4648 4649
f 4808 4814 4813
f 4812 4811 4810
f 4808 4813 4812
f 4812 4810 4809
f 4815 4817 4811
f 4812 4813 4814
f 4815 4811 4812
f 4814 4816 4815
f 300 4819 4818
f 303 4820 4819
f 4865 4838 4648
f 4869 4874 4873
f 4873 4872 4871
f 4871 4870 4869
f 4875 4870 4871
f 4871 4872 4876
f 4808 4809 4881
f 4876 4872 4877
f 4879 4814 4808
f 4876 4877 4879
f 4882 4816 4814
f 4882 4814 4879
f 4872 4873 4882
f 4882 4879 4877
f 4900 4899 4898
f 4900 4901 4904
f 4903 4902 4900
f 4901 4898 4936
f 4940 4904 4901
f 4939 4936 4937
f 4963 4940 4939
f 5080 5079 5078
f 5083 5082 5080
f 5081 5078 5101
f 5103 5083 5081
f 5102 5101 5104
f 5105 5103 5102
f 5106 5104 4899
f 4902 5105 5106
f 5111 5117 5116
f 5116 5115 5114
f 5113 5112 5111
f 5116 5114 5113
f 5114 5121 5120
f 5120 5119 5118
f 5118 5113 5114
f 5122 5121 5114
f 5122 5114 5115
f 4852 4841 5122
f 5122 5115 5110
f 5123 5128 5127
f 5123 5127 5126
f 5125 5124 5123
f 5129 5132 5131
f 5131 5130 5127
f 5128 5129 5131
f 5122 4841 4842
f 5134 5133 5122
f 5135 5136 5120
f 5121 5122 5133
f 5135 5120 5121
f 5131 5132 5138
f 5139 5119 5120
f 5119 5138 5132
f 5139 5137 5138
f 5118 5140 5142
f 5142 5111 5112
f 5143 5116 5117
f 5155 5134 4842
f 5153 5155 4838
f 5157 5110 5115
f 5110 5157 4862
f 5110 4862 4849
f 4850 4851 5110
f 5158 5115 5116
f 5153 5150 5108
f 5108 5135 5134
f 5155 5153 5108
f 5111 5142 5148
f 5144 5117 5111
f 5129 5048 5049
f 5129 5049 5050
f 5060 5119 5129
f 5059 5060 5129
f 5129 5050 5058
f 5071 5128 5123
f 5128 5071 5070
f 5070 5048 5129
f 5119 5060 5074
f 5073 5076 5140
f 5119 5074 5073
f 5140 5118 5119
f 5077 5123 5124
f 5160 5068 5069
f 5069 4870 4875
f 5069 4875 5162
f 5161 5160 5069
f 5108 5067 5068
f 5068 5160 5163
f 5163 5135 5108
f 5164 5046 5072
f 5072 5005 5099
f 5100 5165 5164
f 5072 5099 5100
f 5130 5131 5167
f 5167 5166 5164
f 5164 5165 5130
f 5136 5135 5163
f 5168 5169 5139
f 5137 5139 5169
f 5169 5166 5167
f 5052 5175 5174
f 5176 5168 5163
f 5160 5161 5178
f 5176 5163 5160
f 5178 5177 5176
f 5168 5176 5179
f 5166 5169 5179
f 5179 5180 5174
f 5175 5166 5179
f 5179 5055 5064
f 5064 5065 5180
f 5066 5174 5180
f 5055 5179 5176
f 5056 5176 5177
f 5046 5164 5175
f 4810 4811 5035
f 5196 5193 5199
f 4810 5035 5196
f 5197 4810 5196
f 5196 5199 5198
f 908 909 5200
f 5200 5194 5185
f 5200 5185 5186
f 5182 908 5200
f 5199 5193 5194
f 5191 5038 5039
f 5039 5202 5201
f 5201 5190 5191
f 910 907 5181
f 910 5181 5187
f 5189 5203 910
f 910 5187 5188
f 5190 5201 5203
f 5162 5205 5204
f 5204 5178 5161
f 4876 4881 5202
f 5205 5162 4875
f 4876 5202 5205
f 5204 5205 5045
f 5044 5063 5204
f 5057 5177 5204
f 5045 5205 5202
f 5202 5216 5215
f 5216 5197 5198
f 5214 5215 5216
f 5202 4881 4809
f 4809 4810 5197
f 5197 5216 5202
f 5218 5217 905
f 5215 5214 5217
f 5203 5218 906
f 5201 5215 5218
f 5217 5200 909
f 5214 5199 5200
f 5006 5232 5231
f 5231 5099 5005
f 5232 5234 5233
f 5165 5100 5233
f 5233 5234 5235
f 5299 5304 5303
f 5299 5303 5302
f 5301 5300 5299
f 5306 5305 5300
f 5303 5304 5309
f 5309 5032 5024
f 5307 5303 5309
f 5303 5307 5308
f 5025 5031 5305
f 5310 5299 5300
f 5305 5031 5028
f 5310 5300 5305
f 5028 5029 5310
f 5318 5296 5297
f 5318 5319 5317
f 5315 5316 5318
f 5319 5297 5298
f 5314 5317 5319
f 5320 5298 5079
f 5082 5314 5320
f 5321 5012 5032
f 5321 5309 5304
f 5304 5299 5310
f 5310 5124 5125
f 5125 5321 5304
f 5029 5030 5124
f 5322 5321 5125
f 5130 5165 5235
f 5235 5323 5322
f 5322 5126 5127
f 5127 5130 5235
f 5008 5322 5323
f 5232 5006 5007
f 5007 5323 5235
f 5234 5232 5007
f 5012 5321 5322
f 5326 5244 5238
f 5329 5328 5326
f 5330 5277 5282
f 5330 5331 5334
f 5333 5332 5330
f 5335 5338 5268
f 5269 5271 5337
f 5335 5268 5269
f 5269 5337 5336
f 5339 5338 5335
f 5336 5337 5341
f 5343 5347 5346
f 5343 5346 5345
f 5342 5341 5343
f 5344 5339 5340
f 5340 5342 5343
f 5343 5345 5344
f 5346 5347 5351
f 5346 5351 5350
f 5349 5348 5346
f 5259 5268 5338
f 5339 5344 5352
f 5259 5338 5339
f 5352 5258 5259
f 5352 5344 5345
f 5352 5345 5355
f 5354 5353 5352
f 5356 5018 5019
f 5357 5355 5345
f 5356 5019 5357
f 5348 5356 5357
f 5357 5345 5346
f 5017 5359 5358
f 5351 5358 5359
f 5348 5349 5360
f 5355 5357 5362
f 5361 5354 5355
f 5353 5354 5361
f 5357 5019 5020
f 5020 5364 5362
f 5378 5295 5296
f 5316 5370 5378
f 5286 5380 5379
f 5379 5294 5288
f 5379 5380 5372
f 5379 5372 5373
f 5375 5377 5379
f 5378 5380 5286
f 5292 5295 5378
f 5371 5372 5380
f 5380 5378 5370
f 5381 5274 5294
f 5377 5367 5381
f 5274 5381 5343
f 5274 5343 5341
f 5337 5271 5274
f 5343 5381 5367
f 5365 5026 5016
f 5343 5367 5365
f 5347 5343 5365
f 5365 5016 5358
f 5351 5347 5365
f 5387 5260 5261
f 5386 5383 5387
f 5264 5260 5387
f 5389 5387 5383
f 5258 5352 5388
f 5388 5261 5262
f 5388 5352 5353
f 5353 5363 5382
f 5382 5386 5388
f 5302 5349 5350
f 5024 5018 5360
f 5301 5350 5359
f 5308 5360 5349
f 5017 5025 5306
f 5331 5282 5247
f 5433 5334 5331
f 5532 5534 5533
f 5533 5247 5248
f 5531 5532 5533
f 5533 5534 5536
f 5536 5535 5433
f 5531 5248 5254
f 5538 5540 5537
f 5537 5254 5245
f 5245 5539 5538
f 5538 5541 5536
f 5534 5532 5540
f 5538 5536 5534
f 5403 5535 5536
f 5542 5543 5541
f 5541 5538 5539
f 5401 5403 5541
f 5246 5544 5542
f 5539 5245 5246
f 5542 5544 5400
f 5400 5401 5543
f 5535 5403 5549
f 5549 5022 5001
f 5433 5535 5001
f 5001 5002 5546
f 5544 5246 5244
f 5328 5400 5544
f 5559 5276 5277
f 5332 5556 5559
f 5566 5284 5279
f 5562 5565 5566
f 5327 5238 5239
f 5561 5329 5327
f 5276 5559 5567
f 5567 5279 5275
f 5556 5562 5567
f 4819 5574 5573
f 5574 4819 4820
f 4820 5569 5575
f 5576 5573 5574
f 5574 5578 5577
f 5578 5574 5575
f 5575 5581 5580
f 5580 5579 5578
f 5606 5610 5609
f 5608 5607 5606
f 5605 5603 5609
f 5614 5612 5264
f 5384 5604 5614
f 5610 5606 5612
f 5604 5605 5610
f 5644 5655 5654
f 5653 5652 5651
f 5644 5654 5653
f 5643 5644 5653
f 5653 5651 5650
f 5650 5647 5648
f 5649 5643 5653
f 5650 5648 5649
f 5657 5656 5597
f 5607 5608 5645
f 5645 5643 5676
f 5675 5607 5645
f 5649 5711 5676
f 5648 5808 5711
f 5646 5807 5808
f 5645 5602 5600
f 5600 5655 5644
f 5609 5603 5602
f 5602 5645 5608
f 5654 5655 5600
f 5874 5873 5872
f 5862 5860 5886
f 5886 5885 5863
f 5880 5877 5885
f 5873 5874 5654
f 5887 5864 5863
f 5877 5878 5887
f 5875 5890 5652
f 5652 5653 5874
f 5894 5893 5892
f 5902 5901 5900
f 5903 5905 5904
f 5900 5901 5903
f 5901 5902 5889
f 5889 5890 5906
f 5906 5903 5901
f 5907 5905 5903
f 5906 5875 5872
f 5907 5903 5906
f 5578 5909 5869
f 5909 5578 5579
f 5579 5911 5910
f 5868 5869 5909
f 5909 5912 5865
f 5912 5909 5910
f 5914 5913 5912
f 5860 5865 5912
f 5912 5913 5880
f 5892 5888 5889
f 5895 5892 5902
f 5896 5897 5895
f 5929 5851 5848
f 5892 5893 5929
f 5928 5891 5888
f 5892 5929 5928
f 5894 5857 5854
f 5854 5851 5929
f 5929 5893 5894
f 302 5935 5936
f 5933 305 301
f 301 5936 5932
f 5933 5572 304
f 5568 5239 5991
f 5992 5561 5568
f 5993 5991 5864
f 5878 5992 5993
f 5025 5995 5994
f 5997 5996 5024
f 5999 5998 5039
f 5994 6000 5029
f 5028 5031 5994
f 6001 5069 5068
f 5068 5067 6003
f 6002 6001 5068
f 6006 6005 6004
f 6006 6007 6001
f 6001 6002 6008
f 6009 4874 4869
f 6010 4869 4870
f 4870 5069 6001
f 4870 6001 6007
f 6011 6010 4870
f 4870 6007 6004
f 6000 6033 5030
f 6016 5055 5056
f 6030 6031 5007
f 6038 6037 6036
f 6039 6027 5071
f 5071 5077 6038
f 5060 6049 6052
f 6053 5074 5060
f 5073 5074 6053
f 6055 6054 5076
f 5073 6053 6055
f 6048 6049 5060
f 6048 5059 5058
f 5058 6044 6045
f 6044 5058 5050
f 5050 5049 6040
f 6040 6043 6044
f 5072 5046 6022
f 6040 5049 5048
f 5048 6018 6019
f 6018 5048 5070
f 5070 5071 6027
f 6028 6018 5070
f 6025 6021 5052
f 6021 6022 5046
f 5997 5032 5012
f 5077 5030 6033
f 6033 6037 6038
f 5072 6029 6030
f 6030 5006 5005
f 5007 6031 6032
f 6032 6062 5008
f 5012 5008 6062
f 6024 5065 5064
f 5064 5055 6016
f 6025 5066 5065
f 5044 5045 6063
f 6063 6026 6017
f 6017 5063 5044
f 5057 5063 6017
f 6017 6015 5056
f 6063 5045 5039
f 6068 6065 5035
f 5035 4811 4817
f 6084 5995 5025
f 6093 6077 5002
f 5002 5001 6087
f 5017 5016 6082
f 5016 5026 6079
f 6079 6081 6082
f 6083 6092 6075
f 6075 5020 5019
f 5019 5018 6083
f 5996 6083 5018
f 5001 5022 6073
f 6073 6086 6087
f 6131 6127 5284
f 5565 6125 6131
f 6132 6129 6127
f 6125 6126 6132
f 309 306 6135
f 6138 312 309
f 6143 6136 6137
f 6140 6141 6143
f 6142 6135 6136
f 6141 6138 6142
f 6144 6137 6129
f 6126 6140 6144
f 173 179 178
f 173 178 177
f 175 174 173
f 173 177 176
f 184 188 187
f 187 186 185
f 181 182 194
f 193 192 191
f 181 194 193
f 189 181 193
f 193 191 190
f 190 185 186
f 186 189 193
f 183 178 179
f 179 194 182
f 195 199 198
f 198 197 196
f 200 197 198
f 198 202 201
f 203 202 198
f 198 199 121
f 121 117 204
f 205 203 198
f 121 204 205
f 210 215 214
f 214 184 185
f 214 185 190
f 211 210 214
f 212 211 214
f 214 190 213
f 184 214 175
f 175 176 180
f 188 184 175
f 216 191 192
f 192 218 217
f 220 219 218
f 190 191 216
f 221 213 190
f 223 222 219
f 223 227 226
f 226 225 210
f 210 211 224
f 222 223 226
f 210 224 222
f 192 193 232
f 192 232 231
f 220 192 231
f 220 231 230
f 228 227 223
f 223 220 230
f 229 228 223
f 232 193 194
f 179 173 196
f 232 194 179
f 233 232 179
f 179 196 197
f 200 233 179
f 232 233 209
f 209 207 235
f 236 231 232
f 209 235 236
f 237 238 244
f 244 243 242
f 242 241 240
f 240 237 244
f 234 235 207
f 234 207 208
f 239 234 208
f 206 204 117
f 239 208 206
f 118 244 238
f 238 239 206
f 206 117 118
f 228 229 242
f 242 243 247
f 246 228 242
f 229 230 245
f 245 241 242
f 248 254 253
f 252 251 250
f 248 253 252
f 250 249 248
f 253 254 258
f 258 257 256
f 255 253 258
f 256 257 226
f 256 226 227
f 228 246 256
f 259 263 262
f 249 250 261
f 259 262 249
f 249 261 260
f 261 250 251
f 261 251 268
f 266 265 264
f 264 261 268
f 267 266 264
f 1460 1464 1463
f 1463 1462 1454
f 1463 1454 1450
f 1461 1460 1463
f 1460 1466 1465
f 1462 1463 1458
f 1459 678 679
f 1462 1458 1459
f 679 680 1462
f 1458 1463 1464
f 1464 1465 1455
f 1456 1457 1458
f 1464 1455 1456
f 1461 1450 1479
f 1468 1469 1477
f 1477 1478 1480
f 1479 1468 1477
f 1480 1478 1475
f 1474 1476 1466
f 1480 1475 1474
f 1460 1461 1480
f 1474 1466 1460
f 4816 4882 4883
f 5015 5026 5365
f 5013 5545 5546
f 5546 5002 5003
f 5545 5013 5014
f 5547 5014 5015
f 5022 5549 5548
f 5020 5021 5548
f 5550 5364 5020
f 6012 6016 6015
f 6015 6014 6013
f 6018 6023 6022
f 6022 6021 6020
f 6020 6019 6018
f 6016 6012 6020
f 6021 6025 6024
f 6016 6020 6021
f 4874 6009 6013
f 4874 6013 6014
f 6017 6026 4874
f 6027 6032 6031
f 6031 6030 6029
f 6029 6022 6023
f 6023 6028 6027
f 6027 6031 6029
f 6033 6000 5994
f 6033 5994 5995
f 6036 6037 6033
f 6061 6036 6033
f 6033 5995 5996
f 5996 5997 6060
f 6060 6061 6033
f 6062 6039 6036
f 6032 6027 6039
f 4883 4873 6063
f 4873 4874 6026
f 4817 4815 4883
f 4883 6064 6070
f 6069 6068 4817
f 4883 6070 6069
f 6071 6066 6065
f 6065 6068 6069
f 6071 6069 6070
f 5998 5999 6067
f 6072 6070 6064
f 5998 6067 6072
f 6073 5022 5021
f 5021 5020 6075
f 6076 5013 5003
f 5003 5002 6077
f 5013 6076 6078
f 5015 5014 6078
f 6078 6079 5026
f 6083 5996 5995
f 6085 6090 6089
f 6089 6088 6087
f 6087 6086 6085
f 6091 6090 6085
f 6085 6092 6083
f 6085 6083 6084
f 6080 6091 6085
f 6085 6084 6082
f 6089 6076 6077
f 6077 6093 6088
f 6091 6078 6076
f 6076 6089 6090
f 6079 6078 6091
f 6080 6081 6079
f 6086 6073 6074
f 6074 6075 6092
f 6193 6169 6170
f 6225 6229 6228
f 6225 6228 6227
f 6192 6193 6225
f 6225 6227 6226
f 6229 6171 6172
f 6232 6231 6230
f 6229 6172 6232
f 6230 6228 6229
f 6233 6231 6232
f 6232 6235 6234
f 6173 6174 6237
f 6237 6236 6234
f 6235 6173 6237
f 6237 6239 6238
f 6194 6192 6226
f 6240 6226 6227
f 6240 6227 6245
f 6242 6241 6240
f 6244 6243 6242
f 6240 6245 6244
f 6246 6219 6247
f 6247 6195 6196
f 6241 6242 6246
f 6247 6196 6241
f 6228 6230 6250
f 6228 6250 6249
f 6245 6227 6228
f 6228 6249 6248
f 6254 6233 6234
f 6236 6238 6257
f 6254 6234 6236
f 6222 6254 6236
f 6236 6257 6256
f 6256 6255 6221
f 6221 6222 6236
f 6231 6233 6254
f 6254 6253 6252
f 6254 6252 6251
f 6230 6231 6254
f 6254 6251 6250
f 6258 6175 6176
f 6179 6260 6177
f 6179 6180 6263
f 6263 6262 6261
f 6260 6179 6263
f 6264 6257 6238
f 6238 6239 6258
f 6259 6261 6262
f 6238 6258 6259
f 6262 6264 6238
f 6265 6267 6263
f 6263 6180 6181
f 6266 6265 6263
f 6266 6270 6269
f 6268 6265 6266
f 6271 6256 6257
f 6183 6272 6269
f 6270 6182 6183
f 6271 6223 6273
f 6273 6255 6256
f 6184 6224 6272
f 6197 6195 6247
f 6198 6199 6276
f 6220 6253 6281
f 6281 6280 6279
f 6279 6278 6276
f 6277 6247 6219
f 6279 6276 6277
f 6220 6281 6279
f 6277 6219 6220
f 6282 6281 6253
f 6254 6222 6282
f 6213 6280 6281
f 6281 6282 6283
f 6283 6217 6218
f 6214 6213 6281
f 6283 6218 6214
f 6286 6287 6216
f 6216 6217 6283
f 6288 6287 6286
f 6284 6285 6288
f 6287 6288 6291
f 6291 6290 6289
f 6215 6216 6287
f 6291 6289 6215
f 6184 6185 6292
f 6292 6293 6273
f 6292 6273 6223
f 6224 6184 6292
f 6273 6293 6288
f 6273 6288 6285
f 6275 6255 6273
f 6273 6285 6274
f 6293 6292 6294
f 6295 6291 6288
f 6293 6294 6295
f 6296 6295 6294
f 6294 6186 6187
f 6296 6290 6291
f 6301 6304 6310
f 6309 6308 6302
f 6301 6310 6309
f 6299 6301 6309
f 6309 6302 6298
f 6308 6309 6313
f 6312 6311 6308
f 6312 6313 6316
f 6315 6314 6312
f 6280 6213 6302
f 6308 6311 6318
f 6280 6302 6308
f 6317 6279 6280
f 6308 6318 6317
f 6313 6309 6310
f 6310 6306 6305
f 6320 6319 6316
f 6310 6305 6320
f 6316 6313 6310
f 6201 6322 6321
f 6321 6307 6203
f 6320 6321 6322
f 6323 6319 6320
f 6324 6315 6316
f 6319 6323 6326
f 6324 6316 6319
f 6319 6326 6325
f 6332 6333 6330
f 6326 6323 6322
f 6332 6330 6326
f 6201 6202 6332
f 6326 6322 6201
f 6329 6333 6332
f 6332 6334 6328
f 6278 6279 6317
f 6278 6317 6331
f 6200 6198 6278
f 6334 6200 6278
f 6278 6331 6327
f 6328 6334 6278
f 6338 6189 6190
f 6340 6345 6338
f 6338 6339 6344
f 6338 6344 6343
f 6341 6340 6338
f 6338 6343 6342
f 6343 6344 6337
f 6337 6348 6347
f 6346 6343 6337
f 6353 6352 6351
f 6348 6337 6335
f 6356 6355 6354
f 6348 6335 6356
f 6349 6348 6356
f 6356 6354 6351
f 6353 6296 6187
f 6187 6188 6345
f 6187 6345 6340
f 6352 6353 6187
f 6187 6340 6350
f 6290 6296 6353
f 6354 6355 6289
f 6290 6353 6354
f 6356 6335 6336
f 6336 6358 6357
f 6358 6336 6304
f 6304 6301 6360
f 6359 6358 6304
f 6355 6356 6357
f 6357 6215 6289
f 6209 6364 6363
f 6367 6303 6304
f 259 6364 6209
f 6205 263 259
f 6337 6344 6373
f 6372 6371 6370
f 6337 6373 6372
f 6368 6337 6372
f 6372 6370 6369
f 6374 6373 6344
f 6370 6365 6366
f 6372 6376 6375
f 6375 6210 6206
f 6207 6208 6363
f 6375 6206 6207
f 6371 6375 6207
f 6207 6363 6365
f 6370 6371 6207
f 6190 6191 6374
f 657 661 660
f 660 659 658
f 1191 1192 1187
f 1183 1189 1191
f 5088 5092 5091
f 5090 5089 5088
f 5723 5730 5729
f 5723 5729 5728
f 5724 5723 5728
f 5727 800 801
f 5724 5728 5727
f 5725 5724 5727
f 5727 801 5726
f 5085 5730 5723
f 5091 5725 5726
f 5800 5796 5638
f 5638 5639 5799
f 5797 5801 812
f 833 6121 6122
f 833 6122 276
f 282 283 833
f 833 276 277
f 274 272 6123
f 6123 832 280
f 273 274 6123
f 670 669 668
f 673 672 670
f 680 679 672
f 685 691 690
f 690 689 684
f 690 691 694
f 694 693 692
f 709 712 711
f 711 692 693
f 689 690 1288
f 689 1288 1287
f 1284 1245 689
f 1285 1284 689
f 689 1287 1286
f 692 1149 1288
f 1288 1149 1144
f 1295 1294 1293
f 1288 1144 1295
f 1292 1287 1288
f 1295 1293 1292
f 1245 1284 1297
f 1291 1289 1242
f 1245 1297 1291
f 1294 1295 671
f 671 668 1242
f 671 1242 1289
f 1296 1294 671
f 671 1289 1290
f 1144 673 671
f 1307 1259 1260
f 1305 1268 1269
f 1300 1263 1264
f 1306 1260 1268
f 1308 1264 1259
f 1146 1151 1326
f 1321 1160 1161
f 1323 1153 1152
f 1152 1146 1327
f 1151 1160 1321
f 1153 1456 1455
f 1465 1466 1151
f 1453 1454 1462
f 1462 1144 1149
f 1462 680 673
f 1455 1465 1146
f 1453 1149 692
f 1476 1474 1161
f 1466 1476 1160
f 319 46 47
f 318 47 48
f 320 55 46
f 316 49 50
f 323 50 51
f 317 48 49
f 324 322 51
f 51 52 314
f 315 324 51
f 313 53 54
f 53 313 314
f 55 320 321
f 728 727 319
f 730 729 316
f 732 731 324
f 734 733 313
f 728 318 316
f 730 323 324
f 734 321 319
f 732 315 313
f 1296 1290 733
f 1292 1293 727
f 1285 1286 729
f 1291 1297 731
f 1297 1285 730
f 1286 1292 728
f 1290 1291 732
f 1293 1296 734
f 3804 3798 3803
f 3772 3764 3798
f 3793 3810 3809
f 3767 3774 3810
f 3822 3821 3820
f 4843 4848 4847
f 4846 4845 4844
f 4843 4847 4846
f 3821 4845 4846
f 4844 3822 3823
f 3805 3803 4997
f 4994 4995 4998
f 3806 3809 5000
f 4999 4991 4992
f 5708 5707 5706
f 5736 5737 5750
f 5752 5746 5744
f 5737 5746 5752
f 5753 5744 5736
f 912 6157 6156
f 6168 6167 655
f 325 331 330
f 330 329 328
f 330 328 327
f 326 325 330
f 333 338 337
f 336 335 334
f 333 337 336
f 326 342 341
f 344 325 326
f 344 326 342
f 346 345 344
f 336 335 346
f 339 336 346
f 346 344 342
f 343 339 346
f 347 346 345
f 349 352 330
f 349 330 329
f 351 350 349
f 340 351 349
f 349 329 332
f 349 332 338
f 333 340 349
f 354 353 350
f 355 354 353
f 355 353 358
f 357 356 355
f 355 356 359
f 350 353 363
f 363 362 361
f 361 349 350
f 366 364 369
f 119 120 371
f 371 361 362
f 371 362 367
f 369 119 371
f 364 369 371
f 371 367 365
f 119 115 373
f 373 372 359
f 356 357 368
f 373 359 356
f 369 119 373
f 356 368 370
f 370 369 373
f 376 375 374
f 325 331 384
f 384 383 382
f 384 382 381
f 344 325 384
f 379 344 384
f 384 381 378
f 383 382 386
f 386 376 375
f 375 385 383
f 390 388 389
f 389 380 379
f 379 344 345
f 345 348 390
f 390 389 379
f 391 374 377
f 377 387 388
f 388 390 391
f 348 347 360
f 360 359 372
f 360 372 394
f 390 348 360
f 392 391 390
f 360 394 393
f 393 392 390
f 375 385 401
f 375 401 400
f 374 375 400
f 399 398 397
f 374 400 399
f 391 374 399
f 399 397 396
f 399 396 395
f 392 391 399
f 405 409 408
f 407 406 395
f 405 408 407
f 395 396 405
f 409 405 116
f 116 115 373
f 373 402 403
f 410 409 116
f 373 403 410
f 392 393 411
f 411 406 395
f 372 373 402
f 404 394 372
f 412 420 419
f 419 418 417
f 416 415 414
f 419 417 416
f 413 412 419
f 416 414 413
f 423 422 421
f 427 426 425
f 429 428 425
f 424 423 432
f 429 425 424
f 430 429 424
f 424 432 431
f 433 436 420
f 420 412 435
f 435 434 433
f 412 413 438
f 437 435 412
f 439 441 438
f 438 437 440
f 442 434 435
f 435 437 440
f 444 443 436
f 445 447 444
f 444 433 434
f 434 442 446
f 446 445 444
f 448 431 432
f 447 445 450
f 448 432 447
f 450 449 448
f 442 440 439
f 439 451 446
f 452 455 430
f 430 431 448
f 430 448 454
f 453 452 430
f 448 449 458
f 448 458 457
f 456 454 448
f 461 400 399
f 461 399 475
f 462 461 475
f 462 475 474
f 463 462 474
f 463 474 473
f 464 463 473
f 464 473 472
f 465 464 472
f 465 472 471
f 468 467 466
f 466 465 471
f 466 471 470
f 469 468 466
f 467 414 415
f 467 415 477
f 476 466 467
f 478 450 449
f 478 449 458
f 480 479 478
f 459 481 480
f 478 458 459
f 482 488 487
f 478 479 486
f 482 487 478
f 484 483 482
f 478 486 485
f 485 484 482
f 455 430 429
f 429 491 490
f 429 490 489
f 460 455 429
f 481 480 490
f 494 493 492
f 496 500 499
f 498 497 495
f 496 499 498
f 495 494 496
f 483 482 496
f 494 493 483
f 501 483 493
f 493 492 507
f 506 505 504
f 493 507 506
f 502 501 493
f 504 503 502
f 493 506 504
f 508 498 499
f 499 511 510
f 510 509 508
f 512 441 438
f 413 414 467
f 512 438 413
f 513 512 413
f 413 467 468
f 518 517 516
f 413 468 518
f 514 513 413
f 518 516 515
f 515 514 413
f 519 521 520
f 520 509 510
f 522 526 525
f 525 524 523
f 527 525 526
f 526 529 528
f 498 497 530
f 508 509 531
f 521 534 533
f 533 532 529
f 529 528 520
f 520 521 533
f 535 531 509
f 509 520 528
f 528 527 535
f 527 525 524
f 537 505 506
f 537 506 536
f 539 538 537
f 522 539 537
f 537 536 523
f 540 549 548
f 548 547 546
f 548 546 545
f 541 540 548
f 544 543 542
f 542 541 548
f 548 545 544
f 540 551 550
f 543 553 552
f 554 556 550
f 550 551 555
f 552 553 558
f 559 556 554
f 554 561 560
f 566 569 561
f 560 562 565
f 566 561 560
f 563 568 567
f 567 566 560
f 560 565 563
f 557 558 572
f 557 572 571
f 564 557 571
f 570 568 563
f 564 571 570
f 574 573 566
f 571 576 575
f 577 581 580
f 579 547 546
f 577 580 579
f 579 546 578
f 582 580 579
f 584 583 582
f 585 586 427
f 585 427 428
f 583 584 585
f 491 583 585
f 585 428 429
f 547 548 585
f 585 584 579
f 587 589 588
f 588 582 580
f 581 587 588
f 590 593 587
f 587 589 592
f 587 592 591
f 504 590 587
f 587 591 503
f 596 593 590
f 596 590 602
f 597 595 596
f 600 599 598
f 598 597 596
f 596 602 601
f 601 600 598
f 603 607 606
f 605 537 505
f 603 606 605
f 590 602 604
f 604 603 605
f 605 505 504
f 504 590 604
f 608 610 609
f 609 607 606
f 608 606 605
f 537 538 612
f 611 605 537
f 613 615 599
f 616 618 615
f 614 617 616
f 607 603 624
f 624 620 621
f 623 622 609
f 624 621 623
f 609 607 624
f 619 626 625
f 625 623 621
f 618 616 626
f 625 628 627
f 618 626 625
f 617 624 620
f 620 619 626
f 626 616 617
f 543 544 594
f 594 595 597
f 597 629 572
f 597 572 558
f 543 594 597
f 597 558 553
f 597 598 632
f 632 631 630
f 629 597 632
f 633 632 598
f 633 598 599
f 634 633 599
f 634 599 615
f 635 634 615
f 618 627 638
f 635 615 618
f 636 635 618
f 618 638 637
f 638 640 639
f 634 642 641
f 1144 1145 677
f 672 673 1144
f 1146 1151 1150
f 1150 1149 1144
f 1144 1145 1148
f 1148 1147 1146
f 1146 1150 1144
f 1146 1147 1154
f 1153 1152 1146
f 708 1155 1150
f 1150 1149 692
f 693 708 1150
f 1156 1162 1161
f 1161 1160 1151
f 1151 1150 1155
f 1151 1155 1159
f 1156 1161 1151
f 1158 1157 1156
f 1151 1159 1158
f 4557 4556 4555
f 645 644 643
f 643 644 863
f 866 865 645
f 646 643 864
f 865 863 644
f 865 866 1140
f 1139 1138 865
f 1141 1143 864
f 864 863 1142
f 1120 1140 866
f 866 864 1143
f 866 1143 1108
f 1121 1120 866
f 866 1108 1109
f 863 865 1138
f 863 1138 1112
f 1096 1142 863
f 1095 1096 863
f 863 1112 1110
f 4933 4937 4936
f 4936 4898 4899
f 4935 4934 4933
f 4936 4899 4935
f 4938 4933 4934
f 4935 4899 5104
f 5238 5237 5236
f 5240 5237 5238
f 5238 5244 5243
f 5242 5241 5240
f 5238 5243 5242
f 5243 5244 5246
f 5250 5242 5243
f 5250 5243 5245
f 5253 5252 5251
f 5251 5250 5245
f 5251 5245 5254
f 5249 5253 5251
f 5251 5254 5248
f 5241 5242 5250
f 5256 5255 5241
f 5263 5240 5241
f 5241 5255 5266
f 5266 5265 5257
f 5257 5258 5262
f 5262 5260 5264
f 5264 5263 5241
f 5241 5266 5257
f 5257 5262 5264
f 5268 5259 5257
f 5265 5267 5270
f 5268 5257 5265
f 5270 5269 5268
f 5271 5269 5270
f 5270 5273 5272
f 5278 5277 5276
f 5279 5281 5280
f 5278 5275 5279
f 5280 5253 5249
f 5249 5247 5282
f 5277 5278 5280
f 5249 5282 5277
f 5279 5284 5283
f 5283 4897 4891
f 4891 5281 5279
f 5281 4891 4892
f 5285 5252 5253
f 5281 4892 5285
f 5285 5253 5280
f 5289 5292 5286
f 5286 5287 5291
f 5291 4890 4884
f 5290 5289 5286
f 5291 4884 5290
f 5288 5294 5274
f 5272 5273 5293
f 5288 5274 5272
f 5293 5291 5287
f 5287 5288 5272
f 5078 5079 5298
f 5298 5297 5296
f 5295 5289 5290
f 5298 5296 5295
f 5290 5078 5298
f 5078 5290 4884
f 5078 4884 4885
f 4934 4935 5078
f 5611 5263 5264
f 5264 5612 5606
f 5607 5611 5264
f 5240 5263 5611
f 5676 5711 5710
f 5806 5809 5710
f 5710 5711 5808
f 5809 5833 5712
f 5712 5833 5838
f 5837 5836 5676
f 5712 5838 5837
f 5675 5676 5836
f 5836 5613 5611
f 5858 5237 5240
f 5858 5240 5613
f 5837 5859 5858
f 5858 5613 5836
f 5860 5862 5861
f 5861 5858 5859
f 5863 5864 5236
f 5236 5237 5858
f 5858 5861 5863
f 5865 5860 5859
f 5859 5837 5838
f 5867 5866 5865
f 5859 5838 5867
f 5867 5871 5870
f 5870 5576 5577
f 5869 5868 5866
f 5870 5577 5869
f 5866 5867 5870
f 5844 5573 5576
f 5576 5870 5849
f 5576 5849 5850
f 5843 5844 5576
f 5576 5850 5855
f 5844 5935 302
f 302 299 4818
f 4818 5573 5844
f 5991 5239 5236
f 6127 6129 3812
f 3812 6128 6102
f 5283 5284 6127
f 3812 6102 5283
f 3811 1571 1572
f 1572 3812 6133
f 6137 6136 6135
f 6134 6135 306
f 306 307 3811
f 6133 6134 306
f 3812 6129 6137
f 6137 6134 6133
f 655 654 653
f 1391 1390 1389
f 1389 1394 719
f 1391 1392 719
f 1391 720 1387
f 1387 1394 1389
f 2033 2368 2365
f 2357 2367 2368
f 2369 2366 2367
f 2032 2365 2366
f 2427 2426 2408
f 2408 2426 2429
f 2431 2407 2429
f 2431 2430 2427
f 2012 2520 2521
f 2537 2523 2520
f 2534 2522 2523
f 2019 2521 2522
f 2570 2566 2652
f 2654 2655 2652
f 2656 2655 2654
f 2570 2653 2656
f 3601 3553 3554
f 3598 3563 3553
f 3599 3562 3563
f 3600 3554 3562
f 3610 3571 3575
f 3607 3570 3571
f 3608 3572 3570
f 3609 3575 3572
f 5704 5677 5708
f 5706 5705 5704
f 5706 5707 5678
f 5708 5677 5678
f 656 653 158
f 6168 158 155
f 6167 155 654
f 6597 6596 6595
f 6601 6600 6599
f 6604 6595 6596
f 6597 6598 6607
f 6606 6599 6600
f 6600 6601 6609
f 6601 6602 6610
f 6602 6599 6606
f 6607 6598 6595
f 6596 6597 6608
f 666 665 664
f 669 670 676
f 667 664 675
f 669 676 667
f 667 675 674
f 672 677 676
f 672 679 678
f 681 688 687
f 686 685 684
f 681 687 686
f 682 681 686
f 686 684 683
f 702 706 705
f 704 694 691
f 702 705 704
f 685 686 703
f 703 702 704
f 704 691 685
f 707 708 693
f 693 694 704
f 710 709 693
f 705 713 707
f 703 686 687
f 687 699 714
f 714 715 702
f 1165 1164 1163
f 1156 1169 1168
f 1168 1167 1162
f 1156 1157 1170
f 1171 1148 1147
f 1147 1154 1173
f 1172 1171 1147
f 1145 1148 1171
f 1171 676 677
f 1176 1188 1185
f 1300 1299 1298
f 1176 1177 1312
f 1311 1309 1310
f 1176 1312 1311
f 1188 1176 1310
f 1310 1269 1270
f 1266 1188 1310
f 1263 1300 1301
f 1301 1165 1166
f 1166 1278 1279
f 1166 1279 1283
f 1263 1301 1166
f 1166 1283 1262
f 1315 1314 1313
f 1161 1162 1167
f 1315 1316 1161
f 1173 1154 1153
f 1367 1361 1362
f 1163 1368 1362
f 1164 1367 1368
f 1457 1456 1153
f 1148 1459 1458
f 1458 1457 1154
f 1147 1148 1458
f 678 1459 1148
f 1145 677 678
f 1162 1161 1474
f 1477 1156 1162
f 1162 1475 1478
f 1477 1469 1157
f 5898 5897 5896
f 5896 5900 5915
f 5915 5900 5904
f 5899 5915 5916
f 697 696 695
f 696 701 700
f 700 699 687
f 687 688 695
f 695 696 700
f 721 722 701
f 696 697 721
f 1219 1193 1197
f 1197 1210 1208
f 1197 1208 1221
f 1218 1219 1197
f 1192 1191 1210
f 1433 1427 1428
f 1428 1430 1435
f 1434 1433 1428
f 2911 514 515
f 515 2872 2873
f 2910 2911 515
f 4654 4650 4649
f 4649 4643 4644
f 4653 4654 4649
f 4644 4647 4656
f 4657 4652 4650
f 515 514 260
f 261 264 515
f 722 721 717
f 930 939 965
f 1212 1196 1195
f 1212 1195 1216
f 1214 1211 1212
f 1212 1216 1215
f 1196 1212 659
f 1629 1635 1634
f 1634 1633 1632
f 1634 1632 1631
f 1630 1629 1634
f 1631 1632 1637
f 1647 1635 1629
f 1635 1647 518
f 518 468 1634
f 3331 3335 3348
f 3344 3337 3330
f 3331 3348 3344
f 3450 3438 3386
f 3643 3641 3642
f 3643 3648 3302
f 3303 3305 3641
f 3643 3302 3303
f 1634 468 469
f 1634 469 3990
f 3998 1633 1634
f 3989 3998 1634
f 1634 3990 3988
f 4932 4929 4930
f 416 417 4932
f 267 268 469
f 468 518 267
f 416 6207 6206
f 735 742 741
f 740 739 738
f 735 741 740
f 736 735 740
f 740 738 737
f 741 742 746
f 746 745 744
f 743 741 746
f 1132 1136 856
f 857 858 1132
f 1131 873 867
f 867 868 1130
f 1131 1132 858
f 1491 855 856
f 3051 3050 3049
f 3087 3088 3050
f 3051 3055 3087
f 3147 3150 3149
f 3148 3052 3049
f 3147 3149 3148
f 3222 3229 3228
f 3224 3231 3230
f 3218 3219 3232
f 3215 3233 3228
f 3232 3219 3215
f 3213 3214 3225
f 3235 3234 3213
f 3231 3236 3234
f 3237 3230 3231
f 3232 3228 3229
f 3220 3232 3238
f 3226 3237 3235
f 3135 3136 3221
f 3228 3233 3141
f 3135 3221 3228
f 3231 3224 3142
f 3142 3143 3236
f 3225 3214 3212
f 3212 3131 3142
f 3224 3225 3212
f 3132 3211 3218
f 3132 3218 3220
f 3221 3136 3132
f 855 1491 3528
f 3528 3529 860
f 3528 860 795
f 792 855 3528
f 3529 3530 849
f 848 3531 3532
f 3532 846 847
f 3531 848 849
f 738 739 1130
f 846 3532 747
f 745 746 846
f 748 755 754
f 748 754 753
f 751 750 749
f 749 748 753
f 752 751 749
f 756 760 759
f 754 755 758
f 756 759 754
f 758 757 756
f 762 761 750
f 764 763 752
f 762 763 767
f 766 765 761
f 762 767 766
f 769 768 765
f 769 772 771
f 771 770 768
f 772 767 775
f 774 773 771
f 772 775 774
f 776 775 764
f 759 760 777
f 776 764 759
f 779 778 776
f 780 773 774
f 778 779 781
f 780 774 778
f 800 807 806
f 806 805 804
f 804 803 802
f 801 800 806
f 804 802 801
f 808 818 817
f 816 815 814
f 808 817 816
f 809 808 816
f 816 814 813
f 812 811 810
f 816 813 812
f 810 809 816
f 810 820 819
f 821 828 827
f 827 826 825
f 825 824 823
f 823 822 821
f 821 827 825
f 829 279 280
f 829 280 832
f 831 830 829
f 833 283 279
f 279 829 835
f 834 833 279
f 815 838 837
f 836 814 815
f 839 842 841
f 841 826 827
f 840 839 841
f 827 828 843
f 1113 1116 1115
f 1114 697 698
f 1113 1115 1114
f 1118 1117 1115
f 1114 1124 1123
f 1122 716 717
f 1114 1123 1122
f 721 697 1114
f 1122 717 721
f 1198 1203 1202
f 1201 1200 1199
f 1198 1202 1201
f 1205 1204 1202
f 1206 1205 1203
f 1203 1198 1207
f 1208 1210 1191
f 1189 1190 1209
f 1208 1191 1189
f 1211 663 658
f 658 659 1212
f 1213 1207 1198
f 1358 1420 1426
f 1423 1357 1358
f 99 100 1549
f 1553 1552 1551
f 99 1549 1553
f 1554 1552 1553
f 1556 1551 1552
f 101 1567 1548
f 1549 100 101
f 1726 1732 1731
f 1726 1731 1730
f 1729 1728 1727
f 1727 1726 1730
f 1733 1735 1732
f 1732 1726 1734
f 1736 1735 1733
f 1738 1737 1736
f 1739 1727 1728
f 1739 1728 1743
f 1741 1740 1739
f 1739 1743 1742
f 1744 1747 1739
f 1739 1740 1746
f 1745 1744 1739
f 1748 1746 1740
f 1740 1741 1750
f 1749 1748 1740
f 1745 1752 1751
f 1753 1734 1726
f 1726 1727 1739
f 1747 1753 1726
f 1754 1738 1733
f 1733 1734 1753
f 1755 1754 1733
f 1737 1738 1754
f 1758 1757 1756
f 1737 1754 1758
f 1759 1758 1754
f 1754 1755 1762
f 1761 1760 1759
f 1754 1762 1761
f 1757 1758 1759
f 1759 1764 1763
f 1760 1766 1765
f 1765 88 1764
f 1756 91 92
f 92 61 1736
f 1737 1756 92
f 1763 89 90
f 90 91 1756
f 1757 1763 90
f 1763 1764 88
f 1732 1713 1704
f 1704 1705 1731
f 1735 1720 1712
f 1712 1713 1732
f 1735 1736 61
f 3107 1682 1680
f 3109 3108 3107
f 3110 3109 1680
f 3112 3111 1685
f 3113 3115 3114
f 3112 1683 1684
f 3113 3114 3112
f 1684 1686 3113
f 3106 3117 3116
f 3120 3119 3118
f 3116 3124 3123
f 3122 3102 3103
f 3116 3123 3122
f 3125 3127 3126
f 3120 3121 3125
f 3409 3406 3411
f 3411 3413 3418
f 3417 3408 3409
f 3411 3418 3417
f 1689 1690 3417
f 3545 3359 3360
f 3544 3381 3325
f 3549 3313 933
f 3549 933 934
f 962 3548 3549
f 3549 934 964
f 3626 1654 917
f 3626 917 918
f 923 932 3626
f 3627 3631 3630
f 3630 3629 3628
f 3657 3640 3613
f 3670 3644 3642
f 3663 3671 3672
f 3646 3647 3673
f 3248 3679 3680
f 3252 3247 3680
f 3680 3618 3619
f 3638 3684 3683
f 3638 3683 3682
f 3681 3637 3638
f 3281 3685 3634
f 3686 3692 3691
f 3691 3690 3689
f 3688 3687 3686
f 3691 3689 3688
f 3690 3695 3694
f 3877 3866 3863
f 3863 3879 3878
f 3878 3879 3880
f 1548 1567 3884
f 3884 3883 3882
f 3885 3887 3854
f 3854 3855 3871
f 3871 3872 3886
f 3886 3885 3854
f 3861 3887 3885
f 3885 3889 3888
f 3888 3860 3861
f 3890 3896 3881
f 3881 3880 3895
f 3895 3894 3893
f 3893 3892 3891
f 3891 3890 3881
f 3881 3895 3893
f 3897 3899 3891
f 3891 3892 3898
f 1554 1555 3902
f 3902 3901 3900
f 3903 3906 1556
f 1556 1554 3900
f 3900 3905 3904
f 3904 3903 1556
f 3906 3903 3909
f 3908 3907 3906
f 3836 4671 4676
f 4676 294 295
f 298 4677 1512
f 1512 160 161
f 4678 1515 1516
f 1516 4680 4679
f 4681 4683 4675
f 4675 4672 4682
f 4682 4685 4684
f 4679 4688 4687
f 4686 4678 4679
f 5170 5222 5094
f 5170 5094 5088
f 5089 5095 5170
f 5094 5222 5221
f 5221 4821 4822
f 5940 5939 5938
f 5944 5943 5942
f 5942 5943 5952
f 5942 5952 5951
f 5949 5948 5947
f 5947 5942 5951
f 5950 5949 5947
f 5946 5947 5948
f 5946 5948 5956
f 5954 5953 5946
f 5946 5956 5955
f 5953 5940 5941
f 5941 5944 5945
f 5945 5946 5953
f 5955 5849 5853
f 775 767 763
f 3172 3173 3062
f 6399 6400 6422
f 6422 6420 6404
f 6422 6404 6396
f 6393 6399 6422
f 6422 6400 6401
f 6408 6405 6418
f 6422 6401 6408
f 6415 6422 6408
f 6408 6418 6414
f 782 789 788
f 787 786 785
f 782 788 787
f 785 784 783
f 783 782 787
f 796 799 798
f 796 798 790
f 794 796 790
f 791 797 793
f 794 790 791
f 2101 2100 1746
f 2103 2102 1752
f 2100 2103 1745
f 2433 2155 2157
f 2434 2157 2102
f 2100 2101 2154
f 2154 2155 2433
f 2433 2434 2103
f 2682 2659 2660
f 2684 2661 2662
f 1691 3091 3090
f 3095 3094 3093
f 3153 3187 3199
f 3418 3419 3095
f 1688 1689 3418
f 3420 3417 1690
f 1691 3092 3420
f 5942 5947 5946
f 6555 6560 6552
f 6553 6559 6558
f 6555 6552 6553
f 6557 6556 6555
f 6553 6558 6557
f 6564 6572 6571
f 6571 6570 6565
f 6566 6569 6563
f 6571 6565 6566
f 6563 6564 6571
f 6616 6627 6625
f 6616 6625 6622
f 6624 6618 6616
f 6616 6622 6619
f 6611 6614 6625
f 790 782 783
f 737 787 788
f 794 793 792
f 844 847 846
f 846 746 845
f 848 847 844
f 851 850 849
f 848 844 851
f 852 857 856
f 855 792 854
f 852 856 855
f 855 854 853
f 852 859 858
f 860 849 850
f 862 861 795
f 860 850 862
f 867 871 870
f 870 869 738
f 868 867 870
f 872 871 867
f 873 858 859
f 872 867 873
f 783 784 899
f 893 789 782
f 896 786 787
f 788 789 893
f 903 899 784
f 896 903 785
f 787 737 891
f 892 895 787
f 888 889 736
f 736 788 894
f 798 799 874
f 790 798 875
f 902 797 791
f 791 783 900
f 782 790 879
f 880 897 782
f 793 797 902
f 886 796 794
f 794 795 861
f 904 854 792
f 799 796 886
f 977 978 974
f 975 976 977
f 981 980 979
f 1074 1072 1065
f 1065 1064 1062
f 1094 1097 1096
f 1096 1095 1093
f 1101 1107 1106
f 1105 1104 1103
f 1101 1106 1105
f 1097 1094 1092
f 1092 1101 1105
f 1105 1103 1102
f 1102 1100 1098
f 1098 1097 1092
f 1092 1105 1102
f 1108 1099 1100
f 1100 1102 1109
f 1110 1112 1111
f 1107 1101 1110
f 1120 1121 1103
f 1104 1119 1120
f 1125 1131 1130
f 1130 1129 1128
f 1130 1128 1127
f 1126 1125 1130
f 1131 1125 1133
f 1134 1137 1136
f 1136 1132 1135
f 1174 1172 1173
f 1173 1178 1177
f 1173 1177 1176
f 1175 1174 1173
f 1171 1172 1174
f 1174 667 676
f 1141 1181 1180
f 1180 1179 1143
f 1141 1142 1182
f 1222 1223 1220
f 663 1211 1214
f 1226 1225 1217
f 1217 1220 1224
f 1227 1229 1184
f 1185 1188 1228
f 1227 1184 1185
f 1230 1232 1180
f 1230 1180 1181
f 665 662 1231
f 1231 1230 1181
f 1182 664 665
f 1231 1181 1182
f 1180 1232 1233
f 1233 1227 1228
f 1179 1180 1233
f 1234 1229 1227
f 1227 1233 1235
f 1231 662 1214
f 1230 1201 1202
f 1202 1204 1233
f 1232 1230 1202
f 1230 1231 1200
f 1199 1200 1231
f 1231 1236 1213
f 1209 1190 1184
f 1229 1234 1209
f 1235 1206 1207
f 1207 1213 1236
f 1235 1233 1204
f 1205 1206 1235
f 1234 1221 1208
f 1235 1237 1226
f 1224 1218 1221
f 1235 1226 1224
f 1224 1221 1234
f 1225 1226 1237
f 1236 1214 1215
f 1225 1237 1236
f 1182 1241 675
f 674 1244 1243
f 1243 1242 668
f 669 674 1243
f 1243 1246 1245
f 1241 1247 1240
f 1240 1238 1244
f 1244 674 675
f 675 1241 1240
f 1251 1257 1256
f 1255 1254 1253
f 1251 1256 1255
f 1250 1248 1252
f 1252 1251 1255
f 1255 1253 1239
f 1239 1240 1247
f 1247 1250 1252
f 1252 1255 1239
f 1259 1264 1263
f 1263 1262 1261
f 1261 1258 1259
f 1228 1188 1266
f 1266 1265 1179
f 1267 1270 1269
f 1269 1268 1260
f 1260 1258 1267
f 1265 1266 1270
f 1267 1252 1248
f 1265 1270 1267
f 1248 1249 1265
f 689 1245 1246
f 1246 1271 683
f 684 689 1246
f 1272 681 682
f 682 683 1271
f 1271 1253 1254
f 1254 1274 1273
f 1273 682 1271
f 1275 1277 1276
f 1276 688 681
f 1272 1275 1276
f 1276 1277 1280
f 1280 1279 1278
f 1283 1279 1280
f 1257 1251 1261
f 1261 1262 1283
f 1282 1281 1257
f 1261 1283 1282
f 1275 1139 1140
f 1140 1280 1277
f 1275 1272 1138
f 1282 1280 1140
f 1258 1261 1121
f 1121 1109 1267
f 1143 1179 1265
f 1138 1272 1273
f 1095 1110 1271
f 1095 1271 1246
f 1243 1244 1095
f 1241 1182 1142
f 1274 1255 1106
f 1111 1112 1273
f 1274 1106 1111
f 1109 1102 1252
f 1238 1239 1092
f 1093 1095 1244
f 1238 1092 1093
f 1098 1250 1247
f 1247 1241 1096
f 1099 1108 1265
f 1249 1250 1098
f 1099 1265 1249
f 1101 1092 1239
f 1101 1253 1271
f 1281 1282 1120
f 1119 1105 1256
f 1281 1120 1119
f 1251 1252 1102
f 1121 1261 1251
f 1106 1255 1256
f 1309 1299 1300
f 1309 1300 1308
f 1305 1310 1309
f 1317 1319 1168
f 1169 1170 1318
f 1317 1168 1169
f 1315 1167 1168
f 1321 1316 1313
f 1321 1313 1325
f 1322 1321 1325
f 1324 1178 1173
f 1322 1325 1324
f 1324 1173 1323
f 1317 1302 1303
f 1301 1298 1314
f 1317 1303 1301
f 1319 1317 1301
f 1301 1314 1315
f 714 1302 1317
f 1318 715 714
f 1170 1157 1158
f 1328 1320 1318
f 1170 1158 1328
f 1328 1158 1159
f 1330 1329 1328
f 1159 1155 1331
f 1155 708 707
f 1330 713 705
f 1328 706 702
f 1355 1361 1367
f 1370 1369 1354
f 1355 1367 1370
f 688 1276 1372
f 1371 695 688
f 1278 1364 1372
f 1113 1371 1372
f 1372 1364 1118
f 1116 1113 1372
f 1113 698 695
f 1374 1379 1378
f 1378 1377 1376
f 1375 1374 1378
f 1381 1383 1382
f 1382 1380 1379
f 1374 1381 1382
f 1377 1400 1399
f 1377 1399 1398
f 1396 1376 1377
f 1375 1376 1396
f 1397 1401 1375
f 1404 1402 1403
f 1403 1398 1399
f 1405 1404 1403
f 1400 1377 1378
f 1378 1365 1366
f 1406 1400 1378
f 1401 1397 1410
f 1410 1409 1408
f 1407 1401 1410
f 1132 1133 1410
f 1410 1397 1398
f 1403 1135 1132
f 1410 1398 1403
f 1411 1413 1412
f 1412 1383 1381
f 1413 1346 1352
f 1401 1411 1381
f 1369 1412 1352
f 1369 1352 1349
f 1350 1354 1369
f 1343 1404 1405
f 1414 1342 1343
f 1351 1342 1414
f 1400 1415 1414
f 1415 1406 1366
f 1363 1353 1351
f 1415 1366 1363
f 1411 1407 1408
f 1416 1345 1346
f 1411 1408 1416
f 1416 1346 1413
f 1404 1418 1417
f 1418 1404 1343
f 1343 982 1419
f 1341 1348 1437
f 1437 980 981
f 1333 1334 1443
f 1348 1344 1447
f 1446 1437 1348
f 1440 1447 1344
f 1444 1445 1339
f 1449 1443 1334
f 1337 1339 1445
f 1449 1334 1337
f 1450 1454 1453
f 1452 1451 1450
f 1158 1157 1469
f 1469 1468 1467
f 1467 1159 1158
f 1159 1467 1471
f 1470 1155 1159
f 1471 1473 1472
f 1473 712 709
f 1470 710 708
f 1479 1450 1451
f 1468 1479 1481
f 1482 1487 1486
f 1485 1484 1483
f 1482 1486 1485
f 1444 1340 1490
f 1490 1489 1488
f 1489 1490 1495
f 943 1486 1487
f 1499 1498 1497
f 1497 959 958
f 1500 1499 1497
f 1524 1534 1533
f 1524 1533 1532
f 1525 1524 1532
f 1525 1532 1531
f 1528 1527 1526
f 1526 1525 1531
f 1526 1531 1530
f 1529 1528 1526
f 1658 1663 1662
f 1662 1661 1660
f 1659 1658 1662
f 1658 1665 1664
f 1783 1881 1880
f 1880 1879 1786
f 1886 1891 1890
f 1890 1889 1888
f 1887 1886 1890
f 1892 1897 1896
f 1895 1894 1893
f 1892 1896 1895
f 1898 1723 1724
f 1724 1900 1899
f 69 70 1893
f 1893 1894 1905
f 70 74 1889
f 81 83 1881
f 80 81 1891
f 1891 1886 1910
f 1880 1881 83
f 83 94 1915
f 1886 1880 1915
f 1888 1889 74
f 74 77 1920
f 1894 1888 1920
f 64 66 1897
f 63 64 1898
f 1898 1899 1925
f 1896 1897 66
f 66 72 1930
f 1899 1896 1930
f 1886 1887 1959
f 1959 1956 1879
f 1880 1886 1959
f 1959 1887 1888
f 1894 1895 1960
f 1959 1888 1894
f 1960 1895 1896
f 1899 1900 1953
f 1960 1896 1899
f 1784 1961 1890
f 1784 1890 1891
f 1881 1783 1784
f 1890 1961 1962
f 1962 1892 1893
f 1889 1890 1962
f 1892 1962 1722
f 1722 1723 1898
f 1897 1892 1722
f 1964 1965 1972
f 1964 1972 1971
f 1969 1968 1967
f 1967 1964 1971
f 1970 1969 1967
f 2038 2035 1956
f 1960 2039 2038
f 1953 2004 2039
f 2040 2041 1961
f 1961 1784 1785
f 1961 2041 2043
f 2043 2042 1962
f 1721 1722 1962
f 2110 2107 2112
f 2125 2111 2128
f 2128 2127 2126
f 1779 2201 2200
f 2200 2060 1780
f 2204 2203 2202
f 2202 2200 2206
f 2035 2038 2208
f 2035 2208 2207
f 2206 2054 2035
f 2209 2207 2208
f 2054 2206 2211
f 2211 1781 1782
f 2209 2210 2040
f 2040 1785 1781
f 2211 2209 2040
f 2211 2206 2200
f 2205 2202 2207
f 2209 2211 2201
f 2059 2213 2212
f 2212 1774 1775
f 2216 2215 2214
f 2202 2203 2217
f 2202 2217 2214
f 2059 2060 2200
f 2200 2202 2214
f 2213 2059 2200
f 2215 2216 2204
f 2215 2204 2205
f 1779 1774 2212
f 2212 2215 2205
f 2201 1779 2212
f 2213 2214 2226
f 2234 2235 2213
f 2213 2235 2222
f 2223 2226 2214
f 2215 2212 2222
f 2295 2282 2283
f 2440 2439 2438
f 2442 1974 1700
f 1700 1701 2443
f 2210 2208 2444
f 2446 2451 2450
f 2449 2448 2447
f 2446 2450 2449
f 2452 2005 1714
f 1714 1715 2453
f 2208 2038 2039
f 2039 2446 2447
f 2444 2208 2039
f 2446 2039 2004
f 2004 2005 2452
f 2451 2446 2004
f 2040 2210 2445
f 2448 2449 2043
f 2040 2445 2448
f 2448 2043 2041
f 2043 2449 2450
f 2453 1715 1721
f 2043 2450 2453
f 2453 1721 2042
f 2454 2456 2455
f 2455 2445 2444
f 2459 2458 2457
f 2458 2459 2216
f 2456 2454 2203
f 2454 2458 2217
f 2459 2456 2204
f 2467 1703 1707
f 1707 1989 2468
f 2471 2470 2469
f 2473 2476 2468
f 2475 2471 2474
f 2473 2468 2475
f 2451 2452 2479
f 2478 2477 2451
f 2458 2480 2470
f 2470 2463 2457
f 2481 2454 2444
f 2458 2454 2481
f 2477 2478 2473
f 2458 2481 2477
f 2480 2458 2477
f 2477 2473 2474
f 2473 2478 2479
f 2479 1995 1996
f 2476 2473 2479
f 2447 2448 2483
f 2483 2482 2481
f 2470 2480 2484
f 2483 2455 2456
f 2483 2456 2459
f 2482 2483 2459
f 2460 2461 2469
f 2482 2459 2460
f 2460 2469 2484
f 2483 2448 2445
f 2479 2486 2485
f 2485 1716 1717
f 1717 1995 2479
f 2477 2481 2482
f 2486 2479 2452
f 2450 2451 2477
f 2453 2450 2487
f 2476 1996 1710
f 1710 1711 2489
f 2489 2488 2476
f 2490 2484 2480
f 2488 2489 2485
f 2488 2485 2486
f 2482 2484 2490
f 2490 2488 2486
f 2487 2482 2490
f 1711 1716 2485
f 2490 2474 2471
f 2467 2468 2476
f 2491 2467 2488
f 2488 2490 2472
f 2471 2475 2492
f 2471 2492 2441
f 2462 2463 2470
f 2470 2471 2441
f 2438 2436 2462
f 2470 2441 2438
f 2492 2475 2468
f 2468 1989 1973
f 1973 1974 2442
f 2442 2492 2468
f 2440 2493 2491
f 2440 2491 2472
f 2461 2435 2439
f 2439 2440 2472
f 2469 2461 2439
f 2491 2493 2443
f 2443 1701 1703
f 2467 2491 2443
f 2494 2153 2160
f 2496 2500 2499
f 2498 2497 2496
f 2501 1702 1697
f 1697 2503 2502
f 2440 2441 2499
f 2496 2497 2438
f 2435 2436 2494
f 2497 2494 2436
f 2496 2439 2435
f 2501 2502 2442
f 2440 2500 2501
f 2501 2443 2493
f 2492 2442 2502
f 2502 2499 2441
f 2497 2498 2504
f 2504 2152 2153
f 2494 2497 2504
f 2504 2498 2499
f 2502 2503 2505
f 2504 2499 2502
f 2712 2711 2710
f 2714 2712 486
f 2714 486 485
f 484 483 2714
f 502 503 2721
f 2721 2714 483
f 501 502 2721
f 589 588 2711
f 2711 2721 503
f 2711 503 591
f 592 589 2711
f 2711 2726 2725
f 2711 588 582
f 583 491 2738
f 2711 582 583
f 583 2738 2726
f 2747 2746 2725
f 2769 2746 2747
f 2774 2773 2769
f 2777 2753 2773
f 2780 2779 2753
f 2713 2800 2818
f 1984 2818 2800
f 486 2712 2818
f 2818 2819 480
f 479 486 2818
f 2126 2127 2779
f 2832 1972 1965
f 2113 2832 2831
f 2115 2116 2838
f 2131 2132 2840
f 2152 2504 2842
f 2152 2842 2841
f 2840 2836 2835
f 2835 2152 2841
f 2842 2504 2505
f 2505 2843 2839
f 2838 2842 2505
f 1835 1832 2844
f 2844 2838 2116
f 2841 2845 1833
f 1833 1834 2131
f 1840 1836 2846
f 2846 2840 2132
f 2846 2833 2836
f 2833 2846 2495
f 2495 2160 2834
f 2496 2495 2846
f 2846 1836 1833
f 2845 2496 2846
f 2842 2838 2844
f 2844 2845 2841
f 2500 2496 2845
f 2839 2847 1830
f 1830 1831 2115
f 2501 2500 2844
f 2844 1832 1830
f 2847 2501 2844
f 2839 2843 1692
f 1692 1693 2847
f 1702 2501 2847
f 2505 2503 1698
f 1698 1696 2843
f 1968 1969 1844
f 2927 2923 2956
f 2949 2956 2923
f 2916 2973 2938
f 2938 2925 2915
f 2970 2917 2918
f 3003 3009 3008
f 3007 3006 3005
f 3003 3008 3007
f 3007 3005 3004
f 2868 3026 3025
f 3028 3025 3026
f 3030 3029 3028
f 3074 3073 3072
f 3072 3073 1177
f 1312 1177 3073
f 3075 3072 1178
f 3162 3172 3174
f 3171 3167 3174
f 3174 3175 3176
f 3173 3163 3165
f 3177 3179 3165
f 3166 3178 3177
f 3124 3116 3182
f 3181 3180 3124
f 3120 3126 3185
f 3184 3183 3120
f 3188 3186 3178
f 3178 3166 3189
f 3188 3190 3187
f 3200 3197 3198
f 3198 3171 3176
f 3200 3199 3196
f 3180 3192 3123
f 3127 3194 3185
f 3194 3192 3180
f 3119 3120 3183
f 3112 3114 3202
f 3115 3164 3202
f 3164 3168 3201
f 3201 3168 3118
f 3204 3182 3116
f 3109 3206 3205
f 3111 3112 3203
f 3208 3207 3111
f 3109 3110 3210
f 3209 3206 3109
f 3211 3212 3209
f 3211 3209 3210
f 3207 3208 3211
f 3205 3206 3209
f 3205 3209 3212
f 3181 3182 3204
f 3204 3205 3212
f 3204 3212 3214
f 3213 3181 3204
f 3180 3181 3213
f 3180 3213 3217
f 3215 3184 3185
f 3185 3180 3217
f 3216 3215 3185
f 3211 3208 3203
f 3211 3203 3202
f 3218 3211 3202
f 3201 3183 3184
f 3218 3202 3201
f 3219 3218 3201
f 3201 3184 3215
f 1670 1671 3207
f 1681 1670 3210
f 3207 1671 1685
f 3205 3105 3107
f 3205 3204 3104
f 3106 3104 3204
f 3247 3251 3250
f 3250 3249 3248
f 3247 3252 3245
f 3266 3265 3249
f 3307 3311 3310
f 3309 3308 3307
f 3312 927 933
f 3316 3315 3314
f 3349 3339 3340
f 3349 3340 3353
f 3351 3350 3349
f 3349 3353 3352
f 3354 3353 3340
f 3352 3357 3356
f 3355 3351 3352
f 3393 3392 1314
f 3392 3393 3394
f 3395 3394 3074
f 1311 3394 3393
f 3393 1298 1299
f 1309 1311 3393
f 3394 1311 1312
f 3395 1325 1313
f 1313 1314 3392
f 1325 3395 3075
f 780 3443 3442
f 780 3442 3441
f 773 780 3441
f 3440 3388 770
f 773 3441 3440
f 3440 770 771
f 3443 780 781
f 3403 758 755
f 755 748 3390
f 755 3390 3398
f 3402 3403 755
f 3403 3404 757
f 751 3446 3445
f 3444 762 751
f 3447 3444 3445
f 3447 3448 3449
f 3449 769 766
f 3389 749 750
f 3389 750 761
f 770 3388 3389
f 768 770 3389
f 3389 761 765
f 3389 3390 748
f 756 3425 3426
f 3426 781 779
f 3426 779 777
f 760 756 3426
f 3425 756 757
f 3453 3452 3451
f 3444 3455 763
f 3451 3456 759
f 3455 3458 3457
f 3456 3461 3460
f 3460 754 759
f 3462 3460 3461
f 3462 3461 3452
f 3445 3446 3463
f 3463 3462 3452
f 3463 3452 3453
f 3458 3445 3463
f 3463 3453 3457
f 3462 3463 3464
f 3464 3463 3446
f 3446 751 752
f 754 3460 3462
f 3465 753 754
f 3455 3464 752
f 3465 3451 764
f 3454 3451 3465
f 3465 3464 3455
f 3459 3454 3465
f 3451 3452 3466
f 3469 3468 774
f 3471 3470 3469
f 3473 3475 3429
f 3429 3430 3474
f 769 3449 3477
f 3476 772 769
f 3468 3476 3477
f 3486 3470 3478
f 3478 3477 3487
f 3485 3486 3478
f 3445 3458 3481
f 3445 3481 3482
f 3477 3449 3448
f 3448 3445 3482
f 3487 3477 3448
f 3476 3468 3469
f 3476 3469 3492
f 3491 3490 3476
f 3444 3447 3490
f 3444 3490 3495
f 3496 3455 3444
f 3476 3490 767
f 3490 3447 766
f 3481 3458 3455
f 3490 3487 3482
f 3485 3487 3490
f 3469 3470 3486
f 3497 3474 3430
f 3437 3439 3499
f 3498 3497 3436
f 3437 3499 3498
f 3501 3352 3353
f 3442 3503 3501
f 3502 3500 3441
f 3442 3501 3502
f 3357 3352 3501
f 3506 3502 3353
f 3499 3500 3502
f 3504 3501 3503
f 3468 3478 3508
f 3508 778 774
f 3452 3461 3509
f 3509 3508 3478
f 3509 3478 3470
f 3466 3452 3509
f 3509 3470 3471
f 3509 3461 3456
f 778 3508 3509
f 3510 776 778
f 3510 3469 775
f 3472 3469 3510
f 3510 3456 3451
f 3467 3472 3510
f 967 968 3523
f 3356 3524 3523
f 3517 3362 3356
f 966 3526 3525
f 3355 3527 3525
f 3525 3350 3351
f 1491 1137 3329
f 3338 3339 3528
f 1491 3329 3338
f 3528 3339 3349
f 3349 3530 3529
f 3526 3532 3531
f 3350 3525 3531
f 3530 3349 3350
f 3533 3520 3513
f 3513 3511 3535
f 3534 3533 3513
f 3518 3520 3533
f 3533 3341 3342
f 3511 974 978
f 3527 3539 3538
f 3537 960 966
f 3527 3538 3537
f 3527 3355 3358
f 3540 3361 3363
f 3312 3543 3542
f 3541 3327 3314
f 3541 3314 3542
f 3537 3538 3540
f 3540 3541 3542
f 3543 3537 3540
f 3326 3327 3541
f 3540 3538 3545
f 3541 3363 3381
f 3546 3360 3361
f 3359 3545 3538
f 3539 3358 3359
f 3315 3547 3542
f 3548 3537 3543
f 960 3537 3548
f 3317 3542 3547
f 3313 3549 3543
f 3550 1498 1499
f 3551 3368 3366
f 3550 1499 3551
f 1495 3367 3333
f 3578 3376 3372
f 3580 3564 3558
f 3580 3558 3578
f 3581 3516 3580
f 3580 3578 3579
f 3582 3521 3522
f 3516 3521 3582
f 3514 3584 3583
f 3586 3585 938
f 3586 3576 3568
f 3584 3514 3587
f 3586 3568 3584
f 3584 3587 3585
f 3569 3588 3584
f 3589 3590 3552
f 3552 3370 3369
f 1484 3557 3591
f 3557 3552 3590
f 3593 3561 3564
f 3595 3594 3373
f 3595 3559 3560
f 3560 3561 3593
f 3597 3515 3596
f 3560 3593 3597
f 3594 3595 3560
f 3597 3596 3594
f 3600 3599 3598
f 3579 3372 3373
f 3579 3594 3596
f 3516 3581 3596
f 3578 3595 3375
f 3558 3559 3595
f 3512 3519 3602
f 3603 3602 3519
f 3519 3515 3597
f 3602 3603 3582
f 3603 3593 3580
f 3583 3584 3588
f 3604 3606 3512
f 3588 3569 3573
f 3604 3512 3588
f 3573 3574 3605
f 3605 3604 3588
f 3605 948 956
f 3609 3608 3607
f 3604 956 938
f 3604 3585 3587
f 3606 3587 3514
f 935 948 3605
f 3574 3576 3586
f 3614 3615 3656
f 3674 3265 3266
f 3676 3675 3674
f 3664 3677 3674
f 3674 3675 3667
f 3678 3677 3664
f 3656 3615 3617
f 3678 3664 3656
f 3674 3679 3248
f 3249 3265 3674
f 3678 3680 3679
f 3679 3674 3677
f 3678 3617 3618
f 3703 3702 3628
f 3626 932 926
f 3704 926 927
f 3704 927 3312
f 3314 3702 3703
f 3703 3704 3312
f 3317 3314 3703
f 3696 3703 3629
f 3703 3696 1650
f 1650 1651 3704
f 1654 3626 3704
f 3719 3722 3721
f 3720 3310 3311
f 3719 3721 3720
f 3733 3714 3715
f 3742 3734 3715
f 3711 3709 3742
f 3742 3709 3705
f 3718 3714 3733
f 3294 3295 3712
f 3708 3712 3295
f 3295 3296 3707
f 3287 3283 3716
f 3713 3716 3283
f 3293 3294 3710
f 3713 3283 3293
f 3755 3754 3753
f 3780 3755 3756
f 3781 3756 3753
f 3783 3782 3781
f 3250 3784 3782
f 3782 3783 3267
f 3249 3250 3782
f 3785 3784 3250
f 3785 3250 3251
f 1674 1675 3785
f 3785 3251 3245
f 3781 3782 3787
f 3785 3786 3787
f 3787 3782 3784
f 3785 1675 1676
f 3818 3817 3816
f 2927 2957 4119
f 4119 4091 4092
f 4116 4080 4090
f 4160 4093 4085
f 4045 4046 4093
f 4149 4089 4067
f 4109 4235 4072
f 4099 4066 4073
f 3825 3826 4282
f 4484 4490 4489
f 4488 4487 4486
f 4484 4489 4488
f 4488 4486 4485
f 4491 4497 4496
f 4495 4494 4493
f 4491 4496 4495
f 4495 4493 4492
f 4498 4503 4502
f 4501 4500 4499
f 4498 4502 4501
f 4560 4493 4494
f 4494 4489 4490
f 4542 4499 4500
f 4561 1533 1534
f 4542 4500 4561
f 4562 4502 4503
f 4546 4496 4497
f 4562 4503 4546
f 4487 1527 1528
f 4563 4486 4487
f 3819 3816 4645
f 4647 4646 3817
f 4645 3816 3817
f 4644 4645 4646
f 4643 4649 4648
f 4643 4648 3823
f 3820 4642 4643
f 4302 4654 4653
f 4305 4656 4657
f 4758 293 294
f 4732 4759 4683
f 4681 4684 4732
f 298 297 4760
f 4679 4680 4761
f 4761 4731 4688
f 1516 1513 4761
f 4760 1511 1512
f 4760 4761 1513
f 4761 4760 4758
f 4759 4732 4731
f 4761 4758 4759
f 297 293 4758
f 4759 4674 4675
f 4671 4670 4758
f 4670 4674 4759
f 4838 4842 4841
f 4840 4839 4838
f 4849 4846 4847
f 4848 4843 4839
f 4848 4840 4841
f 4852 4851 4850
f 4848 4841 4852
f 4852 4850 4847
f 4846 4849 4642
f 3823 4648 4838
f 4839 4843 3823
f 4968 4973 4970
f 4970 4971 4967
f 4978 4983 4982
f 4981 4837 4833
f 4978 4982 4981
f 4833 4980 4979
f 4979 4978 4981
f 4984 4983 4978
f 4978 4985 4977
f 4977 4975 4976
f 4976 4984 4978
f 4986 4984 4976
f 4895 4981 4982
f 5090 5096 5095
f 5107 5109 5062
f 5062 5067 5108
f 5075 5141 5140
f 5152 5144 5148
f 5151 5150 5153
f 5146 5151 5154
f 5159 5152 5145
f 5146 5154 5159
f 5061 5062 5109
f 5149 5141 5075
f 5061 5109 5149
f 5457 5456 4986
f 5456 5457 5461
f 5461 5460 5459
f 5458 5456 5461
f 5462 5455 4895
f 5455 5462 5463
f 5463 5464 5453
f 5454 5455 5463
f 5465 5466 5467
f 5342 5473 5477
f 5336 5477 5469
f 5335 5469 5470
f 5340 5470 5473
f 5450 5532 5531
f 5532 5450 5445
f 5540 5445 5446
f 5446 5449 5531
f 5716 5720 5719
f 5719 5718 5717
f 802 5701 5726
f 5726 5701 5096
f 5756 825 826
f 826 841 5722
f 826 5722 5754
f 5757 5756 826
f 824 825 5756
f 5755 5738 824
f 5758 5732 5733
f 5758 806 807
f 5771 805 806
f 816 817 5772
f 803 804 5775
f 5774 5702 803
f 5771 5775 804
f 5775 5776 5779
f 5778 5777 5774
f 5775 5779 5778
f 5777 5778 818
f 818 808 5700
f 5778 5772 817
f 5777 5698 5699
f 5756 5757 5773
f 5756 5773 5772
f 5758 5755 5756
f 5771 5758 5756
f 5756 5772 5779
f 5776 5771 5756
f 5662 5666 5789
f 5788 5693 5617
f 5662 5789 5788
f 5620 5662 5788
f 5788 5617 5618
f 5754 5810 5773
f 816 5773 5810
f 5810 5713 838
f 815 816 5810
f 5754 5721 5715
f 5821 5826 5825
f 5825 5824 5823
f 5822 5821 5825
f 5821 5828 5827
f 821 5822 5823
f 5823 5817 843
f 828 821 5823
f 5821 5822 821
f 821 822 5739
f 5828 5821 821
f 5825 829 830
f 830 5816 5824
f 835 829 5825
f 835 5825 5826
f 5827 5745 835
f 5824 5812 5813
f 5828 5740 5741
f 5667 5829 5789
f 5959 5957 5958
f 5968 5967 5940
f 5953 5954 5968
f 5570 5571 5590
f 5582 5583 5570
f 6013 6009 6010
f 6035 6034 6013
f 6012 6013 6034
f 6034 6040 6019
f 6020 6012 6034
f 6043 6042 6041
f 6042 6011 6004
f 6046 6005 6006
f 6045 6046 6047
f 6051 6008 6002
f 6057 6056 6051
f 5075 5076 6054
f 6058 6003 5067
f 6059 6058 5062
f 5061 5075 6059
f 6050 6051 6056
f 6056 6053 6052
f 6098 6100 6099
f 6099 6094 6095
f 4832 6114 6113
f 1579 6117 4830
f 6117 6112 4829
f 6120 6119 5829
f 6149 6150 977
f 739 6151 1129
f 6145 747 3532
f 737 738 6161
f 735 6165 6164
f 6164 6163 746
f 742 735 6164
f 735 736 6166
f 739 740 153
f 739 153 133
f 140 6151 739
f 739 133 134
f 153 740 741
f 741 743 151
f 152 153 741
f 151 743 744
f 747 6145 6160
f 151 744 747
f 6160 150 151
f 131 132 6150
f 592 591 6211
f 6213 6214 6211
f 6211 591 503
f 589 592 6212
f 6212 6218 6217
f 6216 6215 491
f 6212 6217 6216
f 588 589 6212
f 582 588 6212
f 6212 6216 491
f 583 582 6212
f 502 501 6300
f 483 6301 6299
f 6300 501 483
f 6297 6298 6302
f 6302 6213 503
f 503 502 6297
f 479 480 6357
f 6358 6359 6361
f 479 6357 6358
f 6361 485 486
f 486 479 6358
f 483 484 6362
f 6362 6360 6301
f 484 485 6361
f 6422 6437 6438
f 6438 6423 6420
f 6422 6415 6432
f 6440 6421 6419
f 6419 6424 6439
f 6440 6431 6416
f 6506 6572 6564
f 6563 6569 6525
f 6555 6556 6520
f 6558 6559 6505
f 6520 6556 6557
f 6552 6560 6513
f 6505 6559 6553
f 6560 6555 6517
f 6507 6531 6570
f 6506 6507 6571
f 6525 6569 6566
f 6565 6570 6531
f 6494 6469 6470
f 6470 6473 6482
f 6470 6482 6497
f 6495 6494 6470
f 6119 6120 6469
f 6469 6494 6493
f 6472 6498 6499
f 6500 6485 6474
f 6472 6499 6500
f 6500 6474 6471
f 6472 6118 270
f 6451 6452 6627
f 6627 6616 6444
f 6453 6611 6627
f 6615 6628 6463
f 6464 6443 6615
f 6612 6462 6463
f 983 573 574
f 985 575 576
f 987 992 630
f 630 631 991
f 991 990 989
f 988 987 630
f 991 989 988
f 990 994 993
f 995 1000 999
f 998 997 996
f 995 999 998
f 999 1000 1003
f 1002 1001 993
f 999 1003 1002
f 993 994 999
f 1004 1009 1008
f 1007 1006 1005
f 1004 1008 1007
f 1008 1009 1013
f 1013 1012 1011
f 1010 1008 1013
f 641 642 1011
f 1014 1017 1016
f 1016 93 1015
f 1016 1017 1020
f 1020 1019 1018
f 639 640 1018
f 1016 1604 1603
f 1603 95 93
f 1018 1606 1605
f 1605 1604 1016
f 627 628 1606
f 1606 1018 640
f 638 627 1606
f 1607 1610 1609
f 1608 78 79
f 1607 1609 1608
f 1609 1610 1614
f 1614 1613 1612
f 1611 1609 1614
f 1612 1613 622
f 609 610 1612
f 1615 1618 1617
f 1617 73 68
f 1616 1615 1617
f 1619 1622 1621
f 1621 1618 1615
f 1620 1619 1621
f 538 539 1622
f 1622 1619 612
f 1623 1625 1624
f 1624 58 59
f 59 62 1623
f 1624 1625 1628
f 1628 1627 1626
f 532 533 1626
f 1791 1792 569
f 566 573 983
f 1791 569 566
f 1793 1796 1795
f 1795 540 551
f 551 555 1794
f 1794 1793 1795
f 1797 1802 1801
f 1801 1800 1799
f 1798 1797 1801
f 1799 1800 1804
f 1804 1803 1795
f 1796 1799 1804
f 549 540 1795
f 1805 1810 1809
f 1809 1808 1807
f 1806 1805 1809
f 1807 1808 1814
f 1814 1813 1812
f 1811 1807 1814
f 1812 1813 426
f 427 586 1812
f 1695 1818 1817
f 1816 1815 1695
f 1817 1818 1822
f 1822 1821 1820
f 1819 1817 1822
f 1820 1821 1823
f 1823 422 421
f 1841 1823 1821
f 1821 1822 1843
f 1842 1841 1821
f 423 422 1823
f 1823 1841 432
f 1844 447 432
f 1841 1842 1848
f 1844 432 1841
f 1845 1844 1841
f 1841 1848 1847
f 1846 1845 1841
f 1847 1848 1853
f 1853 1851 1852
f 1849 1847 1853
f 1854 1853 1848
f 1848 1842 1843
f 1855 1818 1695
f 1855 1695 1696
f 1698 1699 1856
f 1856 1855 1696
f 1843 1822 1818
f 1818 1855 1854
f 1857 1860 1859
f 1858 1708 1709
f 1857 1859 1858
f 1859 1860 1864
f 1864 1863 1862
f 1861 1859 1864
f 1862 1863 488
f 488 487 1866
f 1865 1862 488
f 1867 1870 1869
f 1868 1718 1719
f 1867 1869 1868
f 1869 1870 1874
f 1874 1873 1872
f 1871 1869 1874
f 1872 1873 511
f 499 500 1872
f 58 1624 1876
f 1875 1725 58
f 1876 1624 1626
f 1626 1878 1877
f 533 534 1878
f 2073 2074 995
f 995 996 1776
f 995 2074 2077
f 2076 2075 1003
f 995 2077 2076
f 2076 1003 1000
f 2078 1001 1002
f 2079 1002 1003
f 1753 1747 2096
f 2096 2095 1755
f 2097 1778 1772
f 1772 1767 1760
f 1760 1761 2097
f 1762 2099 2098
f 2098 2097 1761
f 2099 1762 1755
f 1751 1752 2102
f 2104 2096 1747
f 1744 1751 2104
f 2105 2101 1748
f 1748 1749 2106
f 2106 1749 1750
f 2151 2155 2154
f 2153 2152 2151
f 2102 2157 2156
f 2155 2151 2159
f 2159 2158 2156
f 2157 2155 2159
f 2160 2153 2154
f 2154 2101 2105
f 2163 2162 2161
f 2151 2152 2168
f 2167 2166 2165
f 2151 2168 2167
f 2167 2165 2159
f 2168 2169 2163
f 2164 2167 2168
f 2161 2162 2173
f 2173 2172 2171
f 2170 2161 2173
f 2198 2197 2196
f 2218 2220 2073
f 2073 1776 1777
f 1777 2219 2218
f 2073 2220 2221
f 2221 2193 2077
f 2074 2073 2221
f 1777 1778 2097
f 2097 2224 2223
f 2097 2223 2222
f 2219 1777 2097
f 2223 2224 2225
f 2097 2098 2230
f 2230 2229 2228
f 2230 2228 2227
f 2224 2097 2230
f 2230 2227 2225
f 2232 2231 2228
f 2233 2237 2236
f 2236 2221 2220
f 2220 2218 2235
f 2235 2234 2233
f 2233 2236 2220
f 2222 2235 2218
f 2225 2227 2233
f 2233 2234 2226
f 2193 2221 2236
f 2193 2236 2239
f 2238 2192 2193
f 2237 2241 2240
f 2240 2239 2236
f 2242 2192 2238
f 2231 2232 2244
f 2244 2242 2243
f 2240 2241 2231
f 2244 2243 2240
f 2197 2198 2261
f 2263 2264 2262
f 2196 2197 2262
f 2262 2264 2250
f 2199 2249 2263
f 2263 2261 2198
f 2318 2316 2317
f 2317 2321 2320
f 2320 2319 2318
f 2325 2076 2077
f 2328 2326 2192
f 2329 2328 2242
f 2076 2325 2330
f 2331 2075 2076
f 2328 2329 2334
f 2334 2330 2325
f 2326 2328 2334
f 2331 2336 2079
f 2339 2337 2330
f 2078 2079 2336
f 2336 2337 2386
f 2385 2078 2336
f 2371 2385 2386
f 2337 2339 2380
f 2380 2381 2386
f 2156 2437 2436
f 2435 2096 2104
f 2156 2436 2435
f 2095 2096 2435
f 2461 2460 2095
f 2462 2465 2464
f 2464 2457 2463
f 2462 2436 2437
f 2099 2095 2460
f 2457 2464 2466
f 2099 2460 2457
f 2098 2099 2466
f 2615 2171 2172
f 2258 2614 2437
f 2437 2156 2158
f 2553 2616 2615
f 2437 2614 2617
f 2464 2465 2617
f 2618 2620 2619
f 2464 2617 2618
f 2619 2620 2616
f 2616 2553 2558
f 2621 2619 2616
f 2229 2230 2466
f 2466 2622 2232
f 2244 2232 2622
f 2624 2623 2329
f 2244 2622 2624
f 2466 2464 2619
f 2619 2624 2622
f 2621 2623 2624
f 2334 2329 2623
f 2623 2621 2558
f 2559 2380 2339
f 2623 2558 2559
f 2339 2334 2623
f 2833 2834 2106
f 2106 1837 1838
f 2836 2837 2169
f 2169 2168 2835
f 2836 2833 1838
f 1838 1839 2837
f 2160 2105 2106
f 1799 1796 2173
f 2169 2837 1797
f 1797 1798 2163
f 1798 1799 2162
f 3013 3024 3021
f 3022 3023 3020
f 3013 3021 3022
f 3020 3012 3013
f 3002 443 444
f 3002 444 3005
f 3039 3038 3002
f 3010 3024 3039
f 3002 3005 3006
f 3006 3010 3039
f 3024 3013 3040
f 1825 3002 3038
f 6169 640 639
f 6171 642 641
f 6174 6173 631
f 575 6176 6175
f 573 6178 6177
f 566 569 6181
f 566 6181 6180
f 6178 573 566
f 566 6180 6179
f 540 549 6185
f 540 6185 6184
f 6182 555 551
f 551 540 6184
f 6183 6182 551
f 427 426 6188
f 6187 6186 586
f 427 6188 6187
f 6189 421 422
f 422 6191 6190
f 6192 6194 628
f 6192 628 627
f 640 6169 6193
f 6193 6192 627
f 638 640 6193
f 6195 6197 610
f 609 622 6196
f 6195 610 609
f 6198 6200 539
f 538 612 6199
f 6198 539 538
f 6201 6203 533
f 533 532 6202
f 6305 6306 500
f 499 511 6305
f 534 533 6203
f 487 488 6303
f 6376 6372 444
f 6374 6191 422
f 6374 422 423
f 447 6373 6374
f 6374 423 432
f 1021 1025 1024
f 1024 1023 1022
f 1026 1032 1031
f 1031 1030 1029
f 1029 1028 1027
f 1027 1026 1031
f 1071 1069 1036
f 1037 1045 1071
f 1071 1027 1028
f 1073 1044 1040
f 1040 1041 1067
f 1073 1068 1061
f 1057 1058 1073
f 1075 1076 1086
f 1086 1085 1091
f 1076 1787 1789
f 1790 1788 1024
f 2092 2093 2145
f 2145 2144 2143
f 2142 2092 2145
f 2088 1789 1787
f 1787 2089 2147
f 2147 2146 2088
f 1788 1790 2087
f 2087 2251 2287
f 2287 2090 1788
f 2254 2255 2314
f 2314 2094 2091
f 2280 2254 2314
f 3060 3058 3059
f 6502 6510 6509
f 6509 6508 6507
f 6509 6507 6506
f 6503 6502 6509
f 6505 6504 6503
f 6509 6506 6505
f 6511 6516 6515
f 6515 6514 6513
f 6513 6512 6511
f 6512 6513 6517
f 6519 6521 6518
f 6517 6520 6519
f 6505 6506 6522
f 6524 6519 6520
f 6520 6527 6526
f 6525 6524 6520
f 6525 6529 6528
f 6532 6531 6530
f 6534 6530 6531
f 6531 6507 6508
f 6524 6528 6536
f 6536 6535 6521
f 6519 6524 6536
f 6530 6534 6538
f 6538 6537 6533
f 6435 6436 6541
f 6540 6539 6427
f 6435 6541 6540
f 6540 6427 6428
f 6541 6436 6433
f 6433 6434 6542
f 6539 6540 6502
f 6539 6502 6503
f 283 284 6539
f 6516 283 6539
f 6539 6503 6515
f 6502 6540 6541
f 6542 6543 6510
f 6502 6541 6542
f 6577 6546 6535
f 6577 6536 6537
f 6537 6538 6576
f 6573 6577 6537
f 6509 6578 6575
f 6575 6576 6538
f 6575 6538 6534
f 6508 6509 6575
f 6579 6578 6509
f 6509 6510 6543
f 6561 6579 6509
f 6546 6577 6456
f 6546 6456 6457
f 6445 6446 6546
f 6573 6455 6456
f 6579 6491 6481
f 6478 6488 6575
f 6579 6481 6478
f 6478 6575 6578
f 6579 6561 6490
f 1055 1056 1064
f 1064 1065 1059
f 1060 1055 1064
f 1074 1070 1046
f 1074 1046 1047
f 1042 1043 1072
f 1072 1074 1047
f 1074 1062 1063
f 1060 1078 1077
f 1079 1082 1081
f 1081 1080 1077
f 1078 1079 1081
f 1047 1195 1194
f 1194 1193 1042
f 666 667 1174
f 1174 1175 1194
f 1195 1196 660
f 1174 1194 1195
f 661 666 1174
f 1195 660 661
f 1194 1175 1176
f 1194 1176 1186
f 1192 1197 1193
f 1193 1194 1186
f 1187 1192 1193
f 699 1304 1303
f 1302 714 699
f 1303 1304 1164
f 1164 1165 1301
f 1320 702 715
f 707 713 1330
f 705 706 1328
f 1332 1336 1335
f 1335 1334 1333
f 1335 971 1338
f 1338 1337 1334
f 1340 1339 1337
f 1369 1370 1304
f 1304 699 700
f 1373 1369 1304
f 1367 1164 1304
f 718 719 1394
f 1394 1393 1373
f 1373 700 701
f 722 718 1394
f 1373 701 722
f 1394 1387 1388
f 1386 1382 1383
f 1394 1388 1386
f 1383 1393 1394
f 1393 1383 1412
f 1412 1369 1373
f 1360 725 726
f 1424 1425 1421
f 1421 1395 1360
f 712 1473 1452
f 1452 1453 711
f 709 710 1470
f 1481 1451 1452
f 1481 1452 1473
f 1471 1467 1481
f 971 959 1497
f 1340 1338 1497
f 1497 1498 1496
f 1490 1340 1497
f 943 944 1502
f 2086 2085 1081
f 2264 2263 2249
f 2281 2283 2282
f 2276 2285 2284
f 2085 2086 2286
f 2085 2286 2295
f 2290 2252 2085
f 2268 2303 2302
f 2268 2302 2301
f 2267 2268 2301
f 2300 2256 2253
f 2267 2301 2300
f 2276 2267 2300
f 2300 2253 2281
f 2300 2281 2279
f 2275 2276 2300
f 2304 2300 2301
f 2165 2259 2260
f 2165 2260 2304
f 2305 2306 2165
f 2367 2366 2365
f 2028 2032 2369
f 2189 2370 2369
f 2369 2357 2356
f 2356 2355 2189
f 2188 2414 2410
f 2410 2411 2428
f 2428 2187 2188
f 2188 2189 2355
f 2430 2429 2426
f 2423 2424 2187
f 2187 2428 2431
f 2407 2431 2428
f 2428 2411 2406
f 2422 2432 2183
f 2422 2183 2184
f 2401 2399 2422
f 2150 2148 2394
f 2394 2401 2422
f 2422 2184 2150
f 2347 2432 2422
f 2422 2344 2340
f 2341 2347 2422
f 2522 2521 2520
f 2049 2052 2526
f 2507 2347 2190
f 2049 2526 2507
f 2507 2190 2191
f 2526 2052 2050
f 2526 2050 2524
f 2525 2528 2527
f 2527 2526 2524
f 2508 2509 2026
f 2027 2028 2370
f 2508 2026 2027
f 2370 2189 2508
f 2026 2509 2510
f 2510 2515 2529
f 2529 2020 2026
f 2529 2515 2536
f 2536 2534 2537
f 2013 2020 2529
f 2529 2537 2012
f 2642 2643 2611
f 2612 2259 2165
f 2642 2611 2612
f 2165 2166 2642
f 2611 2643 2644
f 2648 2605 2611
f 2615 2638 2649
f 2649 2170 2171
f 2649 2638 2610
f 2610 2608 2651
f 2651 2650 2649
f 2644 2588 2586
f 2586 2654 2648
f 2605 2648 2654
f 2654 2566 2567
f 2567 2571 2605
f 2653 2652 2655
f 2640 2667 2666
f 2665 2639 2640
f 2668 2670 2669
f 2666 2667 2668
f 2671 2668 2667
f 2667 2640 2641
f 2604 2528 2518
f 2667 2641 2604
f 2531 2671 2667
f 2604 2518 2519
f 2519 2531 2667
f 2608 2639 2665
f 2573 2597 2598
f 2598 2605 2571
f 2598 2571 2576
f 2572 2573 2598
f 2601 2597 2573
f 2573 2536 2515
f 2608 2672 2664
f 2661 2651 2608
f 2660 2657 2669
f 2669 2670 2681
f 2650 2651 2661
f 2684 2687 2686
f 2650 2661 2684
f 2690 2593 2687
f 2683 2696 2594
f 2683 2660 2681
f 2681 2697 2696
f 2721 2711 2712
f 2738 2771 2770
f 2770 2747 2726
f 2772 2768 2769
f 2775 2774 2770
f 2772 2773 2753
f 2753 2754 2776
f 2424 2735 2739
f 2757 2187 2424
f 2762 2772 2776
f 2776 2396 2174
f 2175 2148 2762
f 2776 2174 2175
f 2778 2777 2774
f 2777 2778 2783
f 2783 2782 2780
f 2548 2545 2786
f 2548 2786 2785
f 2743 2744 2548
f 2548 2785 2784
f 1964 1967 2786
f 2786 1967 1968
f 1981 1982 2790
f 2786 1968 1981
f 2787 2785 2786
f 2790 2789 2788
f 2788 2787 2786
f 2786 1981 2790
f 2729 2742 2792
f 2792 2791 2728
f 2743 2784 2794
f 2793 2736 2737
f 2743 2794 2793
f 2792 2793 2794
f 2796 2795 2791
f 2792 2794 2796
f 2794 2787 2788
f 2789 2790 2798
f 2797 2727 2728
f 2789 2798 2797
f 2795 2789 2797
f 2797 2728 2791
f 1982 1986 2798
f 2799 2800 2713
f 2713 2710 2725
f 2793 2792 2739
f 2806 2808 2782
f 2782 2783 2807
f 2808 2806 1970
f 2809 1969 1970
f 2806 2807 2812
f 2809 1970 2806
f 2810 2809 2806
f 2806 2812 2811
f 2813 1985 1969
f 1969 2809 2815
f 2814 2813 1969
f 1984 1985 2813
f 2816 2820 2819
f 1984 2813 2816
f 2819 2818 1984
f 2812 2807 2783
f 2812 2783 2778
f 2817 2812 2778
f 2817 2778 2775
f 2738 2822 2821
f 2821 2817 2775
f 2771 2738 2821
f 2820 2821 2822
f 2780 2782 2829
f 2829 2125 2126
f 2830 2548 2744
f 2832 2829 2782
f 1971 1972 2832
f 2832 2113 2112
f 2111 2125 2829
f 2832 2112 2111
f 2303 2268 2850
f 1981 1968 1845
f 2852 1844 1969
f 2915 2922 2921
f 2921 2920 2919
f 2919 2868 2918
f 2919 2918 2917
f 2915 2921 2919
f 2919 2917 2916
f 2923 2927 2926
f 2926 2922 2915
f 2926 2915 2925
f 2924 2923 2926
f 2956 2949 2960
f 2956 2960 2959
f 2958 2957 2956
f 2938 2961 2960
f 2961 2938 2973
f 2973 2970 2977
f 2976 2961 2973
f 2977 2970 2981
f 2981 2867 2984
f 2984 2983 2977
f 3007 3025 3028
f 3028 2853 1845
f 3006 3007 3028
f 1844 2852 3029
f 3029 3030 3031
f 3031 3004 3005
f 3005 1844 3029
f 3031 3030 3026
f 3003 3004 3031
f 3033 2919 2920
f 2920 1579 3034
f 3003 3032 3033
f 3033 3034 3009
f 3026 2868 2919
f 2919 3033 3032
f 3035 3036 1578
f 1578 2983 2984
f 2867 3025 3035
f 3036 3035 3025
f 3025 3007 3008
f 3070 3066 3067
f 3067 2849 2850
f 3083 3057 3089
f 3089 3050 3088
f 3088 3064 3065
f 3080 3083 3089
f 3088 3065 3080
f 3080 3079 3076
f 1658 1659 3130
f 3129 3128 1687
f 1658 3130 3129
f 3129 1687 1665
f 3129 3130 3131
f 3128 3129 3132
f 3136 3135 3134
f 3128 3132 3136
f 3134 3133 3128
f 3137 3133 3134
f 3140 3139 3138
f 3137 3134 3140
f 3135 3141 3140
f 3098 3144 3143
f 3098 3143 3142
f 1659 1660 3097
f 3097 3098 3142
f 3097 3142 3131
f 3130 1659 3097
f 3098 3099 3145
f 3146 3139 3140
f 3141 3143 3144
f 3146 3140 3141
f 3144 3145 3146
f 3283 3287 3286
f 3286 3285 3284
f 3285 3292 3291
f 3291 3290 3289
f 3289 3288 3284
f 3284 3285 3291
f 3283 3284 3288
f 3288 3289 3295
f 3295 3294 3293
f 3295 3289 3290
f 3290 3298 3297
f 3297 3296 3295
f 3273 3299 3292
f 3285 3286 3278
f 3273 3292 3285
f 3272 3273 3285
f 3285 3278 3274
f 3300 3299 3273
f 3300 3273 3270
f 3263 3301 3300
f 3262 3263 3300
f 3300 3270 3271
f 3264 3262 3300
f 3291 3304 3303
f 3302 3298 3290
f 3291 3303 3302
f 3300 3304 3291
f 3291 3292 3299
f 3305 3303 3304
f 3304 1662 1663
f 1663 1664 3306
f 3306 3305 3304
f 1662 3304 3300
f 3301 1661 1662
f 3412 3397 3400
f 3412 3400 3405
f 3415 3414 3412
f 3410 3407 3416
f 3416 3415 3412
f 3412 3405 3410
f 3428 3432 3431
f 3430 3429 3427
f 3428 3431 3430
f 3428 3399 3400
f 3383 3384 3433
f 3433 3431 3432
f 3432 3400 3397
f 3397 3391 3383
f 3383 3433 3432
f 3384 3385 3435
f 3434 3433 3384
f 3433 3434 3436
f 3436 3430 3431
f 3436 3434 3435
f 3438 3439 3437
f 3435 3385 3386
f 3438 3437 3435
f 3504 3475 3473
f 3506 3354 3357
f 3504 3505 3507
f 3506 3357 3504
f 3498 3499 3506
f 3474 3497 3498
f 3474 3498 3507
f 3505 3473 3474
f 3512 3514 972
f 972 973 3511
f 3511 3513 3512
f 3515 3518 3342
f 3374 3362 3517
f 3515 3342 3374
f 3374 3517 3516
f 3519 3512 3513
f 3520 3518 3515
f 3519 3513 3520
f 3521 3523 968
f 968 972 3514
f 3522 3521 968
f 3521 3516 3517
f 3524 3534 3535
f 3535 3536 967
f 3533 3534 3524
f 3524 3356 3357
f 3354 3341 3533
f 3524 3357 3354
f 1495 1496 3550
f 3550 3366 3367
f 3552 3556 3555
f 3552 3555 3554
f 3371 3370 3552
f 3552 3554 3553
f 3556 3552 3557
f 3557 1484 1485
f 3558 3378 3379
f 3562 3561 3560
f 3371 3553 3563
f 3563 3560 3559
f 3559 3379 3371
f 3564 3565 3380
f 3380 3378 3558
f 3566 3567 3565
f 3566 3565 3564
f 3554 3555 3566
f 3562 3554 3566
f 3566 3564 3561
f 1486 1502 3571
f 1486 3571 3570
f 3556 1485 1486
f 3568 3566 3555
f 3555 3556 1486
f 1486 3570 3569
f 3569 3568 3555
f 3572 3575 951
f 951 952 3574
f 3574 3573 3572
f 3572 3573 3569
f 3575 3571 1502
f 1502 944 945
f 945 951 3575
f 3574 952 953
f 941 942 3577
f 3567 3566 3568
f 941 3577 3567
f 3576 953 954
f 954 941 3567
f 3567 3568 3576
f 3565 3567 3577
f 3311 3307 3380
f 3565 3577 3311
f 913 3752 3577
f 3719 3311 3577
f 3752 913 914
f 914 1653 3722
f 3722 3719 3752
f 3793 3806 3803
f 3793 3803 3798
f 3792 3793 3798
f 3792 3798 3797
f 3264 3271 3791
f 3791 3792 3797
f 3796 3264 3791
f 4081 4072 4073
f 4081 4073 4066
f 4080 4081 4066
f 4080 4066 4067
f 4090 4080 4067
f 4090 4067 4089
f 4093 4092 4091
f 4091 4090 4089
f 4085 4093 4091
f 4046 2926 2927
f 2927 4092 4093
f 2958 4157 4118
f 4119 2957 2958
f 4161 4149 4157
f 4157 2958 2959
f 4160 4161 4157
f 4045 4160 2959
f 4157 4149 4172
f 4172 4099 4109
f 4116 4118 4157
f 4172 4109 4116
f 4237 3924 3948
f 4237 3948 4260
f 4236 4237 4260
f 4236 4260 4257
f 4074 4071 4233
f 4233 4236 4257
f 4252 4074 4233
f 4249 4235 4109
f 4258 3947 3925
f 4258 3925 4239
f 4254 4258 4239
f 4254 4239 4230
f 4235 4249 4250
f 4250 4254 4230
f 4231 4235 4250
f 3826 2921 2922
f 2922 2926 4046
f 4282 3826 2922
f 4045 2960 2961
f 2961 2976 3825
f 4285 4045 2961
f 4320 4333 3925
f 4338 4319 3948
f 4385 4394 4319
f 4390 4379 4333
f 4402 3848 3849
f 4401 4407 4406
f 4402 3849 4401
f 4404 4403 4402
f 4406 4405 4404
f 4402 4401 4406
f 4402 4409 4408
f 4408 3847 3848
f 4409 4402 4403
f 4411 1541 1542
f 4409 4403 4411
f 1542 4410 4409
f 4412 4404 4405
f 4405 4400 4396
f 4413 4412 4396
f 4395 4394 4414
f 4413 4396 4395
f 4415 4413 4414
f 4417 4416 4415
f 4383 4416 4417
f 4417 4385 4382
f 4418 4411 4403
f 4403 4404 4412
f 4403 4412 4413
f 4415 4418 4403
f 4411 4418 1540
f 4416 4383 4418
f 4435 4434 4433
f 4433 4437 4384
f 4435 4438 1535
f 1535 1536 4434
f 4379 4390 4440
f 4439 4438 4435
f 4379 4440 4439
f 4376 4379 4439
f 4439 4435 4436
f 4436 4384 4375
f 4375 4376 4439
f 4438 4439 4443
f 4442 4441 1518
f 4438 4443 4442
f 1522 1535 4438
f 4442 1518 1519
f 1519 1522 4438
f 4444 4442 4443
f 4443 4445 3862
f 4446 4447 4445
f 4443 4439 4440
f 4446 4445 4443
f 4430 4448 4449
f 4448 4430 4394
f 4440 4390 4391
f 4391 4397 4398
f 4398 4463 4464
f 4464 4440 4391
f 4440 4464 4465
f 4462 4456 4465
f 4465 4464 4463
f 4475 4480 4465
f 4473 4447 4446
f 4446 4465 4480
f 4479 4477 4473
f 4446 4480 4479
f 4532 4488 4489
f 4489 4494 4495
f 4489 4495 4534
f 4533 4532 4489
f 4487 4488 4532
f 4532 1526 1527
f 4535 1524 1525
f 1525 4538 4537
f 4537 4536 4535
f 4532 4533 4541
f 4541 4540 4539
f 4538 1525 1526
f 4541 4539 4538
f 1526 4532 4541
f 4542 1534 1524
f 1524 4535 4543
f 4543 4535 4536
f 4545 4544 4543
f 4498 4550 4549
f 4498 4549 4548
f 4546 4503 4498
f 4498 4548 4547
f 4544 4550 4498
f 4498 4499 4542
f 4542 4543 4544
f 4533 4534 4552
f 4551 4541 4533
f 4538 4539 4553
f 4536 4537 4553
f 4553 4554 4545
f 4554 4549 4550
f 4550 4544 4545
f 4534 4495 4496
f 4496 4546 4547
f 4496 4547 4559
f 4552 4534 4496
f 4486 4563 4572
f 4486 4572 4571
f 4568 4485 4486
f 4569 4568 4486
f 4486 4571 4570
f 4573 4566 4568
f 4574 4576 4572
f 4572 4563 1528
f 1528 1529 4575
f 4575 4574 4572
f 4575 4580 4579
f 4575 4579 4578
f 4577 4574 4575
f 1529 1530 4581
f 4581 4580 4575
f 4584 4588 4587
f 4586 4585 4584
f 4585 4589 4565
f 4590 4593 4586
f 4586 4587 4592
f 4591 4590 4586
f 4596 4600 4589
f 4585 4586 4593
f 4596 4589 4585
f 4595 4596 4585
f 4585 4593 4597
f 4599 4598 4560
f 4560 4490 4484
f 4484 4600 4596
f 4594 4599 4560
f 4484 4596 4594
f 4580 4581 4564
f 4564 4565 4589
f 4600 4484 4485
f 4564 4589 4600
f 4579 4580 4564
f 4567 4579 4564
f 4564 4600 4485
f 4564 4485 4568
f 4566 4567 4564
f 4587 4588 4492
f 4492 4493 4560
f 4492 4560 4598
f 4592 4587 4492
f 4583 4592 4492
f 4492 4598 4582
f 4603 4491 4492
f 1531 4604 4581
f 4581 4604 4605
f 4588 4584 4606
f 4608 4605 4604
f 4608 4604 4612
f 4610 4609 4608
f 4608 4612 4611
f 4500 4501 4616
f 4500 4616 4615
f 4613 4561 4500
f 4500 4615 4614
f 4608 4609 4615
f 4613 4617 4619
f 4619 1532 1533
f 1533 4561 4613
f 4604 1531 1532
f 1532 4619 4620
f 4621 4612 4604
f 1532 4620 4621
f 4612 4621 4618
f 4631 4624 4637
f 4637 4636 4629
f 4630 4631 4637
f 4636 4637 4633
f 4633 4634 4638
f 4628 4629 4636
f 4641 4640 4639
f 4634 4635 4640
f 4640 4641 4603
f 4603 4606 4628
f 4638 4634 4640
f 4603 4628 4638
f 4491 4603 4641
f 4491 4641 4626
f 4562 4497 4491
f 4627 4632 4562
f 4491 4626 4627
f 4616 4501 4502
f 4502 4562 4632
f 4502 4632 4623
f 4622 4616 4502
f 4631 4622 4502
f 4502 4623 4624
f 4655 4651 4652
f 4655 4652 4657
f 4647 3818 4655
f 4655 4657 4656
f 3841 287 4690
f 4690 4689 4669
f 4658 4659 4691
f 4690 4699 4698
f 4690 4698 4697
f 4689 4690 4697
f 4689 4697 4696
f 4691 4689 4696
f 4695 4694 4693
f 4691 4696 4695
f 4695 4693 4692
f 4690 287 288
f 4700 290 165
f 165 166 1505
f 4702 4701 4697
f 4696 4697 4701
f 4701 4705 4704
f 4703 4696 4701
f 4703 4706 4695
f 4709 4708 4707
f 1505 1506 4713
f 4713 4712 4709
f 4710 4711 4700
f 4713 4709 4710
f 4700 1505 4713
f 4714 4694 4695
f 4714 4695 4706
f 4713 4715 4714
f 4712 4713 4714
f 4714 4706 4717
f 4716 4712 4714
f 4447 3852 4722
f 4722 4721 4720
f 4720 4719 4718
f 4718 3862 4445
f 4445 4447 4722
f 4722 4720 4718
f 4714 4720 4721
f 4721 4723 4693
f 4694 4714 4721
f 4719 4720 4714
f 4715 4724 4719
f 4830 4829 2983
f 3825 2976 2977
f 2977 2983 4829
f 2977 4829 4832
f 4831 3825 2977
f 4866 4867 4865
f 4865 4651 4655
f 4866 4655 3818
f 3818 4862 4868
f 3803 3806 4992
f 4992 4989 4996
f 4997 3803 4992
f 5140 5141 5149
f 5149 5147 5145
f 5145 5148 5142
f 5142 5140 5149
f 5107 5108 5150
f 5151 5146 5147
f 5147 5149 5109
f 5109 5107 5151
f 5157 5156 4868
f 4867 4868 5156
f 5156 5158 5143
f 5143 5144 5152
f 5152 5159 4867
f 4867 5156 5143
f 4865 4867 5159
f 5159 5154 5153
f 5092 5093 5219
f 5219 5172 5173
f 5091 5092 5219
f 5219 5093 4823
f 4823 4824 5220
f 5582 5586 5585
f 5584 5583 5582
f 5582 5590 5589
f 5589 5588 5587
f 5586 5582 5589
f 5615 5619 5618
f 5618 5617 5616
f 5619 5622 5621
f 5621 5620 5618
f 5623 5627 5626
f 5623 5626 5625
f 5615 5616 5623
f 5623 5625 5624
f 5624 5625 5629
f 5629 5628 5621
f 5622 5624 5629
f 5631 5630 5628
f 5632 5635 5634
f 5634 5633 5626
f 5626 5627 5632
f 5637 5636 5630
f 5638 5642 5641
f 5638 5641 5640
f 5634 5635 5639
f 5639 5638 5640
f 5639 5640 5636
f 5637 5634 5639
f 5657 5661 5660
f 5659 5658 5656
f 5657 5660 5659
f 5630 5636 5640
f 5663 5662 5620
f 5630 5640 5663
f 5628 5630 5663
f 5663 5620 5621
f 5664 5668 5667
f 5666 5662 5663
f 5664 5667 5666
f 5666 5663 5665
f 5661 5594 5592
f 5661 5592 5674
f 5660 5661 5674
f 5660 5674 5673
f 5669 5660 5673
f 5669 5673 5672
f 5670 5669 5672
f 5671 5664 5665
f 5670 5672 5671
f 5642 5670 5671
f 5671 5665 5641
f 5657 5593 5594
f 4826 5674 5592
f 5703 5725 5091
f 5694 5087 5084
f 5085 5086 5695
f 5759 5761 5760
f 5760 5684 5682
f 5690 5770 5725
f 5694 5723 5781
f 5780 5691 5692
f 5694 5781 5780
f 5782 5759 5682
f 5683 5691 5780
f 5782 5682 5683
f 5683 5780 5783
f 5782 5783 5784
f 5705 5684 5760
f 5760 5787 5686
f 5760 5686 5687
f 5704 5705 5760
f 5770 5690 5686
f 5695 5693 5788
f 5788 5789 5748
f 5729 5730 5788
f 5797 5795 5767
f 5797 5767 5762
f 5682 5685 5801
f 5801 5797 5762
f 5801 5762 5761
f 5759 5682 5801
f 5814 5815 5820
f 5820 5819 5818
f 5748 5789 5829
f 5829 5749 5747
f 5592 5594 5965
f 5965 5957 5959
f 5964 5592 5965
f 5852 5848 5957
f 5964 5959 5963
f 6045 6044 6041
f 6005 6046 6041
f 6048 6047 6051
f 6051 6050 6049
f 6008 6051 6047
f 6003 6058 6057
f 6053 6056 6057
f 6058 6059 6055
f 6053 6057 6058
f 6035 6010 6011
f 6042 6043 6040
f 6040 6034 6035
f 2920 2921 3826
f 2920 3826 6113
f 6114 6112 2920
f 6112 6117 1579
f 5749 5829 6119
f 6119 6122 6121
f 6118 6120 5667
f 5820 5815 6123
f 6123 272 269
f 971 1335 6152
f 1335 1336 653
f 654 6152 1335
f 967 3536 6155
f 6155 6154 6147
f 6150 6155 3536
f 978 977 6150
f 155 156 6152
f 138 139 6148
f 6148 6152 156
f 157 138 6148
f 6155 146 147
f 145 146 6155
f 6155 6150 132
f 148 6147 6154
f 6467 6466 6465
f 6120 6118 6472
f 6472 6471 6470
f 6469 6120 6472
f 6470 6471 6474
f 6470 6474 6465
f 6466 6473 6470
f 6493 6492 6122
f 6494 6495 6441
f 6494 6441 6442
f 6492 6493 6494
f 6425 6426 6492
f 6494 6442 6425
f 6441 6495 6497
f 6496 6429 6430
f 6441 6497 6496
f 6496 6497 6482
f 6458 6459 6499
f 6498 270 271
f 6458 6499 6498
f 6450 6458 6498
f 6498 271 6449
f 6499 6459 6460
f 6501 6500 6499
f 6501 6486 6485
f 6607 6606 6605
f 6585 6586 6609
f 6607 6604 33
f 6607 33 34
f 6606 6607 34
f 44 45 6585
f 6606 34 44
f 44 6585 6610
f 6468 6594 6603
f 6468 6603 6608
f 6586 6587 6467
f 6467 6468 6608
f 6467 6608 6605
f 6609 6586 6467
f 6603 6594 6581
f 6581 32 33
f 33 6604 6603
f 6656 6662 44
f 6656 6645 6646
f 6656 6646 6676
f 6649 6650 6662
f 6662 6656 6676
f 6673 6649 6662
f 6636 6640 6677
f 6678 6677 6673
f 6636 6637 6679
f 6636 6679 6680
f 6694 6639 6640
f 6640 6636 6680
f 6640 6680 6686
f 6693 6694 6640
f 6699 6693 6640
f 6640 6686 6687
f 6697 6699 6640
f 6713 6704 6705
f 6715 6717 6713
f 6714 6693 6699
f 6715 6713 6714
f 6714 6699 6716
f 6719 6718 6715
f 6720 6723 6722
f 6722 6703 6704
f 6722 6704 6713
f 6721 6720 6722
f 6722 6713 6717
f 6724 6686 6680
f 6726 6730 6724
f 6724 6725 6729
f 6729 6728 6727
f 6727 6726 6724
f 6729 6708 6709
f 6709 6710 6722
f 6723 6727 6728
f 6709 6722 6723
f 1307 1306 1305
f 1322 1327 1326
f 490 480 2819
f 2822 2738 491
f 490 2819 2822
f 3479 3466 3471
f 3479 3471 3484
f 3482 3481 3480
f 3480 3479 3484
f 3483 3482 3480
f 3484 3486 3485
f 3457 3453 3479
f 3488 3454 3459
f 3491 3492 3493
f 3489 3496 3495
f 3489 3495 3494
f 3472 3467 3488
f 3488 3489 3494
f 3493 3472 3488
f 3483 3485 3491
f 3459 3457 3480
f 3495 3482 3483
f 3480 3481 3496
f 3484 3471 3472
f 3479 3453 3454
f 3467 3466 3479
f 3492 3486 3484
f 4073 4072 4071
f 4071 4072 4235
f 4235 4231 4234
f 4234 4233 4071
f 4230 4239 4238
f 4238 4237 4236
f 4249 4073 4074
f 4074 4252 4251
f 4251 4250 4249
f 4257 4260 4259
f 4259 4258 4254
f 4319 4320 3947
f 4338 3924 3925
f 3925 4333 4334
f 4430 4429 4414
f 4448 4385 4417
f 4429 4449 4417
f 4969 4886 4968
f 4886 4887 4976
f 4886 4976 4975
f 4973 4968 4886
f 4886 4975 4974
f 4837 4981 4895
f 5466 5459 5460
f 5464 5465 5468
f 4837 4896 6096
f 6096 6095 6094
f 6130 6098 6095
f 6215 6357 480
f 490 491 6215
f 1341 981 982
f 1343 1342 1341
f 1344 1348 1347
f 1346 1345 1344
f 1348 1341 1342
f 1342 1351 1350
f 1350 1349 1347
f 1347 1348 1342
f 1347 1349 1352
f 1353 1355 1354
f 1354 1350 1351
f 1444 980 1437
f 1437 1446 1445
f 1441 1442 1448
f 1448 1447 1440
f 1447 1448 1449
f 1449 1445 1446
f 1448 1442 1439
f 1439 1443 1449
f 1492 979 980
f 1444 1488 1493
f 1489 1494 1492
f 1493 1488 1489
f 1500 1501 1483
f 1501 1500 958
f 958 947 1487
f 1487 1482 1501
f 3333 3334 1492
f 3592 3591 3590
f 3551 1499 1483
f 3591 3592 3551
f 3592 3589 3369
f 3369 3368 3551
f 3705 3709 3708
f 3708 3707 3706
f 3710 3712 3708
f 3709 3711 3710
f 3711 3715 3714
f 3714 3713 3710
f 3716 3713 3714
f 3714 3718 3717
f 3740 3308 3309
f 3734 3742 3740
f 3309 3310 3720
f 3720 3730 3733
f 3720 3733 3734
f 3741 3309 3720
f 1379 1380 1124
f 1124 1114 1378
f 1365 1378 1114
f 1115 1117 1365
f 1879 1882 1014
f 1014 1015 1786
f 1014 1882 1884
f 1884 1883 1020
f 1017 1014 1884
f 1020 1883 1885
f 1885 637 639
f 1019 1020 1885
f 1725 1875 1901
f 1900 1724 1725
f 1901 1875 1876
f 1876 1877 1903
f 1902 1901 1876
f 1903 1877 1878
f 1878 534 521
f 1904 1903 1878
f 1905 1906 1616
f 1616 68 69
f 1616 1906 1908
f 1908 1907 1620
f 1615 1616 1908
f 1620 1907 1909
f 1909 611 612
f 1619 1620 1909
f 1910 1911 1607
f 1607 79 80
f 1607 1911 1913
f 1913 1912 1614
f 1610 1607 1913
f 1614 1912 1914
f 1914 623 622
f 1613 1614 1914
f 95 1603 1916
f 1915 94 95
f 1916 1603 1604
f 1604 1605 1918
f 1917 1916 1604
f 1918 1605 1606
f 1606 628 625
f 1919 1918 1606
f 1916 1917 1913
f 1911 1910 1915
f 1916 1913 1911
f 1913 1917 1918
f 1918 1919 1914
f 1912 1913 1918
f 625 623 1914
f 78 1608 1921
f 1920 77 78
f 1921 1608 1609
f 1609 1611 1923
f 1922 1921 1609
f 1923 1611 1612
f 1612 610 608
f 1924 1923 1612
f 1921 1922 1908
f 1906 1905 1920
f 1921 1908 1906
f 1908 1922 1923
f 1923 1924 1909
f 1907 1908 1923
f 608 611 1909
f 1925 1926 1623
f 1623 62 63
f 1623 1926 1928
f 1928 1927 1628
f 1625 1623 1928
f 1628 1927 1929
f 1929 529 532
f 1627 1628 1929
f 73 1617 1931
f 1930 72 73
f 1931 1617 1618
f 1618 1621 1933
f 1932 1931 1618
f 1933 1621 1622
f 1622 539 522
f 1934 1933 1622
f 1931 1932 1928
f 1926 1925 1930
f 1931 1928 1926
f 1928 1932 1933
f 1933 1934 1929
f 1927 1928 1933
f 1929 1934 522
f 526 529 1929
f 1901 1902 1954
f 1954 1953 1900
f 1954 1902 1903
f 1903 1904 1955
f 521 519 1955
f 1956 1957 1884
f 1882 1879 1956
f 1884 1957 1958
f 1958 1885 1883
f 636 637 1885
f 1973 1977 1976
f 1975 1974 1973
f 1976 1977 1980
f 1980 1979 1978
f 1979 1980 1983
f 1983 1982 1981
f 1985 1984 478
f 1987 1986 1982
f 1988 1990 1977
f 1977 1973 1989
f 1977 1990 1992
f 1992 1991 1980
f 1980 1991 1993
f 1987 1983 1980
f 1994 1999 1998
f 1997 1996 1995
f 1994 1998 1997
f 1998 1999 2003
f 2003 2002 2001
f 2000 1998 2003
f 496 482 2001
f 1953 1954 2007
f 2006 2005 2004
f 1953 2007 2006
f 2007 1954 1955
f 1955 2009 2008
f 519 510 2009
f 1957 1956 2035
f 2037 1958 1957
f 635 636 1958
f 2053 2055 2036
f 2036 2035 2054
f 2036 2055 2057
f 2057 2056 2037
f 634 635 2037
f 2058 2063 2062
f 2061 2060 2059
f 2058 2062 2061
f 2062 2063 2067
f 2067 2066 2065
f 2064 2062 2067
f 632 633 2065
f 2068 2070 571
f 572 629 2069
f 2068 571 572
f 2071 2072 567
f 568 570 2071
f 629 630 992
f 2060 2061 1004
f 1004 1005 1780
f 1004 2061 2062
f 2062 2064 1013
f 1009 1004 2062
f 1013 2064 2065
f 2065 633 641
f 1012 1013 2065
f 1006 1007 2053
f 2054 1782 1006
f 2053 1007 1008
f 1008 1010 2057
f 2055 2053 1008
f 2057 1010 1011
f 1011 642 634
f 2056 2057 1011
f 997 998 2058
f 2059 1775 997
f 2058 998 999
f 2058 999 994
f 991 2067 2063
f 2063 2058 994
f 990 991 2063
f 2067 991 631
f 631 632 2066
f 570 575 985
f 576 571 2070
f 574 567 2072
f 424 425 2111
f 2114 2119 2118
f 2117 2116 2115
f 2114 2118 2117
f 2118 2119 2123
f 2123 2122 2121
f 2120 2118 2123
f 2108 2124 2121
f 2130 2135 2134
f 2133 2132 2131
f 2130 2134 2133
f 2134 2135 2139
f 2139 2138 2137
f 2136 2134 2139
f 585 548 2137
f 554 561 2140
f 1805 1806 2130
f 2131 1834 1805
f 2130 1806 1807
f 1807 1811 2139
f 2135 2130 1807
f 2139 1811 1812
f 1812 586 585
f 2138 2139 1812
f 555 554 2141
f 561 569 1792
f 2132 2133 1801
f 1801 1802 1840
f 1801 2133 2134
f 2134 2136 1804
f 1800 1801 2134
f 1804 2136 2137
f 2137 548 549
f 1803 1804 2137
f 2116 2117 1809
f 1809 1810 1835
f 1809 2117 2118
f 2118 2120 1814
f 1808 1809 2118
f 1814 2120 2121
f 1814 2121 2124
f 425 426 1813
f 1813 1814 2124
f 1813 2124 2128
f 2111 425 1813
f 1815 1816 2114
f 2115 1831 1815
f 2114 1816 1817
f 1817 1819 2123
f 2119 2114 1817
f 2123 1819 1820
f 1820 421 424
f 1820 424 2112
f 2122 2123 1820
f 2108 2122 1820
f 1820 2112 2107
f 1866 487 478
f 1984 2805 1866
f 1708 1858 1988
f 1989 1707 1708
f 1988 1858 1859
f 1859 1861 1992
f 1990 1988 1859
f 1992 1861 1862
f 1862 1865 1993
f 1991 1992 1862
f 1718 1868 1994
f 1995 1717 1718
f 1994 1868 1869
f 1869 1871 2003
f 1999 1994 1869
f 2003 1871 1872
f 1872 500 496
f 2002 2003 1872
f 2005 2006 1867
f 1867 1719 1714
f 1867 2006 2007
f 2007 2008 1874
f 1870 1867 2007
f 1874 2008 2009
f 2009 510 511
f 1873 1874 2009
f 1996 1997 1857
f 1857 1709 1710
f 1857 1997 1998
f 1998 2000 1864
f 1860 1857 1998
f 1864 2000 2001
f 2001 482 488
f 1863 1864 2001
f 450 445 2852
f 1974 1975 1856
f 1856 1699 1700
f 1856 1975 1976
f 1976 1978 1850
f 1976 1850 1851
f 1855 1856 1976
f 1854 1855 1976
f 1976 1851 1853
f 1850 1978 1979
f 1979 1981 2853
f 2870 2876 2875
f 2874 2873 2872
f 2870 2875 2874
f 2872 2871 2870
f 1632 1633 2879
f 2879 2878 2877
f 2877 1641 1636
f 1637 1632 2879
f 2877 1636 1637
f 2873 2874 2880
f 2882 2887 2886
f 2885 2884 2883
f 2882 2886 2885
f 2883 2881 2880
f 2880 2882 2885
f 2888 2864 2890
f 2890 2884 2885
f 2889 2888 2890
f 2891 2888 2889
f 2894 2893 2892
f 2891 2889 2894
f 2985 2990 2989
f 2985 2989 2988
f 2859 2860 2986
f 2986 2985 2988
f 2987 2890 2864
f 2986 2988 2987
f 2864 2859 2986
f 2991 2990 2985
f 3053 3056 3055
f 3055 3051 3054
f 1688 3093 3091
f 3092 3090 3094
f 3054 3174 3172
f 3172 3063 3061
f 3172 3061 3059
f 3053 3054 3172
f 3175 3174 3054
f 3051 3052 3148
f 3175 3054 3051
f 3176 3175 3148
f 3150 3147 3177
f 3179 3089 3057
f 3179 3057 3058
f 3062 3173 3179
f 3179 3058 3060
f 3050 3089 3179
f 3177 3147 3049
f 3050 3179 3177
f 3150 3178 3186
f 3186 3154 3155
f 3186 3155 3158
f 3159 3150 3186
f 3187 3153 3154
f 3176 3149 3160
f 3176 3160 3157
f 3151 3200 3176
f 3176 3157 3156
f 3152 3199 3200
f 3419 3420 3092
f 4057 4125 4110
f 4126 4001 4002
f 4127 4129 4128
f 4125 4057 4058
f 4127 4128 4125
f 4130 4127 4058
f 4058 4059 4131
f 4132 4130 4131
f 4134 4137 4136
f 4135 4000 4001
f 4134 4136 4135
f 4135 4001 4126
f 4138 3999 4000
f 2879 1633 3998
f 3998 3999 4138
f 4140 4139 2879
f 3998 4138 4140
f 4113 4002 3996
f 3996 4191 4115
f 4182 4191 3996
f 3996 3997 4177
f 4178 4182 3996
f 4192 4055 4056
f 4110 4111 4192
f 4049 4055 4192
f 4192 4189 4187
f 4177 3997 3995
f 4205 4197 4193
f 3963 3964 3918
f 4205 4206 3963
f 3965 3963 4206
f 4206 4193 4194
f 4206 4194 4201
f 3995 3965 4206
f 4206 4201 4202
f 4220 4216 4217
f 4217 4009 4012
f 4012 4052 4222
f 4222 4220 4217
f 4222 4223 4219
f 4223 4222 4052
f 4048 4049 4187
f 4223 4052 4048
f 3939 4008 4009
f 4269 4271 4270
f 3835 1601 1602
f 4269 4270 3835
f 4269 4060 4272
f 4312 3923 3920
f 3918 3964 3908
f 4312 3920 3918
f 4313 4312 3918
f 3918 3908 3909
f 3897 4008 3939
f 3939 3940 4314
f 3899 3897 3939
f 4863 4854 3835
f 4915 4913 4914
f 4854 4863 4916
f 4914 1597 1598
f 4854 4916 4914
f 4928 4927 2991
f 4929 4928 1584
f 1585 1589 4913
f 4929 1584 1585
f 4913 4915 4930
f 4930 4929 1585
f 6173 6235 632
f 6171 6229 634
f 6225 6170 639
f 635 634 6229
f 6229 6225 637
f 636 635 6229
f 6241 6196 622
f 6240 6241 623
f 6194 6240 625
f 6235 6232 633
f 6232 6172 641
f 6237 6174 630
f 6175 6258 571
f 572 571 6258
f 6239 6237 629
f 572 6258 6239
f 6259 6176 575
f 6177 6260 567
f 568 567 6260
f 6261 6259 570
f 568 6260 6261
f 6182 6270 554
f 6270 6266 561
f 6266 6181 569
f 6277 6276 611
f 6197 6277 608
f 6276 6199 612
f 6292 6185 549
f 6186 6294 585
f 6294 6292 548
f 6304 6303 488
f 6332 6202 532
f 6200 6334 522
f 526 522 6334
f 6334 6332 529
f 6320 6305 511
f 6307 6321 521
f 519 521 6321
f 6321 6320 510
f 6310 6304 482
f 6306 6310 496
f 6335 6337 450
f 450 478 6336
f 6189 6338 424
f 6345 6188 426
f 6338 6345 425
f 6367 6336 478
f 6337 6368 445
f 1536 110 106
f 107 112 1558
f 1537 1558 112
f 113 110 1536
f 4431 4434 1536
f 4433 4434 4431
f 4432 1559 1558
f 4437 4433 4432
f 4472 3873 3874
f 4472 3874 4476
f 4478 4479 4472
f 4479 4480 4471
f 4295 4471 4480
f 4475 4291 4294
f 4295 4480 4475
f 4762 1508 4738
f 4738 4724 4715
f 4663 4763 4693
f 4693 4723 4736
f 4713 1506 1507
f 4715 4713 4782
f 4669 4689 4801
f 4666 4807 4803
f 4806 4664 4665
f 4802 4803 4807
f 4802 4807 4804
f 4805 4806 4802
f 4658 4692 4805
f 4806 4805 4692
f 4692 4693 4763
f 4691 4659 4660
f 4807 4801 4689
f 4689 4691 4804
f 1559 1557 106
f 4432 4431 1557
f 4471 4295 3873
f 4474 4476 3874
f 3874 4291 4475
f 1508 4762 4782
f 4802 4665 4668
f 4804 4660 4661
f 4763 4663 4664
f 4807 4666 4667
f 1638 1639 1642
f 1642 1630 1631
f 1667 1665 1687
f 1687 1686 1684
f 1687 1684 1673
f 1666 1667 1687
f 3096 3103 3102
f 3096 3102 3101
f 3098 3097 3096
f 3100 3099 3098
f 3096 3101 3100
f 3097 1660 1655
f 1656 1669 3105
f 3097 1655 1656
f 3104 3096 3097
f 1656 3105 3104
f 3103 3096 3104
f 1682 3107 3105
f 1686 1687 3128
f 1686 3128 3163
f 3161 3113 1686
f 1686 3163 3162
f 3113 3161 3164
f 3137 3165 3163
f 3163 3128 3133
f 3137 3138 3166
f 3167 3169 3168
f 3164 3161 3162
f 3167 3168 3164
f 3167 3171 3170
f 3121 3118 3168
f 3169 3170 3125
f 3121 3168 3169
f 3192 3191 3122
f 3193 3194 3127
f 3127 3125 3170
f 3101 3102 3122
f 3191 3195 3101
f 3190 3100 3101
f 3195 3196 3190
f 3193 3198 3197
f 3196 3195 3191
f 3193 3197 3196
f 3194 3193 3196
f 3196 3191 3192
f 3193 3170 3171
f 3189 3146 3145
f 3145 3099 3100
f 3145 3100 3190
f 3188 3189 3145
f 3139 3146 3189
f 3189 3166 3138
f 3263 3262 3260
f 3256 3257 3270
f 3273 3272 3256
f 1935 1939 1938
f 1937 1936 1935
f 1940 1949 1948
f 1948 1947 1946
f 1945 1944 1943
f 1948 1946 1945
f 1941 1940 1948
f 1945 1943 1942
f 1942 1941 1948
f 1940 1938 1939
f 1945 1946 1950
f 1965 1964 1963
f 2012 2019 2018
f 2012 2018 2017
f 2014 2013 2012
f 2016 2015 2014
f 2012 2017 2016
f 2016 2017 2021
f 2023 2027 2026
f 2020 2014 2015
f 2023 2026 2020
f 2025 2024 2023
f 2020 2015 2025
f 2027 2023 2029
f 2029 2034 2033
f 2032 2028 2029
f 2022 2021 1951
f 2044 1935 1936
f 1944 2047 2046
f 2046 1952 1943
f 2045 1936 1937
f 1938 2049 2030
f 2031 2048 1937
f 1938 2030 2031
f 2016 1946 1947
f 1947 2025 2015
f 2018 2047 1944
f 1944 1945 2017
f 2017 1945 1951
f 1946 2016 2022
f 2023 2024 1948
f 1949 1939 2029
f 2023 1948 1949
f 2025 1947 1948
f 2034 2029 1939
f 1939 1935 2044
f 1952 2046 2051
f 1952 2051 2010
f 2050 1942 1952
f 1952 2010 2011
f 1940 1941 2052
f 2052 2049 1938
f 1942 2050 2052
f 2080 989 993
f 993 1001 2078
f 2082 988 989
f 2109 2108 2107
f 2124 2129 2127
f 2185 2188 2187
f 2187 2186 2182
f 2179 2185 2187
f 2189 2188 2185
f 2185 2177 2178
f 2194 2193 2192
f 2246 2245 2239
f 2247 2238 2239
f 2243 2248 2246
f 2243 2238 2247
f 2248 2247 2245
f 2326 2325 2324
f 2327 2324 2194
f 2326 2327 2195
f 2324 2325 2193
f 2332 2331 2330
f 2337 2336 2335
f 2338 2335 2332
f 2337 2338 2333
f 2335 2336 2331
f 2045 2048 2346
f 2345 2344 2343
f 2045 2346 2345
f 2345 2343 2342
f 2350 2349 2348
f 2354 2353 2352
f 2350 2353 2354
f 2354 2356 2357
f 2357 2033 2034
f 2349 2350 2354
f 2357 2034 2349
f 2353 2350 2359
f 2359 2358 2352
f 2034 2044 2361
f 2361 2360 2349
f 2359 2350 2351
f 2360 2359 2362
f 2349 2360 2363
f 2351 2348 2363
f 2044 2045 2342
f 2364 2361 2044
f 2364 2343 2358
f 2364 2358 2359
f 2360 2361 2364
f 2372 2371 2082
f 2384 2372 2080
f 2371 2372 2384
f 2081 2078 2385
f 2387 2391 2390
f 2390 2389 2388
f 2393 2391 2387
f 2395 2396 2392
f 2392 2388 2398
f 2397 2395 2392
f 2398 2388 2389
f 2404 2403 2399
f 2398 2389 2404
f 2402 2398 2404
f 2404 2399 2400
f 2405 2409 2408
f 2407 2406 2405
f 2410 2412 2405
f 2405 2406 2411
f 2413 2412 2410
f 2410 2414 2355
f 2355 2352 2413
f 2390 2416 2417
f 2417 2404 2389
f 2418 2419 2403
f 2403 2404 2417
f 2415 2418 2403
f 2358 2343 2421
f 2421 2419 2418
f 2420 2358 2421
f 2421 2422 2399
f 2399 2403 2419
f 2421 2343 2344
f 2416 2390 2391
f 2409 2405 2415
f 2416 2391 2409
f 2413 2420 2418
f 2418 2415 2405
f 2412 2413 2418
f 2413 2352 2358
f 2409 2425 2424
f 2423 2408 2409
f 2425 2409 2391
f 2508 2513 2512
f 2512 2511 2510
f 2509 2508 2512
f 2514 2513 2508
f 2508 2189 2178
f 2515 2510 2511
f 2511 2517 2516
f 2046 2533 2531
f 2046 2531 2530
f 2532 2051 2046
f 2534 2536 2535
f 2535 2018 2019
f 2538 2533 2046
f 2538 2047 2018
f 2539 2544 2543
f 2542 2541 2540
f 2539 2543 2542
f 2545 2548 2547
f 2546 1963 1964
f 2545 2547 2546
f 2564 2563 2562
f 2566 2570 2569
f 2563 2564 2568
f 2566 2569 2563
f 2568 2567 2566
f 2573 2572 2535
f 2574 2576 2571
f 2571 2568 2564
f 2564 2575 2574
f 2535 2572 2576
f 2576 2574 2577
f 2578 2584 2583
f 2583 2582 2581
f 2581 2580 2579
f 2579 2578 2583
f 2578 2164 2161
f 2586 2588 2587
f 2587 2569 2570
f 2597 2601 2600
f 2600 2599 2598
f 2600 2601 2515
f 2515 2516 2602
f 2599 2607 2606
f 2606 2605 2598
f 2611 2605 2606
f 2606 2613 2612
f 2259 2612 2613
f 2613 2614 2258
f 2613 2618 2617
f 2613 2606 2607
f 2607 2625 2618
f 2629 2603 2604
f 2628 2626 2629
f 2627 2630 2517
f 2512 2629 2626
f 2626 2627 2511
f 2602 2516 2517
f 2633 2632 2631
f 2632 2633 2636
f 2636 2635 2634
f 2636 2633 2609
f 2627 2628 2637
f 2637 2631 2632
f 2632 2634 2630
f 2630 2627 2637
f 2618 2625 2635
f 2635 2636 2616
f 2620 2618 2635
f 2616 2636 2610
f 2638 2615 2616
f 2637 2641 2640
f 2639 2608 2609
f 2637 2640 2639
f 2639 2609 2631
f 2637 2628 2604
f 2635 2625 2607
f 2602 2630 2634
f 2634 2635 2599
f 2600 2602 2634
f 2642 2647 2646
f 2646 2645 2644
f 2644 2643 2642
f 2647 2642 2166
f 2578 2579 2646
f 2647 2167 2164
f 2578 2646 2647
f 2646 2579 2580
f 2580 2585 2645
f 2170 2649 2583
f 2584 2161 2170
f 2583 2649 2650
f 2650 2590 2582
f 2644 2645 2587
f 2540 2541 2581
f 2582 2589 2540
f 2539 2540 2589
f 2539 2589 2590
f 2696 2697 2539
f 2594 2696 2539
f 2539 2590 2686
f 2539 2686 2687
f 2593 2594 2539
f 2585 2581 2541
f 2541 2542 2569
f 2587 2585 2541
f 2565 2562 2698
f 2700 2575 2564
f 2569 2542 2543
f 2543 2702 2563
f 2701 2564 2565
f 2563 2702 2698
f 2702 2701 2699
f 2702 2543 2544
f 2704 2705 2706
f 2702 2544 2704
f 2706 2700 2701
f 2701 2702 2704
f 2538 2708 2707
f 2709 2706 2705
f 2705 2703 2708
f 2708 2538 2709
f 2668 2671 2707
f 2668 2707 2708
f 2704 2670 2668
f 2668 2708 2703
f 2531 2533 2707
f 2709 2577 2574
f 2574 2575 2700
f 2706 2709 2574
f 2709 2538 2535
f 2704 2544 2539
f 2704 2539 2697
f 2681 2670 2704
f 2715 2718 2506
f 2506 2507 2717
f 2717 2716 2715
f 2506 2718 2183
f 2432 2347 2506
f 2176 2177 2719
f 2514 2178 2176
f 2185 2179 2715
f 2716 2719 2177
f 2185 2715 2716
f 2722 2724 2723
f 2723 2603 2629
f 2717 2724 2722
f 2722 2720 2719
f 2514 2720 2722
f 2722 2629 2512
f 2513 2514 2722
f 2526 2527 2723
f 2724 2717 2507
f 2526 2723 2724
f 2528 2603 2723
f 2727 2731 2730
f 2730 2729 2728
f 2732 2737 2736
f 2735 2734 2733
f 2732 2736 2735
f 2739 2742 2729
f 2730 2741 2740
f 2739 2729 2730
f 2732 2745 2744
f 2743 2737 2732
f 2725 2746 2748
f 2393 2392 2751
f 2750 2732 2733
f 2393 2751 2750
f 2187 2757 2756
f 2756 2755 2186
f 2740 2756 2757
f 2759 2758 2755
f 2186 2755 2758
f 2149 2150 2760
f 2762 2148 2149
f 2763 2766 2741
f 2741 2730 2765
f 2765 2764 2763
f 2731 2749 2748
f 2748 2765 2730
f 2748 2746 2769
f 2767 2765 2748
f 2762 2761 2763
f 2764 2767 2768
f 2762 2763 2764
f 2768 2772 2762
f 2756 2740 2741
f 2741 2766 2759
f 2734 2735 2424
f 2734 2425 2393
f 2396 2776 2754
f 2754 2752 2751
f 2751 2392 2396
f 2779 2781 2750
f 2752 2753 2779
f 2732 2750 2781
f 2801 2797 2798
f 2798 1986 1987
f 2802 2801 2798
f 2801 2731 2727
f 2801 2802 2804
f 2803 2749 2731
f 2801 2804 2803
f 1987 1993 2804
f 2799 2803 2804
f 2804 1993 2805
f 2800 2799 2804
f 2803 2799 2725
f 2823 2781 2779
f 2779 2127 2129
f 2781 2823 2824
f 2108 2109 2826
f 2108 2826 2825
f 2823 2129 2124
f 2124 2108 2825
f 2824 2823 2124
f 2546 2827 1966
f 2547 2825 2826
f 2827 2546 2547
f 2824 2828 2744
f 2825 2547 2548
f 2824 2825 2830
f 2826 2109 2110
f 2110 2831 2827
f 2831 1965 1966
f 1865 1866 2805
f 5412 5416 5405
f 5415 5414 5413
f 5412 5405 5415
f 5422 5424 5421
f 5421 5417 5423
f 5486 5485 5484
f 5482 5486 5483
f 5483 5487 5481
f 5487 5489 5488
f 5488 5479 5480
f 5481 5487 5488
f 5485 5493 5492
f 5485 5492 5491
f 5490 5484 5485
f 5491 5492 5494
f 5479 5488 5497
f 5496 5441 5442
f 5479 5497 5496
f 5493 5410 5411
f 5499 5498 5494
f 5493 5411 5499
f 5499 5494 5492
f 5500 5495 5494
f 5497 5488 5489
f 5499 5502 5500
f 5503 5496 5497
f 5422 5505 5504
f 5502 5499 5411
f 5422 5504 5502
f 5502 5411 5424
f 5503 5505 5422
f 5423 5441 5496
f 5503 5422 5423
f 5502 5491 5495
f 5487 5503 5501
f 5484 5490 5504
f 5505 5503 5487
f 5484 5504 5505
f 5505 5487 5483
f 5491 5502 5504
f 5508 5507 5506
f 5512 5511 5510
f 5515 5514 5508
f 5519 5518 5517
f 5514 5515 5516
f 5516 5520 5517
f 5521 5514 5516
f 5522 5518 5519
f 5524 5512 5513
f 5522 5523 5524
f 5525 5511 5512
f 5524 5437 5434
f 5525 5512 5524
f 5526 5406 5408
f 5526 5408 5516
f 5509 5506 5526
f 5526 5516 5515
f 5527 5526 5506
f 5525 5528 5510
f 5529 5415 5405
f 5405 5406 5526
f 5405 5526 5527
f 5530 5529 5405
f 5414 5415 5529
f 5528 5525 5434
f 5414 5529 5528
f 5528 5522 5513
f 5514 5527 5507
f 5529 5530 5521
f 5529 5521 5517
f 5522 5528 5529
f 5529 5517 5518
f 5527 5514 5521
f 2010 535 524
f 2030 624 617
f 2083 987 988
f 2174 541 542
f 2181 2180 2179
f 2184 2183 596
f 2191 2190 604
f 2340 600 601
f 2346 614 613
f 601 604 2190
f 2345 613 600
f 2191 603 624
f 2031 617 614
f 2083 2082 2371
f 2381 2380 2379
f 2083 2371 2381
f 2381 2379 2378
f 2172 2173 2383
f 2383 2375 2382
f 552 557 2401
f 2400 564 565
f 556 550 2395
f 2395 2397 559
f 542 552 2394
f 557 564 2400
f 562 559 2397
f 2397 2402 565
f 2174 2395 550
f 495 2519 2518
f 2524 523 536
f 2530 530 531
f 2011 524 523
f 2530 2519 495
f 497 530 2530
f 507 492 2518
f 2518 2525 536
f 2532 531 535
f 2549 2553 2552
f 2552 2172 2382
f 2552 2382 2551
f 2550 2549 2552
f 2555 2559 2558
f 2558 2553 2549
f 2558 2549 2554
f 2556 2555 2558
f 2558 2554 2557
f 2379 2380 2559
f 2559 2555 2560
f 2561 2379 2559
f 2183 2718 593
f 2715 2179 2180
f 2560 587 593
f 2560 593 2718
f 2715 2561 2560
f 587 2560 2556
f 581 2556 2557
f 2551 2181 2182
f 2761 2760 2184
f 2184 594 544
f 2758 2759 2766
f 2766 2550 2551
f 2763 2761 544
f 577 2557 2554
f 2763 545 578
f 578 2554 2550
f 2766 2763 578
f 1796 1793 2383
f 4356 4361 4360
f 4356 4360 4359
f 4358 4357 4356
f 4482 4361 4356
f 4504 4507 4482
f 4482 4483 4506
f 4505 4504 4482
f 4510 4509 4508
f 4514 4513 4512
f 4514 4515 4517
f 4517 4516 4510
f 4511 4514 4517
f 4518 4519 4512
f 4518 4512 4513
f 4508 4509 4518
f 4522 4521 4520
f 4523 4520 4524
f 4504 4505 4526
f 4524 4527 4358
f 4526 4505 4506
f 4506 4357 4358
f 4527 4526 4506
f 4483 4356 4357
f 4521 4529 4528
f 4520 4528 4527
f 4530 4522 4523
f 4523 4525 4526
f 4526 4527 4528
f 4531 4528 4529
f 4530 4529 4521
f 4360 4507 4504
f 4360 4504 4525
f 4524 4359 4360
f 4507 4360 4361
f 4540 4551 4509
f 4509 4510 4539
f 4513 4558 4557
f 4554 4553 4516
f 4555 4558 4513
f 4557 4556 4511
f 4553 4539 4510
f 4511 4556 4555
f 4548 4549 4515
f 4549 4554 4517
f 4519 4518 4552
f 4551 4552 4518
f 4559 4548 4512
f 4565 4564 360
f 4567 4566 393
f 4577 4578 404
f 4573 4570 407
f 4571 4576 410
f 394 404 4578
f 411 393 4566
f 403 410 4576
f 408 407 4570
f 4583 4582 386
f 4595 4597 389
f 4590 4591 378
f 4599 4594 377
f 376 386 4582
f 381 378 4591
f 387 377 4594
f 380 389 4597
f 4601 4556 4557
f 355 360 4564
f 347 346 4606
f 4555 4556 4601
f 4614 4615 363
f 4609 4610 358
f 4618 4621 370
f 4620 4617 365
f 353 363 4615
f 368 358 4610
f 4617 4614 367
f 366 370 4621
f 354 355 4605
f 351 354 4608
f 340 351 4616
f 4624 4623 332
f 4557 4558 4625
f 4558 4555 4607
f 4627 4626 327
f 335 334 4630
f 335 4630 4629
f 4606 346 335
f 335 4629 4628
f 334 340 4622
f 4639 4635 343
f 4633 4637 337
f 328 332 4623
f 341 327 4626
f 338 337 4637
f 4635 4633 339
f 5208 5207 5206
f 5211 5210 5208
f 5034 5033 5212
f 5206 5207 5183
f 5192 5183 5207
f 5192 5208 5210
f 5212 5033 5037
f 5192 5210 5212
f 5209 5206 5184
f 5209 5195 5036
f 5036 5034 5213
f 5211 5209 5036
f 5227 5230 5225
f 6071 6072 5033
f 6066 6071 5034
f 6072 6067 5037
f 604 6220 6219
f 596 6222 6221
f 541 6224 6223
f 600 6251 6252
f 614 6248 6249
f 6244 617 624
f 624 6246 6243
f 6249 6251 600
f 6252 6220 604
f 6244 6248 614
f 6219 6246 624
f 6271 6264 557
f 564 6262 6263
f 6269 6272 550
f 556 559 6268
f 6269 550 556
f 6223 6271 552
f 6264 6262 564
f 6267 6268 559
f 562 565 6263
f 6267 559 562
f 541 550 6272
f 544 6275 6274
f 587 6283 6282
f 6286 581 577
f 577 578 6284
f 594 6221 6275
f 545 6274 6284
f 6282 6222 596
f 581 6286 6283
f 492 6311 6312
f 530 6324 6325
f 6329 524 535
f 535 6330 6333
f 523 6327 6331
f 497 495 6312
f 6314 6324 530
f 497 6312 6314
f 6329 6327 523
f 6325 6330 535
f 6318 6311 492
f 507 536 6331
f 6318 492 507
f 363 201 203
f 6378 6377 351
f 332 177 178
f 4625 6380 6379
f 404 236 234
f 393 230 231
f 407 240 245
f 410 239 237
f 231 236 404
f 245 230 393
f 234 239 410
f 237 240 407
f 358 233 200
f 370 208 209
f 365 205 206
f 200 201 363
f 209 233 358
f 365 367 203
f 206 208 370
f 347 360 6381
f 6384 6383 355
f 6383 6384 6386
f 6385 6381 6383
f 6379 6382 6381
f 6377 6378 6380
f 6386 6384 6377
f 4607 6386 6380
f 6379 6385 4601
f 6381 360 355
f 4601 6385 6386
f 6377 6384 354
f 377 222 224
f 180 328 327
f 386 212 213
f 378 221 217
f 389 218 219
f 213 221 378
f 224 212 386
f 217 218 389
f 219 222 377
f 181 339 337
f 6380 6378 6388
f 6388 6387 6382
f 6379 6380 6388
f 6387 6388 334
f 335 346 6387
f 6378 340 334
f 6387 346 347
f 187 341 343
f 188 327 341
f 177 332 328
f 189 343 339
f 183 337 338
f 2069 992 987
f 2084 1791 983
f 983 984 2072
f 2071 985 986
f 2083 2378 2377
f 2376 2375 2374
f 2083 2377 2376
f 2373 2068 2069
f 2069 2083 2376
f 2376 2374 2373
f 2181 2376 2377
f 2181 2382 2375
f 2180 2377 2378
f 2068 2373 2140
f 2140 2084 2072
f 2140 2072 2071
f 2070 2068 2140
f 2141 2140 2373
f 2383 2141 2374
f 1792 1791 2084
f 1793 1794 2141
f 4984 4986 4987
f 4987 4982 4983
f 5456 5462 4987
f 5458 5463 5462
f 5463 5458 5459
f 5459 5466 5465
f 5465 5464 5463
f 1599 2942 2945
f 1595 2968 2971
f 1590 2857 2980
f 4146 4154 4156
f 4112 4169 4170
f 4221 4188 4181
f 3916 4215 4196
f 4373 4344 4352
f 4428 4427 4425
f 4425 4423 4419
f 4844 4845 3821
f 5099 5098 5097
f 5213 5212 5210
f 5324 5231 5233
f 5098 5324 5325
f 5097 5325 5233
f 5231 5324 5098
f 3058 3057 3053
f 3083 3084 3056
f 3053 3057 3083
f 3222 3221 3220
f 3226 3225 3224
f 3241 3240 3239
f 3243 3216 3217
f 3239 3240 3233
f 3233 3215 3216
f 3243 3239 3233
f 3234 3236 3241
f 3234 3241 3242
f 3217 3213 3234
f 3234 3242 3244
f 3143 3141 3233
f 3143 3233 3240
f 3241 3236 3143
f 3131 3212 3211
f 3062 3060 3061
f 3094 3090 3091
f 3151 3156 3155
f 3154 3153 3152
f 3151 3155 3154
f 6397 6402 6401
f 6400 6399 6398
f 6397 6401 6400
f 6403 6395 6396
f 6623 6617 6618
f 6625 6614 6613
f 6626 6621 6622
f 6625 6613 6626
f 3159 3158 3157
f 3150 3159 3160
f 3158 3155 3156
f 6402 6411 6410
f 3242 3239 3243
f 3227 3230 3237
f 3223 3238 3229
f 3773 3772 3804
f 3810 3774 3775
f 4998 4995 3773
f 3775 4999 5000
f 5753 5751 5750
f 6157 6158 6159
f 3632 3279 3280
f 3280 3634 3633
f 3637 3636 3635
f 3646 3655 3654
f 3642 3641 3658
f 3662 3661 3660
f 3658 3641 3639
f 3639 3656 3664
f 3639 3664 3660
f 3661 3658 3639
f 3656 3639 3640
f 3665 3660 3664
f 3664 3667 3654
f 3666 3665 3664
f 3669 3668 3658
f 3669 3665 3666
f 3666 3648 3643
f 3668 3669 3666
f 3668 3643 3644
f 3671 3665 3669
f 3669 3661 3662
f 3658 3668 3670
f 3663 3660 3665
f 3655 3673 3666
f 3647 3648 3666
f 3676 3632 3633
f 3635 3636 3651
f 3676 3633 3635
f 3675 3676 3635
f 3635 3651 3645
f 3635 3645 3654
f 3667 3675 3635
f 3268 3279 3632
f 3632 3676 3266
f 3743 3739 3683
f 3685 3281 3282
f 3745 3744 3685
f 3744 3633 3634
f 3744 3743 3635
f 3635 3743 3684
f 3744 3745 3747
f 3746 3736 3739
f 3744 3747 3746
f 3746 3739 3743
f 3745 3282 3731
f 3686 3746 3747
f 3747 3731 3693
f 3692 3686 3747
f 3686 3687 3736
f 3769 3764 3772
f 3768 3775 3774
f 3786 3790 3789
f 3789 3788 3787
f 3786 1676 1677
f 3789 3777 3778
f 3778 3758 3759
f 3788 3789 3778
f 3776 3777 3789
f 3790 1677 1678
f 3776 3789 3790
f 3788 3759 3754
f 3754 3755 3780
f 3787 3788 3754
f 3763 3802 3800
f 3797 3762 3763
f 3792 3794 3807
f 3807 3771 3766
f 1572 1573 3814
f 3813 3812 1572
f 1575 3815 3814
f 4884 4890 4889
f 4888 4887 4886
f 4884 4889 4888
f 4886 4885 4884
f 4891 4897 4896
f 4896 4895 4894
f 4893 4892 4891
f 4896 4894 4893
f 4964 4966 4965
f 4965 4937 4933
f 4959 4963 4965
f 4969 4964 4933
f 4886 4969 4938
f 4971 4972 4958
f 4958 4959 4966
f 4966 4964 4969
f 4967 4971 4958
f 4966 4969 4967
f 4995 4994 3769
f 4978 4979 4990
f 4993 4988 4985
f 4978 4990 4993
f 4996 4946 4954
f 4954 4988 4993
f 4980 4943 4944
f 4980 4944 4989
f 4990 4979 4980
f 4991 4999 3775
f 5445 5444 5443
f 5447 5452 5451
f 5451 5450 5449
f 5448 5447 5451
f 5447 4893 4894
f 5285 5448 5449
f 5446 5443 5251
f 5285 5449 5446
f 5446 5251 5252
f 5447 5448 5285
f 5285 4892 4893
f 5451 5454 5453
f 5453 5444 5445
f 5450 5451 5453
f 5455 5454 5451
f 5452 4894 4895
f 5455 5451 5452
f 5255 5256 5468
f 5468 5467 5266
f 5471 5470 5469
f 5461 5474 5473
f 5470 5471 5460
f 5461 5473 5470
f 5475 5474 5461
f 5457 4887 4888
f 5475 5461 5457
f 5476 5293 5273
f 5273 5270 5472
f 5273 5472 5469
f 5477 5476 5273
f 5291 5293 5476
f 5478 4889 4890
f 5291 5476 5478
f 5475 5478 5476
f 5476 5477 5473
f 5474 5475 5476
f 5475 4888 4889
f 5266 5467 5460
f 5266 5460 5471
f 5472 5270 5267
f 5267 5266 5471
f 5256 5251 5443
f 5444 5453 5468
f 5256 5443 5444
f 5647 5650 5809
f 5806 5807 5646
f 5647 5809 5806
f 5651 5833 5809
f 5652 5838 5833
f 5844 5843 5842
f 5842 5847 5846
f 5850 5849 5848
f 5849 5848 5852
f 5854 5856 5855
f 5855 5850 5851
f 5840 5856 5854
f 5854 5857 5585
f 5839 5840 5854
f 5843 5855 5856
f 5847 5842 5856
f 5856 5840 5841
f 5888 5891 5871
f 5871 5867 5890
f 5889 5888 5871
f 5890 5867 5838
f 5848 5849 5870
f 5871 5891 5928
f 5935 5844 5845
f 5931 5932 5936
f 5936 5845 5846
f 5936 5846 5937
f 5934 5931 5936
f 5587 5588 5962
f 5962 5960 5958
f 5961 5587 5962
f 5963 5959 5941
f 5853 5852 5965
f 5968 5954 5853
f 5963 5938 5939
f 5962 5969 5952
f 5962 5952 5943
f 5960 5962 5943
f 5944 5941 5959
f 5960 5943 5944
f 5970 5969 5962
f 5962 5588 5589
f 5971 5970 5962
f 5975 5961 5958
f 5957 5955 5956
f 5975 5958 5957
f 5587 5961 5975
f 5587 5975 5972
f 5973 5586 5587
f 5976 5975 5956
f 5948 5949 5976
f 5972 5975 5976
f 5976 5977 5974
f 5983 5982 5981
f 5985 5987 5976
f 5976 5949 5950
f 5986 5985 5976
f 5979 5977 5976
f 5988 5978 5979
f 5987 5985 5981
f 5988 5979 5987
f 5950 5951 5982
f 5982 5983 5989
f 5990 5985 5986
f 5985 5990 5984
f 5989 5983 5984
f 5952 5969 5988
f 5952 5988 5981
f 5982 5951 5952
f 5988 5969 5970
f 5980 5978 5988
f 6102 6096 4896
f 4943 4980 6097
f 6098 6104 6105
f 6105 6109 6101
f 6100 6098 6105
f 3813 6130 6128
f 3815 6104 6098
f 6130 3813 3814
f 3815 6098 6130
f 6096 6102 6128
f 3802 3801 3799
f 3795 3808 3807
f 4942 4835 4836
f 4835 4942 4945
f 4945 4944 4943
f 4834 4835 4945
f 4945 4948 4947
f 4947 4946 4944
f 4949 4947 4948
f 4953 4952 4951
f 4949 4948 4953
f 4953 4951 4950
f 4947 4949 4955
f 4955 4954 4946
f 4957 4956 4951
f 4956 4957 4962
f 4962 4961 4960
f 4959 4958 4956
f 4962 4960 4959
f 4902 4903 4960
f 4960 4903 4904
f 4904 4940 4963
f 4963 4959 4960
f 4961 5083 5105
f 5316 5315 5312
f 5083 4961 4962
f 4962 5311 5312
f 5312 5315 5317
f 5317 5314 5083
f 5083 4962 5312
f 5366 5365 5367
f 4962 4957 5369
f 5369 5371 5370
f 5370 5313 5311
f 4957 4952 5372
f 5372 5371 5369
f 4952 4953 5374
f 5374 5373 5372
f 5376 5375 5373
f 5375 5376 5368
f 5368 5367 5377
f 5363 5385 5384
f 5384 5383 5382
f 5390 5396 5395
f 5395 5394 5393
f 5395 5393 5392
f 5391 5390 5395
f 5393 5394 5399
f 5399 5398 5397
f 5391 5402 5401
f 5401 5400 5390
f 5403 5401 5402
f 5406 5405 5404
f 5403 5402 5406
f 5407 5408 5406
f 5402 5391 5392
f 5407 5406 5402
f 5407 5392 5393
f 5393 5397 5409
f 5398 5411 5410
f 5409 5397 5398
f 5363 5361 5425
f 5425 5424 5411
f 5398 5399 5385
f 5425 5411 5398
f 5385 5363 5425
f 5426 5430 5332
f 5332 5333 5429
f 5428 5427 5426
f 5332 5429 5428
f 5429 5333 5334
f 5334 5433 5432
f 5431 5429 5334
f 4941 5426 5427
f 5431 5432 5414
f 4945 4942 5427
f 5427 5428 5435
f 5435 5428 5429
f 5429 5431 5434
f 5434 5437 5436
f 5436 5435 5429
f 4948 4945 5435
f 5435 5436 5439
f 5368 5376 5441
f 5441 5423 5440
f 4953 4948 5438
f 5376 5374 5438
f 5439 5442 5441
f 5376 5438 5439
f 5545 5418 5413
f 5545 5413 5414
f 5433 5546 5545
f 5545 5414 5432
f 5547 5440 5423
f 5417 5418 5545
f 5547 5423 5417
f 5440 5547 5366
f 5551 5552 5404
f 5551 5404 5405
f 5416 5419 5551
f 5362 5553 5425
f 5554 5548 5549
f 5549 5552 5551
f 5548 5554 5555
f 5364 5550 5555
f 5555 5553 5362
f 5419 5420 5555
f 5555 5554 5551
f 5553 5555 5420
f 5421 5424 5425
f 5553 5420 5421
f 5403 5404 5552
f 5557 5556 5332
f 5558 5396 5390
f 5390 5328 5329
f 5329 5561 5560
f 5556 5557 5564
f 5564 5563 5562
f 4820 303 304
f 304 5572 5571
f 5571 5570 5569
f 5569 4820 304
f 5600 5599 5598
f 5599 5600 5602
f 5385 5399 5598
f 5385 5598 5599
f 5604 5384 5385
f 5603 5605 5604
f 5385 5599 5603
f 5876 5558 5560
f 5560 5878 5877
f 5879 5881 5876
f 5876 5877 5880
f 5882 5883 5395
f 5396 5558 5876
f 5882 5395 5396
f 5876 5881 5882
f 5395 5883 5884
f 5872 5873 5601
f 5395 5884 5872
f 5598 5399 5394
f 5394 5395 5872
f 5872 5601 5598
f 5907 5872 5884
f 5917 5920 5919
f 5919 5914 5910
f 5918 5917 5919
f 5905 5908 5921
f 5921 5920 5917
f 5920 5921 5882
f 5881 5879 5913
f 5920 5882 5881
f 5913 5919 5920
f 5882 5921 5908
f 5908 5884 5883
f 5922 5918 5910
f 5910 5911 5923
f 5917 5918 5922
f 5916 5904 5905
f 5917 5922 5916
f 5579 5580 5925
f 5925 5924 5923
f 5923 5911 5579
f 5923 5924 5898
f 5898 5916 5922
f 5926 5927 5925
f 5925 5580 5581
f 5925 5927 5894
f 5894 5895 5897
f 5894 5897 5898
f 5924 5925 5894
f 5581 5575 5583
f 5583 5584 5926
f 5926 5584 5585
f 5585 5857 5894
f 5927 5926 5585
f 5570 5583 5575
f 5560 5561 5992
f 6104 5564 5557
f 5557 5430 6108
f 5557 6108 6107
f 6105 6104 5557
f 5557 6107 6106
f 6108 5426 4941
f 4941 4836 6107
f 6124 6126 6125
f 6125 5565 5563
f 6124 5563 5564
f 5564 6104 3815
f 6140 6139 6138
f 312 6138 6139
f 1576 310 311
f 311 6139 6140
f 6140 6126 6124
f 3815 1575 1576
f 6140 6124 3815
f 1576 311 6140
f 4523 4520 4528
f 4740 4747 4746
f 4745 4744 4743
f 4740 4746 4745
f 4741 4740 4745
f 4745 4743 4742
f 4742 4800 4792
f 4746 4794 4796
f 4795 4797 4743
f 4743 4749 4748
f 4750 4744 4745
f 4756 4746 4747
f 4741 4757 4753
f 4777 4776 4750
f 4709 4712 4778
f 4711 4710 4780
f 4767 4781 4756
f 4796 4777 4751
f 4776 4795 4744
f 4781 4794 4746
f 4799 4800 4742
f 4798 4799 4748
f 4797 4798 4749
f 4792 4793 4757
f 4793 4770 4753
f 4712 4716 4788
f 4717 4706 4784
f 4708 4709 4779
f 4710 4707 4789
f 4703 4704 4786
f 4706 4703 4783
f 4705 4701 4791
f 4701 4702 4766
f 6687 6686 6685
f 6699 6697 6698
f 6723 6720 6731
f 6721 6717 6734
f 6719 6716 6745
f 6716 6699 6700
f 6715 6718 6743
f 6717 6715 6746
f 6726 6727 6747
f 6724 6730 6741
f 6686 6724 6748
f 6727 6723 6732
f 296 291 4755
f 296 4755 4754
f 4752 289 292
f 292 296 4754
f 292 4754 4747
f 4753 4752 292
f 292 4747 4740
f 288 289 4752
f 288 4752 4765
f 4764 4698 4699
f 4699 288 4765
f 4775 4755 291
f 291 290 4700
f 4774 4775 291
f 4702 4698 4764
f 4767 4775 4774
f 4767 4774 4773
f 4768 4767 4773
f 4768 4773 4772
f 4769 4768 4772
f 4769 4772 4771
f 4764 4765 4770
f 4770 4769 4771
f 4766 4764 4770
f 4770 4765 4752
f 4755 4775 4767
f 4774 4700 4711
f 4785 4784 4783
f 4778 4788 4787
f 4780 4789 4772
f 4790 4791 4766
f 4770 4793 4792
f 4768 4794 4781
f 4796 4795 4776
f 4799 4798 4797
f 6700 6698 6744
f 6746 6743 6733
f 6742 6747 6732
f 6688 6685 6748
f 4787 4788 4785
f 4787 4785 4786
f 4771 4772 4789
f 4789 4787 4786
f 4790 4771 4789
f 6742 6731 6733
f 6742 6733 6743
f 6698 6688 6741
f 6741 6742 6743
f 6744 6698 6741
f 4794 4768 4769
f 4794 4769 4792
f 4797 4795 4796
f 4796 4794 4792
f 4800 4797 4796
f 4716 4717 4785
f 4786 4704 4705
f 4789 4707 4708
f 6697 6687 6688
f 6720 6721 6733
f 6741 6730 6726
f 6743 6718 6719
f 4878 4877 4879
f 4880 4813 4814
f 5004 5009 5008
f 5008 5007 5006
f 5006 5005 5004
f 5009 5008 5012
f 5011 5010 5009
f 5013 5003 5001
f 5001 5022 5021
f 5021 5020 5019
f 5021 5019 5018
f 5013 5001 5021
f 5016 5015 5014
f 5014 5013 5021
f 5021 5018 5017
f 5017 5016 5014
f 5023 5025 5017
f 5017 5018 5024
f 5027 5011 5010
f 5010 5030 5029
f 5029 5028 5027
f 5023 5027 5028
f 5028 5031 5025
f 5024 5032 5012
f 5012 5011 5027
f 5027 5023 5024
f 4812 5034 5033
f 5033 4880 4813
f 5034 5036 5035
f 5035 4811 4812
f 4880 4878 5039
f 5039 5038 5037
f 5033 4880 5039
f 5045 5041 5040
f 5045 5039 4878
f 4878 4872 5043
f 5043 5042 5041
f 5041 5045 4878
f 5046 5052 5051
f 5051 5050 5049
f 5048 5047 5046
f 5051 5049 5048
f 5055 5054 5053
f 5057 5063 5062
f 5062 5061 5060
f 5062 5060 5059
f 5056 5057 5062
f 5050 5051 5053
f 5053 5056 5062
f 5062 5059 5058
f 5058 5050 5053
f 5053 5051 5052
f 5052 5066 5065
f 5065 5064 5054
f 5054 5053 5052
f 5063 5044 5040
f 5063 5040 5042
f 5067 5062 5063
f 5068 5067 5063
f 5063 5042 5043
f 5043 4871 4870
f 5069 5068 5063
f 5043 4870 5069
f 5047 5046 5072
f 5072 5005 5004
f 5004 5071 5070
f 5070 5047 5072
f 5073 5075 5061
f 5061 5060 5074
f 5009 5004 5071
f 5071 5077 5030
f 5010 5009 5071
f 5417 5421 5420
f 5419 5412 5413
f 5417 5420 5419
f 5419 5413 5418
f 5519 5520 5485
f 5486 5482 5519
f 5523 5519 5482
f 5523 5482 5480
f 5439 5436 5524
f 5524 5523 5480
f 5479 5439 5524
f 5493 5485 5520
f 5516 5407 5409
f 5493 5520 5516
f 6395 6394 6393
f 6621 6620 6619
f 6394 6398 6399
f 6420 6419 6403
f 6611 6612 6613
f 6617 6615 6616
f 6620 6623 6624
f 6419 6421 6397
f 6419 6397 6398
f 6395 6403 6419
f 6419 6398 6394
f 6397 6421 6416
f 6413 6417 6406
f 6397 6416 6413
f 6402 6397 6413
f 6413 6406 6407
f 6621 6626 6628
f 6628 6615 6617
f 6628 6617 6623
f 6620 6621 6628
f 6613 6612 6628
f 6751 6750 6749
f 6749 6750 6753
f 6754 6753 6755
f 6751 6752 6756
f 6750 6751 6755
f 6752 6749 6754
f 6759 6758 6757
f 6763 6762 6761
f 6760 6763 6764
f 6757 6758 6761
f 6770 6769 6768
f 6759 6764 6771
f 6770 6772 6761
f 6771 6772 6766
f 6760 6757 6762
f 6767 6766 6765
f 6775 6774 6773
f 6779 6778 6777
f 6780 6775 6776
f 6778 6773 6774
f 6786 6785 6784
f 6779 6776 6787
f 6786 6788 6773
f 6787 6788 6782
f 6783 6782 6781
f 6791 6790 6789
f 6794 6793 6792
f 6794 6795 6775
f 6777 6774 6796
f 6796 6795 6790
f 6799 6798 6797
f 6805 6806 6808
f 6808 6798 6801
f 6811 6799 6800
f 6804 6805 6811
f 6816 6815 6807
f 6800 6797 6815
f 6803 6802 6801
f 6806 6805 6804
f 6797 6798 6813
f 6813 6806 6807
f 6818 6817 6809
f 6802 6818 6810
f 6818 6802 6803
f 6817 6803 6799
f 6821 6820 6819
f 6825 6824 6823
f 6823 6824 6820
f 6825 6826 6822
f 6824 6825 6819
f 6826 6823 6821
f 6829 6828 6827
f 6832 6831 6829
f 6834 6833 6831
f 6833 6834 6827
f 6834 6832 6830
f 6831 6833 6828
f 6837 6836 6835
f 6845 6844 6843
f 6839 6844 6845
f 6851 6849 6852
f 6843 6852 6849
f 6853 6837 6838
f 6841 6840 6839
f 6841 6835 6836
f 6847 6841 6842
f 6839 6840 6848
f 6851 6850 6846
f 6835 6847 6850
f 6853 6852 6843
f 6836 6837 6854
f 6857 6856 6855
f 6861 6860 6859
f 6859 6860 6856
f 6861 6862 6858
f 6862 6859 6857
f 6860 6861 6855
f 6865 6864 6863
f 6869 6868 6867
f 6871 6865 6866
f 6863 6864 6873
f 6871 6867 6868
f 6868 6873 6864
f 6864 6865 6871
f 6873 6868 6869
f 6867 6871 6872
f 6863 6874 6869
f 6869 6870 6872
f 6872 6866 6863
f 6877 6876 6875
f 6881 6880 6879
f 6879 6880 6876
f 6881 6882 6878
f 6880 6881 6875
f 6882 6879 6877
f 6885 6884 6883
f 6883 6884 6887
f 6887 6890 6889
f 6885 6886 6889
f 6886 6883 6888
f 6884 6885 6890
f 6893 6892 6891
f 6897 6896 6895
f 6895 6896 6893
f 6897 6898 6891
f 6898 6895 6894
f 6896 6897 6892
f 6901 6900 6899
f 6902 6899 6903
f 6903 6906 6905
f 6900 6901 6905
f 6901 6902 6904
f 6899 6900 6906
f 6909 6908 6907
f 6913 6912 6911
f 6907 6908 6912
f 6910 6907 6913
f 6909 6910 6914
f 6908 6909 6911
f 6917 6916 6915
f 6921 6920 6919
f 6916 6919 6920
f 6918 6921 6922
f 6928 6927 6926
f 6928 6929 6916
f 6922 6919 6930
f 6930 6929 6924
f 6921 6918 6915
f 6925 6924 6923
f 6933 6932 6931
f 6937 6936 6935
f 6939 6931 6937
f 6942 6935 6941
f 6943 6945 6946
f 6933 6941 6943
f 6941 6936 6945
f 6936 6932 6946
f 6932 6933 6944
f 6949 6948 6947
f 6949 6950 6942
f 6950 6947 6938
f 6948 6949 6939
f 6947 6948 6940
f 6953 6952 6951
f 6957 6956 6955
f 6954 6951 6958
f 6953 6954 6955
f 6952 6953 6956
f 6951 6952 6957
f 6961 6960 6959
f 6965 6964 6963
f 6962 6959 6966
f 6961 6962 6963
f 6960 6961 6964
f 6959 6960 6965
f 6969 6968 6967
f 6973 6972 6971
f 6970 6967 6974
f 6969 6970 6971
f 6968 6969 6972
f 6967 6968 6973
f 6977 6976 6975
f 6982 6979 6978
f 6981 6982 6975
f 6980 6981 6976
f 6979 6980 6977
f 6981 6980 6979
f 6985 6984 6983
f 6989 6988 6987
f 6986 6988 6989
f 6984 6990 6987
f 6996 6995 6994
f 6986 6983 6997
f 6996 6998 6987
f 6997 6998 6992
f 6985 6989 6990
f 6993 6992 6991
f 7001 7000 6999
f 7005 7004 7003
f 7006 7003 7002
f 7001 7004 7005
f 7004 7001 7002
f 7000 7005 7006
f 7009 7008 7007
f 7013 7012 7011
f 7013 7014 7010
f 7011 7012 7008
f 7012 7013 7007
f 7014 7011 7009
f 7017 7016 7015
f 7020 7021 7016
f 7015 7022 7019
f 7020 7017 7018
f 7016 7021 7022
f 7021 7020 7019
f 7025 7024 7023
f 7028 7032 7031
f 7035 7034 7033
f 7038 7036 7033
f 7035 7024 7025
f 7023 7042 7041
f 7029 7028 7027
f 7029 7037 7033
f 7030 7027 7036
f 7030 7038 7037
f 7025 7032 7028
f 7027 7031 7024
f 7032 7040 7039
f 7039 7040 7041
f 7032 7026 7041
f 7031 7039 7042
f 7045 7044 7043
f 7049 7048 7047
f 7053 7052 7051
f 7047 7044 7055
f 7057 7043 7048
f 7044 7047 7048
f 7051 7060 7059
f 7060 7049 7050
f 7056 7054 7059
f 7060 7051 7058
f 7061 7052 7053
f 7046 7061 7062
f 7046 7057 7052
f 7053 7055 7045
f 7065 7064 7063
f 7069 7068 7067
f 7066 7063 7069
f 7064 7065 7067
f 7065 7066 7070
f 7063 7064 7068
f 7073 7072 7071
f 7077 7076 7075
f 7077 7072 7073
f 7083 7077 7078
f 7075 7076 7084
f 7087 7086 7082
f 7072 7083 7086
f 7089 7088 7079
f 7073 7074 7090
f 7081 7080 7079
f 7075 7080 7081
f 7087 7085 7088
f 7079 7088 7085
f 7089 7074 7071
f 7093 7092 7091
f 7096 7095 7092
f 7098 7102 7100
f 7094 7091 7098
f 7095 7101 7100
f 7091 7095 7102
f 7101 7094 7099
f 7105 7104 7103
f 7106 7103 7097
f 7104 7105 7101
f 7103 7104 7096
f 7105 7106 7093
f 7109 7108 7107
f 7112 7111 7109
f 7115 7114 7113
f 7113 7118 7117
f 7107 7108 7119
f 7119 7114 7115
f 7121 7111 7112
f 7117 7118 7121
f 7111 7121 7123
f 7123 7119 7108
f 7121 7118 7125
f 7125 7114 7119
f 7122 7112 7126
f 7126 7107 7120
f 7127 7128 7117
f 7120 7115 7128
f 7131 7130 7129
f 7134 7133 7131
f 7136 7135 7129
f 7135 7136 7133
f 7135 7134 7132
f 7133 7136 7130
